=== mode=1d rank=2 split=test: /sdf/home/m/miaed/tmo_exp/tmo101347625/scratch/miaed_mnis_data/mrco_h5/test -> /sdf/home/m/miaed/tmo_exp/tmo101347625/scratch/miaed_mnis_data/mrco_h5_svd/1d_svd_r2_test ===
Processing 8192 groups: /sdf/home/m/miaed/tmo_exp/tmo101347625/scratch/miaed_mnis_data/mrco_h5/test/even-dist_Files.037_processed.h5 -> /sdf/home/m/miaed/tmo_exp/tmo101347625/scratch/miaed_mnis_data/mrco_h5_svd/1d_svd_r2_test/even-dist_Files.037_processed_svd1d_r2.h5
  [200/8192] done
  [400/8192] done
  [600/8192] done
  [800/8192] done
  [1000/8192] done
  [1200/8192] done
  [1400/8192] done
  [1600/8192] done
  [1800/8192] done
  [2000/8192] done
  [2200/8192] done
  [2400/8192] done
  [2600/8192] done
  [2800/8192] done
  [3000/8192] done
  [3200/8192] done
  [3400/8192] done
  [3600/8192] done
  [3800/8192] done
  [4000/8192] done
  [4200/8192] done
  [4400/8192] done
  [4600/8192] done
  [4800/8192] done
  [5000/8192] done
  [5200/8192] done
  [5400/8192] done
  [5600/8192] done
  [5800/8192] done
  [6000/8192] done
  [6200/8192] done
  [6400/8192] done
  [6600/8192] done
  [6800/8192] done
  [7000/8192] done
  [7200/8192] done
  [7400/8192] done
  [7600/8192] done
  [7800/8192] done
  [8000/8192] done
  [8192/8192] done
Wrote /sdf/home/m/miaed/tmo_exp/tmo101347625/scratch/miaed_mnis_data/mrco_h5_svd/1d_svd_r2_test/even-dist_Files.037_processed_svd1d_r2.h5
Processing 8192 groups: /sdf/home/m/miaed/tmo_exp/tmo101347625/scratch/miaed_mnis_data/mrco_h5/test/even-dist_Files.027_processed.h5 -> /sdf/home/m/miaed/tmo_exp/tmo101347625/scratch/miaed_mnis_data/mrco_h5_svd/1d_svd_r2_test/even-dist_Files.027_processed_svd1d_r2.h5
  [200/8192] done
  [400/8192] done
  [600/8192] done
  [800/8192] done
  [1000/8192] done
  [1200/8192] done
  [1400/8192] done
  [1600/8192] done
  [1800/8192] done
  [2000/8192] done
  [2200/8192] done
  [2400/8192] done
  [2600/8192] done
  [2800/8192] done
  [3000/8192] done
  [3200/8192] done
  [3400/8192] done
  [3600/8192] done
  [3800/8192] done
  [4000/8192] done
  [4200/8192] done
  [4400/8192] done
  [4600/8192] done
  [4800/8192] done
  [5000/8192] done
  [5200/8192] done
  [5400/8192] done
  [5600/8192] done
  [5800/8192] done
  [6000/8192] done
  [6200/8192] done
  [6400/8192] done
  [6600/8192] done
  [6800/8192] done
  [7000/8192] done
  [7200/8192] done
  [7400/8192] done
  [7600/8192] done
  [7800/8192] done
  [8000/8192] done
  [8192/8192] done
Wrote /sdf/home/m/miaed/tmo_exp/tmo101347625/scratch/miaed_mnis_data/mrco_h5_svd/1d_svd_r2_test/even-dist_Files.027_processed_svd1d_r2.h5
Processing 8192 groups: /sdf/home/m/miaed/tmo_exp/tmo101347625/scratch/miaed_mnis_data/mrco_h5/test/even-dist_Files.031_processed.h5 -> /sdf/home/m/miaed/tmo_exp/tmo101347625/scratch/miaed_mnis_data/mrco_h5_svd/1d_svd_r2_test/even-dist_Files.031_processed_svd1d_r2.h5
  [200/8192] done
  [400/8192] done
  [600/8192] done
  [800/8192] done
  [1000/8192] done
  [1200/8192] done
  [1400/8192] done
  [1600/8192] done
  [1800/8192] done
  [2000/8192] done
  [2200/8192] done
  [2400/8192] done
  [2600/8192] done
  [2800/8192] done
  [3000/8192] done
  [3200/8192] done
  [3400/8192] done
  [3600/8192] done
  [3800/8192] done
  [4000/8192] done
  [4200/8192] done
  [4400/8192] done
  [4600/8192] done
  [4800/8192] done
  [5000/8192] done
  [5200/8192] done
  [5400/8192] done
  [5600/8192] done
  [5800/8192] done
  [6000/8192] done
  [6200/8192] done
  [6400/8192] done
  [6600/8192] done
  [6800/8192] done
  [7000/8192] done
  [7200/8192] done
  [7400/8192] done
  [7600/8192] done
  [7800/8192] done
  [8000/8192] done
  [8192/8192] done
Wrote /sdf/home/m/miaed/tmo_exp/tmo101347625/scratch/miaed_mnis_data/mrco_h5_svd/1d_svd_r2_test/even-dist_Files.031_processed_svd1d_r2.h5
Processing 8192 groups: /sdf/home/m/miaed/tmo_exp/tmo101347625/scratch/miaed_mnis_data/mrco_h5/test/even-dist_Files.022_processed.h5 -> /sdf/home/m/miaed/tmo_exp/tmo101347625/scratch/miaed_mnis_data/mrco_h5_svd/1d_svd_r2_test/even-dist_Files.022_processed_svd1d_r2.h5
  [200/8192] done
  [400/8192] done
  [600/8192] done
  [800/8192] done
  [1000/8192] done
  [1200/8192] done
  [1400/8192] done
  [1600/8192] done
  [1800/8192] done
  [2000/8192] done
  [2200/8192] done
  [2400/8192] done
  [2600/8192] done
  [2800/8192] done
  [3000/8192] done
  [3200/8192] done
  [3400/8192] done
  [3600/8192] done
  [3800/8192] done
  [4000/8192] done
  [4200/8192] done
  [4400/8192] done
  [4600/8192] done
  [4800/8192] done
  [5000/8192] done
  [5200/8192] done
  [5400/8192] done
  [5600/8192] done
  [5800/8192] done
  [6000/8192] done
  [6200/8192] done
  [6400/8192] done
  [6600/8192] done
  [6800/8192] done
  [7000/8192] done
  [7200/8192] done
  [7400/8192] done
  [7600/8192] done
  [7800/8192] done
  [8000/8192] done
  [8192/8192] done
Wrote /sdf/home/m/miaed/tmo_exp/tmo101347625/scratch/miaed_mnis_data/mrco_h5_svd/1d_svd_r2_test/even-dist_Files.022_processed_svd1d_r2.h5
Processing 8192 groups: /sdf/home/m/miaed/tmo_exp/tmo101347625/scratch/miaed_mnis_data/mrco_h5/test/even-dist_Files.050_processed.h5 -> /sdf/home/m/miaed/tmo_exp/tmo101347625/scratch/miaed_mnis_data/mrco_h5_svd/1d_svd_r2_test/even-dist_Files.050_processed_svd1d_r2.h5
  [200/8192] done
  [400/8192] done
  [600/8192] done
  [800/8192] done
  [1000/8192] done
  [1200/8192] done
  [1400/8192] done
  [1600/8192] done
  [1800/8192] done
  [2000/8192] done
  [2200/8192] done
  [2400/8192] done
  [2600/8192] done
  [2800/8192] done
  [3000/8192] done
  [3200/8192] done
  [3400/8192] done
  [3600/8192] done
  [3800/8192] done
  [4000/8192] done
  [4200/8192] done
  [4400/8192] done
  [4600/8192] done
  [4800/8192] done
  [5000/8192] done
  [5200/8192] done
  [5400/8192] done
  [5600/8192] done
  [5800/8192] done
  [6000/8192] done
  [6200/8192] done
  [6400/8192] done
  [6600/8192] done
  [6800/8192] done
  [7000/8192] done
  [7200/8192] done
  [7400/8192] done
  [7600/8192] done
  [7800/8192] done
  [8000/8192] done
  [8192/8192] done
Wrote /sdf/home/m/miaed/tmo_exp/tmo101347625/scratch/miaed_mnis_data/mrco_h5_svd/1d_svd_r2_test/even-dist_Files.050_processed_svd1d_r2.h5
Processing 8192 groups: /sdf/home/m/miaed/tmo_exp/tmo101347625/scratch/miaed_mnis_data/mrco_h5/test/even-dist_Files.048_processed.h5 -> /sdf/home/m/miaed/tmo_exp/tmo101347625/scratch/miaed_mnis_data/mrco_h5_svd/1d_svd_r2_test/even-dist_Files.048_processed_svd1d_r2.h5
  [200/8192] done
  [400/8192] done
  [600/8192] done
  [800/8192] done
  [1000/8192] done
  [1200/8192] done
  [1400/8192] done
  [1600/8192] done
  [1800/8192] done
  [2000/8192] done
  [2200/8192] done
  [2400/8192] done
  [2600/8192] done
  [2800/8192] done
  [3000/8192] done
  [3200/8192] done
  [3400/8192] done
  [3600/8192] done
  [3800/8192] done
  [4000/8192] done
  [4200/8192] done
  [4400/8192] done
  [4600/8192] done
  [4800/8192] done
  [5000/8192] done
  [5200/8192] done
  [5400/8192] done
  [5600/8192] done
  [5800/8192] done
  [6000/8192] done
  [6200/8192] done
  [6400/8192] done
  [6600/8192] done
  [6800/8192] done
  [7000/8192] done
  [7200/8192] done
  [7400/8192] done
  [7600/8192] done
  [7800/8192] done
  [8000/8192] done
  [8192/8192] done
Wrote /sdf/home/m/miaed/tmo_exp/tmo101347625/scratch/miaed_mnis_data/mrco_h5_svd/1d_svd_r2_test/even-dist_Files.048_processed_svd1d_r2.h5
Processing 8192 groups: /sdf/home/m/miaed/tmo_exp/tmo101347625/scratch/miaed_mnis_data/mrco_h5/test/even-dist_Files.045_processed.h5 -> /sdf/home/m/miaed/tmo_exp/tmo101347625/scratch/miaed_mnis_data/mrco_h5_svd/1d_svd_r2_test/even-dist_Files.045_processed_svd1d_r2.h5
  [200/8192] done
  [400/8192] done
  [600/8192] done
  [800/8192] done
  [1000/8192] done
  [1200/8192] done
  [1400/8192] done
  [1600/8192] done
  [1800/8192] done
  [2000/8192] done
  [2200/8192] done
  [2400/8192] done
  [2600/8192] done
  [2800/8192] done
  [3000/8192] done
  [3200/8192] done
  [3400/8192] done
  [3600/8192] done
  [3800/8192] done
  [4000/8192] done
  [4200/8192] done
  [4400/8192] done
  [4600/8192] done
  [4800/8192] done
  [5000/8192] done
  [5200/8192] done
  [5400/8192] done
  [5600/8192] done
  [5800/8192] done
  [6000/8192] done
  [6200/8192] done
  [6400/8192] done
  [6600/8192] done
  [6800/8192] done
  [7000/8192] done
  [7200/8192] done
  [7400/8192] done
  [7600/8192] done
  [7800/8192] done
  [8000/8192] done
  [8192/8192] done
Wrote /sdf/home/m/miaed/tmo_exp/tmo101347625/scratch/miaed_mnis_data/mrco_h5_svd/1d_svd_r2_test/even-dist_Files.045_processed_svd1d_r2.h5
Processing 8192 groups: /sdf/home/m/miaed/tmo_exp/tmo101347625/scratch/miaed_mnis_data/mrco_h5/test/even-dist_Files.040_processed.h5 -> /sdf/home/m/miaed/tmo_exp/tmo101347625/scratch/miaed_mnis_data/mrco_h5_svd/1d_svd_r2_test/even-dist_Files.040_processed_svd1d_r2.h5
  [200/8192] done
  [400/8192] done
  [600/8192] done
  [800/8192] done
  [1000/8192] done
  [1200/8192] done
  [1400/8192] done
  [1600/8192] done
  [1800/8192] done
  [2000/8192] done
  [2200/8192] done
  [2400/8192] done
  [2600/8192] done
  [2800/8192] done
  [3000/8192] done
  [3200/8192] done
  [3400/8192] done
  [3600/8192] done
  [3800/8192] done
  [4000/8192] done
  [4200/8192] done
  [4400/8192] done
  [4600/8192] done
  [4800/8192] done
  [5000/8192] done
  [5200/8192] done
  [5400/8192] done
  [5600/8192] done
  [5800/8192] done
  [6000/8192] done
  [6200/8192] done
  [6400/8192] done
  [6600/8192] done
  [6800/8192] done
  [7000/8192] done
  [7200/8192] done
  [7400/8192] done
  [7600/8192] done
  [7800/8192] done
  [8000/8192] done
  [8192/8192] done
Wrote /sdf/home/m/miaed/tmo_exp/tmo101347625/scratch/miaed_mnis_data/mrco_h5_svd/1d_svd_r2_test/even-dist_Files.040_processed_svd1d_r2.h5
Processing 8192 groups: /sdf/home/m/miaed/tmo_exp/tmo101347625/scratch/miaed_mnis_data/mrco_h5/test/even-dist_Files.052_processed.h5 -> /sdf/home/m/miaed/tmo_exp/tmo101347625/scratch/miaed_mnis_data/mrco_h5_svd/1d_svd_r2_test/even-dist_Files.052_processed_svd1d_r2.h5
  [200/8192] done
  [400/8192] done
  [600/8192] done
  [800/8192] done
  [1000/8192] done
  [1200/8192] done
  [1400/8192] done
  [1600/8192] done
  [1800/8192] done
  [2000/8192] done
  [2200/8192] done
  [2400/8192] done
  [2600/8192] done
  [2800/8192] done
  [3000/8192] done
  [3200/8192] done
  [3400/8192] done
  [3600/8192] done
  [3800/8192] done
  [4000/8192] done
  [4200/8192] done
  [4400/8192] done
  [4600/8192] done
  [4800/8192] done
  [5000/8192] done
  [5200/8192] done
  [5400/8192] done
  [5600/8192] done
  [5800/8192] done
  [6000/8192] done
  [6200/8192] done
  [6400/8192] done
  [6600/8192] done
  [6800/8192] done
  [7000/8192] done
  [7200/8192] done
  [7400/8192] done
  [7600/8192] done
  [7800/8192] done
  [8000/8192] done
  [8192/8192] done
Wrote /sdf/home/m/miaed/tmo_exp/tmo101347625/scratch/miaed_mnis_data/mrco_h5_svd/1d_svd_r2_test/even-dist_Files.052_processed_svd1d_r2.h5
Processing 8192 groups: /sdf/home/m/miaed/tmo_exp/tmo101347625/scratch/miaed_mnis_data/mrco_h5/test/Even_Distribution_Pulses_Processed_test_even-dist_Files.003_processed.h5 -> /sdf/home/m/miaed/tmo_exp/tmo101347625/scratch/miaed_mnis_data/mrco_h5_svd/1d_svd_r2_test/Even_Distribution_Pulses_Processed_test_even-dist_Files.003_processed_svd1d_r2.h5
  [200/8192] done
  [400/8192] done
  [600/8192] done
  [800/8192] done
  [1000/8192] done
  [1200/8192] done
  [1400/8192] done
  [1600/8192] done
  [1800/8192] done
  [2000/8192] done
  [2200/8192] done
  [2400/8192] done
  [2600/8192] done
  [2800/8192] done
  [3000/8192] done
  [3200/8192] done
  [3400/8192] done
  [3600/8192] done
  [3800/8192] done
  [4000/8192] done
  [4200/8192] done
  [4400/8192] done
  [4600/8192] done
  [4800/8192] done
  [5000/8192] done
  [5200/8192] done
  [5400/8192] done
  [5600/8192] done
  [5800/8192] done
  [6000/8192] done
  [6200/8192] done
  [6400/8192] done
  [6600/8192] done
  [6800/8192] done
  [7000/8192] done
  [7200/8192] done
  [7400/8192] done
  [7600/8192] done
  [7800/8192] done
  [8000/8192] done
  [8192/8192] done
Wrote /sdf/home/m/miaed/tmo_exp/tmo101347625/scratch/miaed_mnis_data/mrco_h5_svd/1d_svd_r2_test/Even_Distribution_Pulses_Processed_test_even-dist_Files.003_processed_svd1d_r2.h5
=== mode=1d rank=2 split=train: /sdf/home/m/miaed/tmo_exp/tmo101347625/scratch/miaed_mnis_data/mrco_h5/train -> /sdf/home/m/miaed/tmo_exp/tmo101347625/scratch/miaed_mnis_data/mrco_h5_svd/1d_svd_r2_train ===
Processing 8192 groups: /sdf/home/m/miaed/tmo_exp/tmo101347625/scratch/miaed_mnis_data/mrco_h5/train/even-dist_Files.002_processed.h5 -> /sdf/home/m/miaed/tmo_exp/tmo101347625/scratch/miaed_mnis_data/mrco_h5_svd/1d_svd_r2_train/even-dist_Files.002_processed_svd1d_r2.h5
  [200/8192] done
  [400/8192] done
  [600/8192] done
  [800/8192] done
  [1000/8192] done
  [1200/8192] done
  [1400/8192] done
  [1600/8192] done
  [1800/8192] done
  [2000/8192] done
  [2200/8192] done
  [2400/8192] done
  [2600/8192] done
  [2800/8192] done
  [3000/8192] done
  [3200/8192] done
  [3400/8192] done
  [3600/8192] done
  [3800/8192] done
  [4000/8192] done
  [4200/8192] done
  [4400/8192] done
  [4600/8192] done
  [4800/8192] done
  [5000/8192] done
  [5200/8192] done
  [5400/8192] done
  [5600/8192] done
  [5800/8192] done
  [6000/8192] done
  [6200/8192] done
  [6400/8192] done
  [6600/8192] done
  [6800/8192] done
  [7000/8192] done
  [7200/8192] done
  [7400/8192] done
  [7600/8192] done
  [7800/8192] done
  [8000/8192] done
  [8192/8192] done
Wrote /sdf/home/m/miaed/tmo_exp/tmo101347625/scratch/miaed_mnis_data/mrco_h5_svd/1d_svd_r2_train/even-dist_Files.002_processed_svd1d_r2.h5
Processing 8192 groups: /sdf/home/m/miaed/tmo_exp/tmo101347625/scratch/miaed_mnis_data/mrco_h5/train/even-dist_Files.001_processed.h5 -> /sdf/home/m/miaed/tmo_exp/tmo101347625/scratch/miaed_mnis_data/mrco_h5_svd/1d_svd_r2_train/even-dist_Files.001_processed_svd1d_r2.h5
  [200/8192] done
  [400/8192] done
  [600/8192] done
  [800/8192] done
  [1000/8192] done
  [1200/8192] done
  [1400/8192] done
  [1600/8192] done
  [1800/8192] done
  [2000/8192] done
  [2200/8192] done
  [2400/8192] done
  [2600/8192] done
  [2800/8192] done
  [3000/8192] done
  [3200/8192] done
  [3400/8192] done
  [3600/8192] done
  [3800/8192] done
  [4000/8192] done
  [4200/8192] done
  [4400/8192] done
  [4600/8192] done
  [4800/8192] done
  [5000/8192] done
  [5200/8192] done
  [5400/8192] done
  [5600/8192] done
  [5800/8192] done
  [6000/8192] done
  [6200/8192] done
  [6400/8192] done
  [6600/8192] done
  [6800/8192] done
  [7000/8192] done
  [7200/8192] done
  [7400/8192] done
  [7600/8192] done
  [7800/8192] done
  [8000/8192] done
  [8192/8192] done
Wrote /sdf/home/m/miaed/tmo_exp/tmo101347625/scratch/miaed_mnis_data/mrco_h5_svd/1d_svd_r2_train/even-dist_Files.001_processed_svd1d_r2.h5
Processing 8192 groups: /sdf/home/m/miaed/tmo_exp/tmo101347625/scratch/miaed_mnis_data/mrco_h5/train/even-dist_Files.004_processed.h5 -> /sdf/home/m/miaed/tmo_exp/tmo101347625/scratch/miaed_mnis_data/mrco_h5_svd/1d_svd_r2_train/even-dist_Files.004_processed_svd1d_r2.h5
  [200/8192] done
  [400/8192] done
  [600/8192] done
  [800/8192] done
  [1000/8192] done
  [1200/8192] done
  [1400/8192] done
  [1600/8192] done
  [1800/8192] done
  [2000/8192] done
  [2200/8192] done
  [2400/8192] done
  [2600/8192] done
  [2800/8192] done
  [3000/8192] done
  [3200/8192] done
  [3400/8192] done
  [3600/8192] done
  [3800/8192] done
  [4000/8192] done
  [4200/8192] done
  [4400/8192] done
  [4600/8192] done
  [4800/8192] done
  [5000/8192] done
  [5200/8192] done
  [5400/8192] done
  [5600/8192] done
  [5800/8192] done
  [6000/8192] done
  [6200/8192] done
  [6400/8192] done
  [6600/8192] done
  [6800/8192] done
  [7000/8192] done
  [7200/8192] done
  [7400/8192] done
  [7600/8192] done
  [7800/8192] done
  [8000/8192] done
  [8192/8192] done
Wrote /sdf/home/m/miaed/tmo_exp/tmo101347625/scratch/miaed_mnis_data/mrco_h5_svd/1d_svd_r2_train/even-dist_Files.004_processed_svd1d_r2.h5
Processing 8192 groups: /sdf/home/m/miaed/tmo_exp/tmo101347625/scratch/miaed_mnis_data/mrco_h5/train/even-dist_Files.003_processed.h5 -> /sdf/home/m/miaed/tmo_exp/tmo101347625/scratch/miaed_mnis_data/mrco_h5_svd/1d_svd_r2_train/even-dist_Files.003_processed_svd1d_r2.h5
  [200/8192] done
  [400/8192] done
  [600/8192] done
  [800/8192] done
  [1000/8192] done
  [1200/8192] done
  [1400/8192] done
  [1600/8192] done
  [1800/8192] done
  [2000/8192] done
  [2200/8192] done
  [2400/8192] done
  [2600/8192] done
  [2800/8192] done
  [3000/8192] done
  [3200/8192] done
  [3400/8192] done
  [3600/8192] done
  [3800/8192] done
  [4000/8192] done
  [4200/8192] done
  [4400/8192] done
  [4600/8192] done
  [4800/8192] done
  [5000/8192] done
  [5200/8192] done
  [5400/8192] done
  [5600/8192] done
  [5800/8192] done
  [6000/8192] done
  [6200/8192] done
  [6400/8192] done
  [6600/8192] done
  [6800/8192] done
  [7000/8192] done
  [7200/8192] done
  [7400/8192] done
  [7600/8192] done
  [7800/8192] done
  [8000/8192] done
  [8192/8192] done
Wrote /sdf/home/m/miaed/tmo_exp/tmo101347625/scratch/miaed_mnis_data/mrco_h5_svd/1d_svd_r2_train/even-dist_Files.003_processed_svd1d_r2.h5
Processing 8192 groups: /sdf/home/m/miaed/tmo_exp/tmo101347625/scratch/miaed_mnis_data/mrco_h5/train/even-dist_Files.008_processed.h5 -> /sdf/home/m/miaed/tmo_exp/tmo101347625/scratch/miaed_mnis_data/mrco_h5_svd/1d_svd_r2_train/even-dist_Files.008_processed_svd1d_r2.h5
  [200/8192] done
  [400/8192] done
  [600/8192] done
  [800/8192] done
  [1000/8192] done
  [1200/8192] done
  [1400/8192] done
  [1600/8192] done
  [1800/8192] done
  [2000/8192] done
  [2200/8192] done
  [2400/8192] done
  [2600/8192] done
  [2800/8192] done
  [3000/8192] done
  [3200/8192] done
  [3400/8192] done
  [3600/8192] done
  [3800/8192] done
  [4000/8192] done
  [4200/8192] done
  [4400/8192] done
  [4600/8192] done
  [4800/8192] done
  [5000/8192] done
  [5200/8192] done
  [5400/8192] done
  [5600/8192] done
  [5800/8192] done
  [6000/8192] done
  [6200/8192] done
  [6400/8192] done
  [6600/8192] done
  [6800/8192] done
  [7000/8192] done
  [7200/8192] done
  [7400/8192] done
  [7600/8192] done
  [7800/8192] done
  [8000/8192] done
  [8192/8192] done
Wrote /sdf/home/m/miaed/tmo_exp/tmo101347625/scratch/miaed_mnis_data/mrco_h5_svd/1d_svd_r2_train/even-dist_Files.008_processed_svd1d_r2.h5
Processing 8192 groups: /sdf/home/m/miaed/tmo_exp/tmo101347625/scratch/miaed_mnis_data/mrco_h5/train/even-dist_Files.005_processed.h5 -> /sdf/home/m/miaed/tmo_exp/tmo101347625/scratch/miaed_mnis_data/mrco_h5_svd/1d_svd_r2_train/even-dist_Files.005_processed_svd1d_r2.h5
  [200/8192] done
  [400/8192] done
  [600/8192] done
  [800/8192] done
  [1000/8192] done
  [1200/8192] done
  [1400/8192] done
  [1600/8192] done
  [1800/8192] done
  [2000/8192] done
  [2200/8192] done
  [2400/8192] done
  [2600/8192] done
  [2800/8192] done
  [3000/8192] done
  [3200/8192] done
  [3400/8192] done
  [3600/8192] done
  [3800/8192] done
  [4000/8192] done
  [4200/8192] done
  [4400/8192] done
  [4600/8192] done
  [4800/8192] done
  [5000/8192] done
  [5200/8192] done
  [5400/8192] done
  [5600/8192] done
  [5800/8192] done
  [6000/8192] done
  [6200/8192] done
  [6400/8192] done
  [6600/8192] done
  [6800/8192] done
  [7000/8192] done
  [7200/8192] done
  [7400/8192] done
  [7600/8192] done
  [7800/8192] done
  [8000/8192] done
  [8192/8192] done
Wrote /sdf/home/m/miaed/tmo_exp/tmo101347625/scratch/miaed_mnis_data/mrco_h5_svd/1d_svd_r2_train/even-dist_Files.005_processed_svd1d_r2.h5
Processing 8192 groups: /sdf/home/m/miaed/tmo_exp/tmo101347625/scratch/miaed_mnis_data/mrco_h5/train/even-dist_Files.006_processed.h5 -> /sdf/home/m/miaed/tmo_exp/tmo101347625/scratch/miaed_mnis_data/mrco_h5_svd/1d_svd_r2_train/even-dist_Files.006_processed_svd1d_r2.h5
  [200/8192] done
  [400/8192] done
  [600/8192] done
  [800/8192] done
  [1000/8192] done
  [1200/8192] done
  [1400/8192] done
  [1600/8192] done
  [1800/8192] done
  [2000/8192] done
  [2200/8192] done
  [2400/8192] done
  [2600/8192] done
  [2800/8192] done
  [3000/8192] done
  [3200/8192] done
  [3400/8192] done
  [3600/8192] done
  [3800/8192] done
  [4000/8192] done
  [4200/8192] done
  [4400/8192] done
  [4600/8192] done
  [4800/8192] done
  [5000/8192] done
  [5200/8192] done
  [5400/8192] done
  [5600/8192] done
  [5800/8192] done
  [6000/8192] done
  [6200/8192] done
  [6400/8192] done
  [6600/8192] done
  [6800/8192] done
  [7000/8192] done
  [7200/8192] done
  [7400/8192] done
  [7600/8192] done
  [7800/8192] done
  [8000/8192] done
  [8192/8192] done
Wrote /sdf/home/m/miaed/tmo_exp/tmo101347625/scratch/miaed_mnis_data/mrco_h5_svd/1d_svd_r2_train/even-dist_Files.006_processed_svd1d_r2.h5
Processing 8192 groups: /sdf/home/m/miaed/tmo_exp/tmo101347625/scratch/miaed_mnis_data/mrco_h5/train/even-dist_Files.007_processed.h5 -> /sdf/home/m/miaed/tmo_exp/tmo101347625/scratch/miaed_mnis_data/mrco_h5_svd/1d_svd_r2_train/even-dist_Files.007_processed_svd1d_r2.h5
  [200/8192] done
  [400/8192] done
  [600/8192] done
  [800/8192] done
  [1000/8192] done
  [1200/8192] done
  [1400/8192] done
  [1600/8192] done
  [1800/8192] done
  [2000/8192] done
  [2200/8192] done
  [2400/8192] done
  [2600/8192] done
  [2800/8192] done
  [3000/8192] done
  [3200/8192] done
  [3400/8192] done
  [3600/8192] done
  [3800/8192] done
  [4000/8192] done
  [4200/8192] done
  [4400/8192] done
  [4600/8192] done
  [4800/8192] done
  [5000/8192] done
  [5200/8192] done
  [5400/8192] done
  [5600/8192] done
  [5800/8192] done
  [6000/8192] done
  [6200/8192] done
  [6400/8192] done
  [6600/8192] done
  [6800/8192] done
  [7000/8192] done
  [7200/8192] done
  [7400/8192] done
  [7600/8192] done
  [7800/8192] done
  [8000/8192] done
  [8192/8192] done
Wrote /sdf/home/m/miaed/tmo_exp/tmo101347625/scratch/miaed_mnis_data/mrco_h5_svd/1d_svd_r2_train/even-dist_Files.007_processed_svd1d_r2.h5
Processing 8192 groups: /sdf/home/m/miaed/tmo_exp/tmo101347625/scratch/miaed_mnis_data/mrco_h5/train/even-dist_Files.016_processed.h5 -> /sdf/home/m/miaed/tmo_exp/tmo101347625/scratch/miaed_mnis_data/mrco_h5_svd/1d_svd_r2_train/even-dist_Files.016_processed_svd1d_r2.h5
  [200/8192] done
  [400/8192] done
  [600/8192] done
  [800/8192] done
  [1000/8192] done
  [1200/8192] done
  [1400/8192] done
  [1600/8192] done
  [1800/8192] done
  [2000/8192] done
  [2200/8192] done
  [2400/8192] done
  [2600/8192] done
  [2800/8192] done
  [3000/8192] done
  [3200/8192] done
  [3400/8192] done
  [3600/8192] done
  [3800/8192] done
  [4000/8192] done
  [4200/8192] done
  [4400/8192] done
  [4600/8192] done
  [4800/8192] done
  [5000/8192] done
  [5200/8192] done
  [5400/8192] done
  [5600/8192] done
  [5800/8192] done
  [6000/8192] done
  [6200/8192] done
  [6400/8192] done
  [6600/8192] done
  [6800/8192] done
  [7000/8192] done
  [7200/8192] done
  [7400/8192] done
  [7600/8192] done
  [7800/8192] done
  [8000/8192] done
  [8192/8192] done
Wrote /sdf/home/m/miaed/tmo_exp/tmo101347625/scratch/miaed_mnis_data/mrco_h5_svd/1d_svd_r2_train/even-dist_Files.016_processed_svd1d_r2.h5
Processing 8192 groups: /sdf/home/m/miaed/tmo_exp/tmo101347625/scratch/miaed_mnis_data/mrco_h5/train/even-dist_Files.009_processed.h5 -> /sdf/home/m/miaed/tmo_exp/tmo101347625/scratch/miaed_mnis_data/mrco_h5_svd/1d_svd_r2_train/even-dist_Files.009_processed_svd1d_r2.h5
  [200/8192] done
  [400/8192] done
  [600/8192] done
  [800/8192] done
  [1000/8192] done
  [1200/8192] done
  [1400/8192] done
  [1600/8192] done
  [1800/8192] done
  [2000/8192] done
  [2200/8192] done
  [2400/8192] done
  [2600/8192] done
  [2800/8192] done
  [3000/8192] done
  [3200/8192] done
  [3400/8192] done
  [3600/8192] done
  [3800/8192] done
  [4000/8192] done
  [4200/8192] done
  [4400/8192] done
  [4600/8192] done
  [4800/8192] done
  [5000/8192] done
  [5200/8192] done
  [5400/8192] done
  [5600/8192] done
  [5800/8192] done
  [6000/8192] done
  [6200/8192] done
  [6400/8192] done
  [6600/8192] done
  [6800/8192] done
  [7000/8192] done
  [7200/8192] done
  [7400/8192] done
  [7600/8192] done
  [7800/8192] done
  [8000/8192] done
  [8192/8192] done
Wrote /sdf/home/m/miaed/tmo_exp/tmo101347625/scratch/miaed_mnis_data/mrco_h5_svd/1d_svd_r2_train/even-dist_Files.009_processed_svd1d_r2.h5
Processing 8192 groups: /sdf/home/m/miaed/tmo_exp/tmo101347625/scratch/miaed_mnis_data/mrco_h5/train/even-dist_Files.017_processed.h5 -> /sdf/home/m/miaed/tmo_exp/tmo101347625/scratch/miaed_mnis_data/mrco_h5_svd/1d_svd_r2_train/even-dist_Files.017_processed_svd1d_r2.h5
  [200/8192] done
  [400/8192] done
  [600/8192] done
  [800/8192] done
  [1000/8192] done
  [1200/8192] done
  [1400/8192] done
  [1600/8192] done
  [1800/8192] done
  [2000/8192] done
  [2200/8192] done
  [2400/8192] done
  [2600/8192] done
  [2800/8192] done
  [3000/8192] done
  [3200/8192] done
  [3400/8192] done
  [3600/8192] done
  [3800/8192] done
  [4000/8192] done
  [4200/8192] done
  [4400/8192] done
  [4600/8192] done
  [4800/8192] done
  [5000/8192] done
  [5200/8192] done
  [5400/8192] done
  [5600/8192] done
  [5800/8192] done
  [6000/8192] done
  [6200/8192] done
  [6400/8192] done
  [6600/8192] done
  [6800/8192] done
  [7000/8192] done
  [7200/8192] done
  [7400/8192] done
  [7600/8192] done
  [7800/8192] done
  [8000/8192] done
  [8192/8192] done
Wrote /sdf/home/m/miaed/tmo_exp/tmo101347625/scratch/miaed_mnis_data/mrco_h5_svd/1d_svd_r2_train/even-dist_Files.017_processed_svd1d_r2.h5
Processing 8192 groups: /sdf/home/m/miaed/tmo_exp/tmo101347625/scratch/miaed_mnis_data/mrco_h5/train/even-dist_Files.018_processed.h5 -> /sdf/home/m/miaed/tmo_exp/tmo101347625/scratch/miaed_mnis_data/mrco_h5_svd/1d_svd_r2_train/even-dist_Files.018_processed_svd1d_r2.h5
  [200/8192] done
  [400/8192] done
  [600/8192] done
  [800/8192] done
  [1000/8192] done
  [1200/8192] done
  [1400/8192] done
  [1600/8192] done
  [1800/8192] done
  [2000/8192] done
  [2200/8192] done
  [2400/8192] done
  [2600/8192] done
  [2800/8192] done
  [3000/8192] done
  [3200/8192] done
  [3400/8192] done
  [3600/8192] done
  [3800/8192] done
  [4000/8192] done
  [4200/8192] done
  [4400/8192] done
  [4600/8192] done
  [4800/8192] done
  [5000/8192] done
  [5200/8192] done
  [5400/8192] done
  [5600/8192] done
  [5800/8192] done
  [6000/8192] done
  [6200/8192] done
  [6400/8192] done
  [6600/8192] done
  [6800/8192] done
  [7000/8192] done
  [7200/8192] done
  [7400/8192] done
  [7600/8192] done
  [7800/8192] done
  [8000/8192] done
  [8192/8192] done
Wrote /sdf/home/m/miaed/tmo_exp/tmo101347625/scratch/miaed_mnis_data/mrco_h5_svd/1d_svd_r2_train/even-dist_Files.018_processed_svd1d_r2.h5
Processing 8192 groups: /sdf/home/m/miaed/tmo_exp/tmo101347625/scratch/miaed_mnis_data/mrco_h5/train/even-dist_Files.020_processed.h5 -> /sdf/home/m/miaed/tmo_exp/tmo101347625/scratch/miaed_mnis_data/mrco_h5_svd/1d_svd_r2_train/even-dist_Files.020_processed_svd1d_r2.h5
  [200/8192] done
  [400/8192] done
  [600/8192] done
  [800/8192] done
  [1000/8192] done
  [1200/8192] done
  [1400/8192] done
  [1600/8192] done
  [1800/8192] done
  [2000/8192] done
  [2200/8192] done
  [2400/8192] done
  [2600/8192] done
  [2800/8192] done
  [3000/8192] done
  [3200/8192] done
  [3400/8192] done
  [3600/8192] done
  [3800/8192] done
  [4000/8192] done
  [4200/8192] done
  [4400/8192] done
  [4600/8192] done
  [4800/8192] done
  [5000/8192] done
  [5200/8192] done
  [5400/8192] done
  [5600/8192] done
  [5800/8192] done
  [6000/8192] done
  [6200/8192] done
  [6400/8192] done
  [6600/8192] done
  [6800/8192] done
  [7000/8192] done
  [7200/8192] done
  [7400/8192] done
  [7600/8192] done
  [7800/8192] done
  [8000/8192] done
  [8192/8192] done
Wrote /sdf/home/m/miaed/tmo_exp/tmo101347625/scratch/miaed_mnis_data/mrco_h5_svd/1d_svd_r2_train/even-dist_Files.020_processed_svd1d_r2.h5
Processing 8192 groups: /sdf/home/m/miaed/tmo_exp/tmo101347625/scratch/miaed_mnis_data/mrco_h5/train/even-dist_Files.019_processed.h5 -> /sdf/home/m/miaed/tmo_exp/tmo101347625/scratch/miaed_mnis_data/mrco_h5_svd/1d_svd_r2_train/even-dist_Files.019_processed_svd1d_r2.h5
  [200/8192] done
  [400/8192] done
  [600/8192] done
  [800/8192] done
  [1000/8192] done
  [1200/8192] done
  [1400/8192] done
  [1600/8192] done
  [1800/8192] done
  [2000/8192] done
  [2200/8192] done
  [2400/8192] done
  [2600/8192] done
  [2800/8192] done
  [3000/8192] done
  [3200/8192] done
  [3400/8192] done
  [3600/8192] done
  [3800/8192] done
  [4000/8192] done
  [4200/8192] done
  [4400/8192] done
  [4600/8192] done
  [4800/8192] done
  [5000/8192] done
  [5200/8192] done
  [5400/8192] done
  [5600/8192] done
  [5800/8192] done
  [6000/8192] done
  [6200/8192] done
  [6400/8192] done
  [6600/8192] done
  [6800/8192] done
  [7000/8192] done
  [7200/8192] done
  [7400/8192] done
  [7600/8192] done
  [7800/8192] done
  [8000/8192] done
  [8192/8192] done
Wrote /sdf/home/m/miaed/tmo_exp/tmo101347625/scratch/miaed_mnis_data/mrco_h5_svd/1d_svd_r2_train/even-dist_Files.019_processed_svd1d_r2.h5
Processing 8192 groups: /sdf/home/m/miaed/tmo_exp/tmo101347625/scratch/miaed_mnis_data/mrco_h5/train/even-dist_Files.021_processed.h5 -> /sdf/home/m/miaed/tmo_exp/tmo101347625/scratch/miaed_mnis_data/mrco_h5_svd/1d_svd_r2_train/even-dist_Files.021_processed_svd1d_r2.h5
  [200/8192] done
  [400/8192] done
  [600/8192] done
  [800/8192] done
  [1000/8192] done
  [1200/8192] done
  [1400/8192] done
  [1600/8192] done
  [1800/8192] done
  [2000/8192] done
  [2200/8192] done
  [2400/8192] done
  [2600/8192] done
  [2800/8192] done
  [3000/8192] done
  [3200/8192] done
  [3400/8192] done
  [3600/8192] done
  [3800/8192] done
  [4000/8192] done
  [4200/8192] done
  [4400/8192] done
  [4600/8192] done
  [4800/8192] done
  [5000/8192] done
  [5200/8192] done
  [5400/8192] done
  [5600/8192] done
  [5800/8192] done
  [6000/8192] done
  [6200/8192] done
  [6400/8192] done
  [6600/8192] done
  [6800/8192] done
  [7000/8192] done
  [7200/8192] done
  [7400/8192] done
  [7600/8192] done
  [7800/8192] done
  [8000/8192] done
  [8192/8192] done
Wrote /sdf/home/m/miaed/tmo_exp/tmo101347625/scratch/miaed_mnis_data/mrco_h5_svd/1d_svd_r2_train/even-dist_Files.021_processed_svd1d_r2.h5
Processing 8192 groups: /sdf/home/m/miaed/tmo_exp/tmo101347625/scratch/miaed_mnis_data/mrco_h5/train/even-dist_Files.022_processed.h5 -> /sdf/home/m/miaed/tmo_exp/tmo101347625/scratch/miaed_mnis_data/mrco_h5_svd/1d_svd_r2_train/even-dist_Files.022_processed_svd1d_r2.h5
  [200/8192] done
  [400/8192] done
  [600/8192] done
  [800/8192] done
  [1000/8192] done
  [1200/8192] done
  [1400/8192] done
  [1600/8192] done
  [1800/8192] done
  [2000/8192] done
  [2200/8192] done
  [2400/8192] done
  [2600/8192] done
  [2800/8192] done
  [3000/8192] done
  [3200/8192] done
  [3400/8192] done
  [3600/8192] done
  [3800/8192] done
  [4000/8192] done
  [4200/8192] done
  [4400/8192] done
  [4600/8192] done
  [4800/8192] done
  [5000/8192] done
  [5200/8192] done
  [5400/8192] done
  [5600/8192] done
  [5800/8192] done
  [6000/8192] done
  [6200/8192] done
  [6400/8192] done
  [6600/8192] done
  [6800/8192] done
  [7000/8192] done
  [7200/8192] done
  [7400/8192] done
  [7600/8192] done
  [7800/8192] done
  [8000/8192] done
  [8192/8192] done
Wrote /sdf/home/m/miaed/tmo_exp/tmo101347625/scratch/miaed_mnis_data/mrco_h5_svd/1d_svd_r2_train/even-dist_Files.022_processed_svd1d_r2.h5
Processing 8192 groups: /sdf/home/m/miaed/tmo_exp/tmo101347625/scratch/miaed_mnis_data/mrco_h5/train/even-dist_Files.024_processed.h5 -> /sdf/home/m/miaed/tmo_exp/tmo101347625/scratch/miaed_mnis_data/mrco_h5_svd/1d_svd_r2_train/even-dist_Files.024_processed_svd1d_r2.h5
  [200/8192] done
  [400/8192] done
  [600/8192] done
  [800/8192] done
  [1000/8192] done
  [1200/8192] done
  [1400/8192] done
  [1600/8192] done
  [1800/8192] done
  [2000/8192] done
  [2200/8192] done
  [2400/8192] done
  [2600/8192] done
  [2800/8192] done
  [3000/8192] done
  [3200/8192] done
  [3400/8192] done
  [3600/8192] done
  [3800/8192] done
  [4000/8192] done
  [4200/8192] done
  [4400/8192] done
  [4600/8192] done
  [4800/8192] done
  [5000/8192] done
  [5200/8192] done
  [5400/8192] done
  [5600/8192] done
  [5800/8192] done
  [6000/8192] done
  [6200/8192] done
  [6400/8192] done
  [6600/8192] done
  [6800/8192] done
  [7000/8192] done
  [7200/8192] done
  [7400/8192] done
  [7600/8192] done
  [7800/8192] done
  [8000/8192] done
  [8192/8192] done
Wrote /sdf/home/m/miaed/tmo_exp/tmo101347625/scratch/miaed_mnis_data/mrco_h5_svd/1d_svd_r2_train/even-dist_Files.024_processed_svd1d_r2.h5
Processing 8192 groups: /sdf/home/m/miaed/tmo_exp/tmo101347625/scratch/miaed_mnis_data/mrco_h5/train/even-dist_Files.023_processed.h5 -> /sdf/home/m/miaed/tmo_exp/tmo101347625/scratch/miaed_mnis_data/mrco_h5_svd/1d_svd_r2_train/even-dist_Files.023_processed_svd1d_r2.h5
  [200/8192] done
  [400/8192] done
  [600/8192] done
  [800/8192] done
  [1000/8192] done
  [1200/8192] done
  [1400/8192] done
  [1600/8192] done
  [1800/8192] done
  [2000/8192] done
  [2200/8192] done
  [2400/8192] done
  [2600/8192] done
  [2800/8192] done
  [3000/8192] done
  [3200/8192] done
  [3400/8192] done
  [3600/8192] done
  [3800/8192] done
  [4000/8192] done
  [4200/8192] done
  [4400/8192] done
  [4600/8192] done
  [4800/8192] done
  [5000/8192] done
  [5200/8192] done
  [5400/8192] done
  [5600/8192] done
  [5800/8192] done
  [6000/8192] done
  [6200/8192] done
  [6400/8192] done
  [6600/8192] done
  [6800/8192] done
  [7000/8192] done
  [7200/8192] done
  [7400/8192] done
  [7600/8192] done
  [7800/8192] done
  [8000/8192] done
  [8192/8192] done
Wrote /sdf/home/m/miaed/tmo_exp/tmo101347625/scratch/miaed_mnis_data/mrco_h5_svd/1d_svd_r2_train/even-dist_Files.023_processed_svd1d_r2.h5
Processing 8192 groups: /sdf/home/m/miaed/tmo_exp/tmo101347625/scratch/miaed_mnis_data/mrco_h5/train/even-dist_Files.025_processed.h5 -> /sdf/home/m/miaed/tmo_exp/tmo101347625/scratch/miaed_mnis_data/mrco_h5_svd/1d_svd_r2_train/even-dist_Files.025_processed_svd1d_r2.h5
  [200/8192] done
  [400/8192] done
  [600/8192] done
  [800/8192] done
  [1000/8192] done
  [1200/8192] done
  [1400/8192] done
  [1600/8192] done
  [1800/8192] done
  [2000/8192] done
  [2200/8192] done
  [2400/8192] done
  [2600/8192] done
  [2800/8192] done
  [3000/8192] done
  [3200/8192] done
  [3400/8192] done
  [3600/8192] done
  [3800/8192] done
  [4000/8192] done
  [4200/8192] done
  [4400/8192] done
  [4600/8192] done
  [4800/8192] done
  [5000/8192] done
  [5200/8192] done
  [5400/8192] done
  [5600/8192] done
  [5800/8192] done
  [6000/8192] done
  [6200/8192] done
  [6400/8192] done
  [6600/8192] done
  [6800/8192] done
  [7000/8192] done
  [7200/8192] done
  [7400/8192] done
  [7600/8192] done
  [7800/8192] done
  [8000/8192] done
  [8192/8192] done
Wrote /sdf/home/m/miaed/tmo_exp/tmo101347625/scratch/miaed_mnis_data/mrco_h5_svd/1d_svd_r2_train/even-dist_Files.025_processed_svd1d_r2.h5
Processing 8192 groups: /sdf/home/m/miaed/tmo_exp/tmo101347625/scratch/miaed_mnis_data/mrco_h5/train/even-dist_Files.026_processed.h5 -> /sdf/home/m/miaed/tmo_exp/tmo101347625/scratch/miaed_mnis_data/mrco_h5_svd/1d_svd_r2_train/even-dist_Files.026_processed_svd1d_r2.h5
  [200/8192] done
  [400/8192] done
  [600/8192] done
  [800/8192] done
  [1000/8192] done
  [1200/8192] done
  [1400/8192] done
  [1600/8192] done
  [1800/8192] done
  [2000/8192] done
  [2200/8192] done
  [2400/8192] done
  [2600/8192] done
  [2800/8192] done
  [3000/8192] done
  [3200/8192] done
  [3400/8192] done
  [3600/8192] done
  [3800/8192] done
  [4000/8192] done
  [4200/8192] done
  [4400/8192] done
  [4600/8192] done
  [4800/8192] done
  [5000/8192] done
  [5200/8192] done
  [5400/8192] done
  [5600/8192] done
  [5800/8192] done
  [6000/8192] done
  [6200/8192] done
  [6400/8192] done
  [6600/8192] done
  [6800/8192] done
  [7000/8192] done
  [7200/8192] done
  [7400/8192] done
  [7600/8192] done
  [7800/8192] done
  [8000/8192] done
  [8192/8192] done
Wrote /sdf/home/m/miaed/tmo_exp/tmo101347625/scratch/miaed_mnis_data/mrco_h5_svd/1d_svd_r2_train/even-dist_Files.026_processed_svd1d_r2.h5
Processing 8192 groups: /sdf/home/m/miaed/tmo_exp/tmo101347625/scratch/miaed_mnis_data/mrco_h5/train/even-dist_Files.027_processed.h5 -> /sdf/home/m/miaed/tmo_exp/tmo101347625/scratch/miaed_mnis_data/mrco_h5_svd/1d_svd_r2_train/even-dist_Files.027_processed_svd1d_r2.h5
  [200/8192] done
  [400/8192] done
  [600/8192] done
  [800/8192] done
  [1000/8192] done
  [1200/8192] done
  [1400/8192] done
  [1600/8192] done
  [1800/8192] done
  [2000/8192] done
  [2200/8192] done
  [2400/8192] done
  [2600/8192] done
  [2800/8192] done
  [3000/8192] done
  [3200/8192] done
  [3400/8192] done
  [3600/8192] done
  [3800/8192] done
  [4000/8192] done
  [4200/8192] done
  [4400/8192] done
  [4600/8192] done
  [4800/8192] done
  [5000/8192] done
  [5200/8192] done
  [5400/8192] done
  [5600/8192] done
  [5800/8192] done
  [6000/8192] done
  [6200/8192] done
  [6400/8192] done
  [6600/8192] done
  [6800/8192] done
  [7000/8192] done
  [7200/8192] done
  [7400/8192] done
  [7600/8192] done
  [7800/8192] done
  [8000/8192] done
  [8192/8192] done
Wrote /sdf/home/m/miaed/tmo_exp/tmo101347625/scratch/miaed_mnis_data/mrco_h5_svd/1d_svd_r2_train/even-dist_Files.027_processed_svd1d_r2.h5
Processing 8192 groups: /sdf/home/m/miaed/tmo_exp/tmo101347625/scratch/miaed_mnis_data/mrco_h5/train/even-dist_Files.029_processed.h5 -> /sdf/home/m/miaed/tmo_exp/tmo101347625/scratch/miaed_mnis_data/mrco_h5_svd/1d_svd_r2_train/even-dist_Files.029_processed_svd1d_r2.h5
  [200/8192] done
  [400/8192] done
  [600/8192] done
  [800/8192] done
  [1000/8192] done
  [1200/8192] done
  [1400/8192] done
  [1600/8192] done
  [1800/8192] done
  [2000/8192] done
  [2200/8192] done
  [2400/8192] done
  [2600/8192] done
  [2800/8192] done
  [3000/8192] done
  [3200/8192] done
  [3400/8192] done
  [3600/8192] done
  [3800/8192] done
  [4000/8192] done
  [4200/8192] done
  [4400/8192] done
  [4600/8192] done
  [4800/8192] done
  [5000/8192] done
  [5200/8192] done
  [5400/8192] done
  [5600/8192] done
  [5800/8192] done
  [6000/8192] done
  [6200/8192] done
  [6400/8192] done
  [6600/8192] done
  [6800/8192] done
  [7000/8192] done
  [7200/8192] done
  [7400/8192] done
  [7600/8192] done
  [7800/8192] done
  [8000/8192] done
  [8192/8192] done
Wrote /sdf/home/m/miaed/tmo_exp/tmo101347625/scratch/miaed_mnis_data/mrco_h5_svd/1d_svd_r2_train/even-dist_Files.029_processed_svd1d_r2.h5
Processing 8192 groups: /sdf/home/m/miaed/tmo_exp/tmo101347625/scratch/miaed_mnis_data/mrco_h5/train/even-dist_Files.028_processed.h5 -> /sdf/home/m/miaed/tmo_exp/tmo101347625/scratch/miaed_mnis_data/mrco_h5_svd/1d_svd_r2_train/even-dist_Files.028_processed_svd1d_r2.h5
  [200/8192] done
  [400/8192] done
  [600/8192] done
  [800/8192] done
  [1000/8192] done
  [1200/8192] done
  [1400/8192] done
  [1600/8192] done
  [1800/8192] done
  [2000/8192] done
  [2200/8192] done
  [2400/8192] done
  [2600/8192] done
  [2800/8192] done
  [3000/8192] done
  [3200/8192] done
  [3400/8192] done
  [3600/8192] done
  [3800/8192] done
  [4000/8192] done
  [4200/8192] done
  [4400/8192] done
  [4600/8192] done
  [4800/8192] done
  [5000/8192] done
  [5200/8192] done
  [5400/8192] done
  [5600/8192] done
  [5800/8192] done
  [6000/8192] done
  [6200/8192] done
  [6400/8192] done
  [6600/8192] done
  [6800/8192] done
  [7000/8192] done
  [7200/8192] done
  [7400/8192] done
  [7600/8192] done
  [7800/8192] done
  [8000/8192] done
  [8192/8192] done
Wrote /sdf/home/m/miaed/tmo_exp/tmo101347625/scratch/miaed_mnis_data/mrco_h5_svd/1d_svd_r2_train/even-dist_Files.028_processed_svd1d_r2.h5
Processing 8192 groups: /sdf/home/m/miaed/tmo_exp/tmo101347625/scratch/miaed_mnis_data/mrco_h5/train/even-dist_Files.030_processed.h5 -> /sdf/home/m/miaed/tmo_exp/tmo101347625/scratch/miaed_mnis_data/mrco_h5_svd/1d_svd_r2_train/even-dist_Files.030_processed_svd1d_r2.h5
  [200/8192] done
  [400/8192] done
  [600/8192] done
  [800/8192] done
  [1000/8192] done
  [1200/8192] done
  [1400/8192] done
  [1600/8192] done
  [1800/8192] done
  [2000/8192] done
  [2200/8192] done
  [2400/8192] done
  [2600/8192] done
  [2800/8192] done
  [3000/8192] done
  [3200/8192] done
  [3400/8192] done
  [3600/8192] done
  [3800/8192] done
  [4000/8192] done
  [4200/8192] done
  [4400/8192] done
  [4600/8192] done
  [4800/8192] done
  [5000/8192] done
  [5200/8192] done
  [5400/8192] done
  [5600/8192] done
  [5800/8192] done
  [6000/8192] done
  [6200/8192] done
  [6400/8192] done
  [6600/8192] done
  [6800/8192] done
  [7000/8192] done
  [7200/8192] done
  [7400/8192] done
  [7600/8192] done
  [7800/8192] done
  [8000/8192] done
  [8192/8192] done
Wrote /sdf/home/m/miaed/tmo_exp/tmo101347625/scratch/miaed_mnis_data/mrco_h5_svd/1d_svd_r2_train/even-dist_Files.030_processed_svd1d_r2.h5
Processing 8192 groups: /sdf/home/m/miaed/tmo_exp/tmo101347625/scratch/miaed_mnis_data/mrco_h5/train/even-dist_Files.031_processed.h5 -> /sdf/home/m/miaed/tmo_exp/tmo101347625/scratch/miaed_mnis_data/mrco_h5_svd/1d_svd_r2_train/even-dist_Files.031_processed_svd1d_r2.h5
  [200/8192] done
  [400/8192] done
  [600/8192] done
  [800/8192] done
  [1000/8192] done
  [1200/8192] done
  [1400/8192] done
  [1600/8192] done
  [1800/8192] done
  [2000/8192] done
  [2200/8192] done
  [2400/8192] done
  [2600/8192] done
  [2800/8192] done
  [3000/8192] done
  [3200/8192] done
  [3400/8192] done
  [3600/8192] done
  [3800/8192] done
  [4000/8192] done
  [4200/8192] done
  [4400/8192] done
  [4600/8192] done
  [4800/8192] done
  [5000/8192] done
  [5200/8192] done
  [5400/8192] done
  [5600/8192] done
  [5800/8192] done
  [6000/8192] done
  [6200/8192] done
  [6400/8192] done
  [6600/8192] done
  [6800/8192] done
  [7000/8192] done
  [7200/8192] done
  [7400/8192] done
  [7600/8192] done
  [7800/8192] done
  [8000/8192] done
  [8192/8192] done
Wrote /sdf/home/m/miaed/tmo_exp/tmo101347625/scratch/miaed_mnis_data/mrco_h5_svd/1d_svd_r2_train/even-dist_Files.031_processed_svd1d_r2.h5
Processing 8192 groups: /sdf/home/m/miaed/tmo_exp/tmo101347625/scratch/miaed_mnis_data/mrco_h5/train/even-dist_Files.032_processed.h5 -> /sdf/home/m/miaed/tmo_exp/tmo101347625/scratch/miaed_mnis_data/mrco_h5_svd/1d_svd_r2_train/even-dist_Files.032_processed_svd1d_r2.h5
  [200/8192] done
  [400/8192] done
  [600/8192] done
  [800/8192] done
  [1000/8192] done
  [1200/8192] done
  [1400/8192] done
  [1600/8192] done
  [1800/8192] done
  [2000/8192] done
  [2200/8192] done
  [2400/8192] done
  [2600/8192] done
  [2800/8192] done
  [3000/8192] done
  [3200/8192] done
  [3400/8192] done
  [3600/8192] done
  [3800/8192] done
  [4000/8192] done
  [4200/8192] done
  [4400/8192] done
  [4600/8192] done
  [4800/8192] done
  [5000/8192] done
  [5200/8192] done
  [5400/8192] done
  [5600/8192] done
  [5800/8192] done
  [6000/8192] done
  [6200/8192] done
  [6400/8192] done
  [6600/8192] done
  [6800/8192] done
  [7000/8192] done
  [7200/8192] done
  [7400/8192] done
  [7600/8192] done
  [7800/8192] done
  [8000/8192] done
  [8192/8192] done
Wrote /sdf/home/m/miaed/tmo_exp/tmo101347625/scratch/miaed_mnis_data/mrco_h5_svd/1d_svd_r2_train/even-dist_Files.032_processed_svd1d_r2.h5
Processing 8192 groups: /sdf/home/m/miaed/tmo_exp/tmo101347625/scratch/miaed_mnis_data/mrco_h5/train/even-dist_Files.033_processed.h5 -> /sdf/home/m/miaed/tmo_exp/tmo101347625/scratch/miaed_mnis_data/mrco_h5_svd/1d_svd_r2_train/even-dist_Files.033_processed_svd1d_r2.h5
  [200/8192] done
  [400/8192] done
  [600/8192] done
  [800/8192] done
  [1000/8192] done
  [1200/8192] done
  [1400/8192] done
  [1600/8192] done
  [1800/8192] done
  [2000/8192] done
  [2200/8192] done
  [2400/8192] done
  [2600/8192] done
  [2800/8192] done
  [3000/8192] done
  [3200/8192] done
  [3400/8192] done
  [3600/8192] done
  [3800/8192] done
  [4000/8192] done
  [4200/8192] done
  [4400/8192] done
  [4600/8192] done
  [4800/8192] done
  [5000/8192] done
  [5200/8192] done
  [5400/8192] done
  [5600/8192] done
  [5800/8192] done
  [6000/8192] done
  [6200/8192] done
  [6400/8192] done
  [6600/8192] done
  [6800/8192] done
  [7000/8192] done
  [7200/8192] done
  [7400/8192] done
  [7600/8192] done
  [7800/8192] done
  [8000/8192] done
  [8192/8192] done
Wrote /sdf/home/m/miaed/tmo_exp/tmo101347625/scratch/miaed_mnis_data/mrco_h5_svd/1d_svd_r2_train/even-dist_Files.033_processed_svd1d_r2.h5
Processing 8192 groups: /sdf/home/m/miaed/tmo_exp/tmo101347625/scratch/miaed_mnis_data/mrco_h5/train/even-dist_Files.034_processed.h5 -> /sdf/home/m/miaed/tmo_exp/tmo101347625/scratch/miaed_mnis_data/mrco_h5_svd/1d_svd_r2_train/even-dist_Files.034_processed_svd1d_r2.h5
  [200/8192] done
  [400/8192] done
  [600/8192] done
  [800/8192] done
  [1000/8192] done
  [1200/8192] done
  [1400/8192] done
  [1600/8192] done
  [1800/8192] done
  [2000/8192] done
  [2200/8192] done
  [2400/8192] done
  [2600/8192] done
  [2800/8192] done
  [3000/8192] done
  [3200/8192] done
  [3400/8192] done
  [3600/8192] done
  [3800/8192] done
  [4000/8192] done
  [4200/8192] done
  [4400/8192] done
  [4600/8192] done
  [4800/8192] done
  [5000/8192] done
  [5200/8192] done
  [5400/8192] done
  [5600/8192] done
  [5800/8192] done
  [6000/8192] done
  [6200/8192] done
  [6400/8192] done
  [6600/8192] done
  [6800/8192] done
  [7000/8192] done
  [7200/8192] done
  [7400/8192] done
  [7600/8192] done
  [7800/8192] done
  [8000/8192] done
  [8192/8192] done
Wrote /sdf/home/m/miaed/tmo_exp/tmo101347625/scratch/miaed_mnis_data/mrco_h5_svd/1d_svd_r2_train/even-dist_Files.034_processed_svd1d_r2.h5
Processing 8192 groups: /sdf/home/m/miaed/tmo_exp/tmo101347625/scratch/miaed_mnis_data/mrco_h5/train/even-dist_Files.035_processed.h5 -> /sdf/home/m/miaed/tmo_exp/tmo101347625/scratch/miaed_mnis_data/mrco_h5_svd/1d_svd_r2_train/even-dist_Files.035_processed_svd1d_r2.h5
  [200/8192] done
  [400/8192] done
  [600/8192] done
  [800/8192] done
  [1000/8192] done
  [1200/8192] done
  [1400/8192] done
  [1600/8192] done
  [1800/8192] done
  [2000/8192] done
  [2200/8192] done
  [2400/8192] done
  [2600/8192] done
  [2800/8192] done
  [3000/8192] done
  [3200/8192] done
  [3400/8192] done
  [3600/8192] done
  [3800/8192] done
  [4000/8192] done
  [4200/8192] done
  [4400/8192] done
  [4600/8192] done
  [4800/8192] done
  [5000/8192] done
  [5200/8192] done
  [5400/8192] done
  [5600/8192] done
  [5800/8192] done
  [6000/8192] done
  [6200/8192] done
  [6400/8192] done
  [6600/8192] done
  [6800/8192] done
  [7000/8192] done
  [7200/8192] done
  [7400/8192] done
  [7600/8192] done
  [7800/8192] done
  [8000/8192] done
  [8192/8192] done
Wrote /sdf/home/m/miaed/tmo_exp/tmo101347625/scratch/miaed_mnis_data/mrco_h5_svd/1d_svd_r2_train/even-dist_Files.035_processed_svd1d_r2.h5
Processing 8192 groups: /sdf/home/m/miaed/tmo_exp/tmo101347625/scratch/miaed_mnis_data/mrco_h5/train/Even_Distribution_Pulses_Processed_train_even-dist_Files.000_processed.h5 -> /sdf/home/m/miaed/tmo_exp/tmo101347625/scratch/miaed_mnis_data/mrco_h5_svd/1d_svd_r2_train/Even_Distribution_Pulses_Processed_train_even-dist_Files.000_processed_svd1d_r2.h5
  [200/8192] done
  [400/8192] done
  [600/8192] done
  [800/8192] done
  [1000/8192] done
  [1200/8192] done
  [1400/8192] done
  [1600/8192] done
  [1800/8192] done
  [2000/8192] done
  [2200/8192] done
  [2400/8192] done
  [2600/8192] done
  [2800/8192] done
  [3000/8192] done
  [3200/8192] done
  [3400/8192] done
  [3600/8192] done
  [3800/8192] done
  [4000/8192] done
  [4200/8192] done
  [4400/8192] done
  [4600/8192] done
  [4800/8192] done
  [5000/8192] done
  [5200/8192] done
  [5400/8192] done
  [5600/8192] done
  [5800/8192] done
  [6000/8192] done
  [6200/8192] done
  [6400/8192] done
  [6600/8192] done
  [6800/8192] done
  [7000/8192] done
  [7200/8192] done
  [7400/8192] done
  [7600/8192] done
  [7800/8192] done
  [8000/8192] done
  [8192/8192] done
Wrote /sdf/home/m/miaed/tmo_exp/tmo101347625/scratch/miaed_mnis_data/mrco_h5_svd/1d_svd_r2_train/Even_Distribution_Pulses_Processed_train_even-dist_Files.000_processed_svd1d_r2.h5
=== mode=1d rank=4 split=test: /sdf/home/m/miaed/tmo_exp/tmo101347625/scratch/miaed_mnis_data/mrco_h5/test -> /sdf/home/m/miaed/tmo_exp/tmo101347625/scratch/miaed_mnis_data/mrco_h5_svd/1d_svd_r4_test ===
Processing 8192 groups: /sdf/home/m/miaed/tmo_exp/tmo101347625/scratch/miaed_mnis_data/mrco_h5/test/even-dist_Files.022_processed.h5 -> /sdf/home/m/miaed/tmo_exp/tmo101347625/scratch/miaed_mnis_data/mrco_h5_svd/1d_svd_r4_test/even-dist_Files.022_processed_svd1d_r4.h5
  [200/8192] done
  [400/8192] done
  [600/8192] done
  [800/8192] done
  [1000/8192] done
  [1200/8192] done
  [1400/8192] done
  [1600/8192] done
  [1800/8192] done
  [2000/8192] done
  [2200/8192] done
  [2400/8192] done
  [2600/8192] done
  [2800/8192] done
  [3000/8192] done
  [3200/8192] done
  [3400/8192] done
  [3600/8192] done
  [3800/8192] done
  [4000/8192] done
  [4200/8192] done
  [4400/8192] done
  [4600/8192] done
  [4800/8192] done
  [5000/8192] done
  [5200/8192] done
  [5400/8192] done
  [5600/8192] done
  [5800/8192] done
  [6000/8192] done
  [6200/8192] done
  [6400/8192] done
  [6600/8192] done
  [6800/8192] done
  [7000/8192] done
  [7200/8192] done
  [7400/8192] done
  [7600/8192] done
  [7800/8192] done
  [8000/8192] done
  [8192/8192] done
Wrote /sdf/home/m/miaed/tmo_exp/tmo101347625/scratch/miaed_mnis_data/mrco_h5_svd/1d_svd_r4_test/even-dist_Files.022_processed_svd1d_r4.h5
Processing 8192 groups: /sdf/home/m/miaed/tmo_exp/tmo101347625/scratch/miaed_mnis_data/mrco_h5/test/even-dist_Files.031_processed.h5 -> /sdf/home/m/miaed/tmo_exp/tmo101347625/scratch/miaed_mnis_data/mrco_h5_svd/1d_svd_r4_test/even-dist_Files.031_processed_svd1d_r4.h5
  [200/8192] done
  [400/8192] done
  [600/8192] done
  [800/8192] done
  [1000/8192] done
  [1200/8192] done
  [1400/8192] done
  [1600/8192] done
  [1800/8192] done
  [2000/8192] done
  [2200/8192] done
  [2400/8192] done
  [2600/8192] done
  [2800/8192] done
  [3000/8192] done
  [3200/8192] done
  [3400/8192] done
  [3600/8192] done
  [3800/8192] done
  [4000/8192] done
  [4200/8192] done
  [4400/8192] done
  [4600/8192] done
  [4800/8192] done
  [5000/8192] done
  [5200/8192] done
  [5400/8192] done
  [5600/8192] done
  [5800/8192] done
  [6000/8192] done
  [6200/8192] done
  [6400/8192] done
  [6600/8192] done
  [6800/8192] done
  [7000/8192] done
  [7200/8192] done
  [7400/8192] done
  [7600/8192] done
  [7800/8192] done
  [8000/8192] done
  [8192/8192] done
Wrote /sdf/home/m/miaed/tmo_exp/tmo101347625/scratch/miaed_mnis_data/mrco_h5_svd/1d_svd_r4_test/even-dist_Files.031_processed_svd1d_r4.h5
Processing 8192 groups: /sdf/home/m/miaed/tmo_exp/tmo101347625/scratch/miaed_mnis_data/mrco_h5/test/even-dist_Files.027_processed.h5 -> /sdf/home/m/miaed/tmo_exp/tmo101347625/scratch/miaed_mnis_data/mrco_h5_svd/1d_svd_r4_test/even-dist_Files.027_processed_svd1d_r4.h5
  [200/8192] done
  [400/8192] done
  [600/8192] done
  [800/8192] done
  [1000/8192] done
  [1200/8192] done
  [1400/8192] done
  [1600/8192] done
  [1800/8192] done
  [2000/8192] done
  [2200/8192] done
  [2400/8192] done
  [2600/8192] done
  [2800/8192] done
  [3000/8192] done
  [3200/8192] done
  [3400/8192] done
  [3600/8192] done
  [3800/8192] done
  [4000/8192] done
  [4200/8192] done
  [4400/8192] done
  [4600/8192] done
  [4800/8192] done
  [5000/8192] done
  [5200/8192] done
  [5400/8192] done
  [5600/8192] done
  [5800/8192] done
  [6000/8192] done
  [6200/8192] done
  [6400/8192] done
  [6600/8192] done
  [6800/8192] done
  [7000/8192] done
  [7200/8192] done
  [7400/8192] done
  [7600/8192] done
  [7800/8192] done
  [8000/8192] done
  [8192/8192] done
Wrote /sdf/home/m/miaed/tmo_exp/tmo101347625/scratch/miaed_mnis_data/mrco_h5_svd/1d_svd_r4_test/even-dist_Files.027_processed_svd1d_r4.h5
Processing 8192 groups: /sdf/home/m/miaed/tmo_exp/tmo101347625/scratch/miaed_mnis_data/mrco_h5/test/even-dist_Files.037_processed.h5 -> /sdf/home/m/miaed/tmo_exp/tmo101347625/scratch/miaed_mnis_data/mrco_h5_svd/1d_svd_r4_test/even-dist_Files.037_processed_svd1d_r4.h5
  [200/8192] done
  [400/8192] done
  [600/8192] done
  [800/8192] done
  [1000/8192] done
  [1200/8192] done
  [1400/8192] done
  [1600/8192] done
  [1800/8192] done
  [2000/8192] done
  [2200/8192] done
  [2400/8192] done
  [2600/8192] done
  [2800/8192] done
  [3000/8192] done
  [3200/8192] done
  [3400/8192] done
  [3600/8192] done
  [3800/8192] done
  [4000/8192] done
  [4200/8192] done
  [4400/8192] done
  [4600/8192] done
  [4800/8192] done
  [5000/8192] done
  [5200/8192] done
  [5400/8192] done
  [5600/8192] done
  [5800/8192] done
  [6000/8192] done
  [6200/8192] done
  [6400/8192] done
  [6600/8192] done
  [6800/8192] done
  [7000/8192] done
  [7200/8192] done
  [7400/8192] done
  [7600/8192] done
  [7800/8192] done
  [8000/8192] done
  [8192/8192] done
Wrote /sdf/home/m/miaed/tmo_exp/tmo101347625/scratch/miaed_mnis_data/mrco_h5_svd/1d_svd_r4_test/even-dist_Files.037_processed_svd1d_r4.h5
Processing 8192 groups: /sdf/home/m/miaed/tmo_exp/tmo101347625/scratch/miaed_mnis_data/mrco_h5/test/even-dist_Files.045_processed.h5 -> /sdf/home/m/miaed/tmo_exp/tmo101347625/scratch/miaed_mnis_data/mrco_h5_svd/1d_svd_r4_test/even-dist_Files.045_processed_svd1d_r4.h5
  [200/8192] done
  [400/8192] done
  [600/8192] done
  [800/8192] done
  [1000/8192] done
  [1200/8192] done
  [1400/8192] done
  [1600/8192] done
  [1800/8192] done
  [2000/8192] done
  [2200/8192] done
  [2400/8192] done
  [2600/8192] done
  [2800/8192] done
  [3000/8192] done
  [3200/8192] done
  [3400/8192] done
  [3600/8192] done
  [3800/8192] done
  [4000/8192] done
  [4200/8192] done
  [4400/8192] done
  [4600/8192] done
  [4800/8192] done
  [5000/8192] done
  [5200/8192] done
  [5400/8192] done
  [5600/8192] done
  [5800/8192] done
  [6000/8192] done
  [6200/8192] done
  [6400/8192] done
  [6600/8192] done
  [6800/8192] done
  [7000/8192] done
  [7200/8192] done
  [7400/8192] done
  [7600/8192] done
  [7800/8192] done
  [8000/8192] done
  [8192/8192] done
Wrote /sdf/home/m/miaed/tmo_exp/tmo101347625/scratch/miaed_mnis_data/mrco_h5_svd/1d_svd_r4_test/even-dist_Files.045_processed_svd1d_r4.h5
Processing 8192 groups: /sdf/home/m/miaed/tmo_exp/tmo101347625/scratch/miaed_mnis_data/mrco_h5/test/even-dist_Files.040_processed.h5 -> /sdf/home/m/miaed/tmo_exp/tmo101347625/scratch/miaed_mnis_data/mrco_h5_svd/1d_svd_r4_test/even-dist_Files.040_processed_svd1d_r4.h5
  [200/8192] done
  [400/8192] done
  [600/8192] done
  [800/8192] done
  [1000/8192] done
  [1200/8192] done
  [1400/8192] done
  [1600/8192] done
  [1800/8192] done
  [2000/8192] done
  [2200/8192] done
  [2400/8192] done
  [2600/8192] done
  [2800/8192] done
  [3000/8192] done
  [3200/8192] done
  [3400/8192] done
  [3600/8192] done
  [3800/8192] done
  [4000/8192] done
  [4200/8192] done
  [4400/8192] done
  [4600/8192] done
  [4800/8192] done
  [5000/8192] done
  [5200/8192] done
  [5400/8192] done
  [5600/8192] done
  [5800/8192] done
  [6000/8192] done
  [6200/8192] done
  [6400/8192] done
  [6600/8192] done
  [6800/8192] done
  [7000/8192] done
  [7200/8192] done
  [7400/8192] done
  [7600/8192] done
  [7800/8192] done
  [8000/8192] done
  [8192/8192] done
Wrote /sdf/home/m/miaed/tmo_exp/tmo101347625/scratch/miaed_mnis_data/mrco_h5_svd/1d_svd_r4_test/even-dist_Files.040_processed_svd1d_r4.h5
Processing 8192 groups: /sdf/home/m/miaed/tmo_exp/tmo101347625/scratch/miaed_mnis_data/mrco_h5/test/even-dist_Files.050_processed.h5 -> /sdf/home/m/miaed/tmo_exp/tmo101347625/scratch/miaed_mnis_data/mrco_h5_svd/1d_svd_r4_test/even-dist_Files.050_processed_svd1d_r4.h5
  [200/8192] done
  [400/8192] done
  [600/8192] done
  [800/8192] done
  [1000/8192] done
  [1200/8192] done
  [1400/8192] done
  [1600/8192] done
  [1800/8192] done
  [2000/8192] done
  [2200/8192] done
  [2400/8192] done
  [2600/8192] done
  [2800/8192] done
  [3000/8192] done
  [3200/8192] done
  [3400/8192] done
  [3600/8192] done
  [3800/8192] done
  [4000/8192] done
  [4200/8192] done
  [4400/8192] done
  [4600/8192] done
  [4800/8192] done
  [5000/8192] done
  [5200/8192] done
  [5400/8192] done
  [5600/8192] done
  [5800/8192] done
  [6000/8192] done
  [6200/8192] done
  [6400/8192] done
  [6600/8192] done
  [6800/8192] done
  [7000/8192] done
  [7200/8192] done
  [7400/8192] done
  [7600/8192] done
  [7800/8192] done
  [8000/8192] done
  [8192/8192] done
Wrote /sdf/home/m/miaed/tmo_exp/tmo101347625/scratch/miaed_mnis_data/mrco_h5_svd/1d_svd_r4_test/even-dist_Files.050_processed_svd1d_r4.h5
Processing 8192 groups: /sdf/home/m/miaed/tmo_exp/tmo101347625/scratch/miaed_mnis_data/mrco_h5/test/even-dist_Files.048_processed.h5 -> /sdf/home/m/miaed/tmo_exp/tmo101347625/scratch/miaed_mnis_data/mrco_h5_svd/1d_svd_r4_test/even-dist_Files.048_processed_svd1d_r4.h5
  [200/8192] done
  [400/8192] done
  [600/8192] done
  [800/8192] done
  [1000/8192] done
  [1200/8192] done
  [1400/8192] done
  [1600/8192] done
  [1800/8192] done
  [2000/8192] done
  [2200/8192] done
  [2400/8192] done
  [2600/8192] done
  [2800/8192] done
  [3000/8192] done
  [3200/8192] done
  [3400/8192] done
  [3600/8192] done
  [3800/8192] done
  [4000/8192] done
  [4200/8192] done
  [4400/8192] done
  [4600/8192] done
  [4800/8192] done
  [5000/8192] done
  [5200/8192] done
  [5400/8192] done
  [5600/8192] done
  [5800/8192] done
  [6000/8192] done
  [6200/8192] done
  [6400/8192] done
  [6600/8192] done
  [6800/8192] done
  [7000/8192] done
  [7200/8192] done
  [7400/8192] done
  [7600/8192] done
  [7800/8192] done
  [8000/8192] done
  [8192/8192] done
Wrote /sdf/home/m/miaed/tmo_exp/tmo101347625/scratch/miaed_mnis_data/mrco_h5_svd/1d_svd_r4_test/even-dist_Files.048_processed_svd1d_r4.h5
Processing 8192 groups: /sdf/home/m/miaed/tmo_exp/tmo101347625/scratch/miaed_mnis_data/mrco_h5/test/even-dist_Files.052_processed.h5 -> /sdf/home/m/miaed/tmo_exp/tmo101347625/scratch/miaed_mnis_data/mrco_h5_svd/1d_svd_r4_test/even-dist_Files.052_processed_svd1d_r4.h5
  [200/8192] done
  [400/8192] done
  [600/8192] done
  [800/8192] done
  [1000/8192] done
  [1200/8192] done
  [1400/8192] done
  [1600/8192] done
  [1800/8192] done
  [2000/8192] done
  [2200/8192] done
  [2400/8192] done
  [2600/8192] done
  [2800/8192] done
  [3000/8192] done
  [3200/8192] done
  [3400/8192] done
  [3600/8192] done
  [3800/8192] done
  [4000/8192] done
  [4200/8192] done
  [4400/8192] done
  [4600/8192] done
  [4800/8192] done
  [5000/8192] done
  [5200/8192] done
  [5400/8192] done
  [5600/8192] done
  [5800/8192] done
  [6000/8192] done
  [6200/8192] done
  [6400/8192] done
  [6600/8192] done
  [6800/8192] done
  [7000/8192] done
  [7200/8192] done
  [7400/8192] done
  [7600/8192] done
  [7800/8192] done
  [8000/8192] done
  [8192/8192] done
Wrote /sdf/home/m/miaed/tmo_exp/tmo101347625/scratch/miaed_mnis_data/mrco_h5_svd/1d_svd_r4_test/even-dist_Files.052_processed_svd1d_r4.h5
Processing 8192 groups: /sdf/home/m/miaed/tmo_exp/tmo101347625/scratch/miaed_mnis_data/mrco_h5/test/Even_Distribution_Pulses_Processed_test_even-dist_Files.003_processed.h5 -> /sdf/home/m/miaed/tmo_exp/tmo101347625/scratch/miaed_mnis_data/mrco_h5_svd/1d_svd_r4_test/Even_Distribution_Pulses_Processed_test_even-dist_Files.003_processed_svd1d_r4.h5
  [200/8192] done
  [400/8192] done
  [600/8192] done
  [800/8192] done
  [1000/8192] done
  [1200/8192] done
  [1400/8192] done
  [1600/8192] done
  [1800/8192] done
  [2000/8192] done
  [2200/8192] done
  [2400/8192] done
  [2600/8192] done
  [2800/8192] done
  [3000/8192] done
  [3200/8192] done
  [3400/8192] done
  [3600/8192] done
  [3800/8192] done
  [4000/8192] done
  [4200/8192] done
  [4400/8192] done
  [4600/8192] done
  [4800/8192] done
  [5000/8192] done
  [5200/8192] done
  [5400/8192] done
  [5600/8192] done
  [5800/8192] done
  [6000/8192] done
  [6200/8192] done
  [6400/8192] done
  [6600/8192] done
  [6800/8192] done
  [7000/8192] done
  [7200/8192] done
  [7400/8192] done
  [7600/8192] done
  [7800/8192] done
  [8000/8192] done
  [8192/8192] done
Wrote /sdf/home/m/miaed/tmo_exp/tmo101347625/scratch/miaed_mnis_data/mrco_h5_svd/1d_svd_r4_test/Even_Distribution_Pulses_Processed_test_even-dist_Files.003_processed_svd1d_r4.h5
=== mode=1d rank=4 split=train: /sdf/home/m/miaed/tmo_exp/tmo101347625/scratch/miaed_mnis_data/mrco_h5/train -> /sdf/home/m/miaed/tmo_exp/tmo101347625/scratch/miaed_mnis_data/mrco_h5_svd/1d_svd_r4_train ===
Processing 8192 groups: /sdf/home/m/miaed/tmo_exp/tmo101347625/scratch/miaed_mnis_data/mrco_h5/train/even-dist_Files.004_processed.h5 -> /sdf/home/m/miaed/tmo_exp/tmo101347625/scratch/miaed_mnis_data/mrco_h5_svd/1d_svd_r4_train/even-dist_Files.004_processed_svd1d_r4.h5
  [200/8192] done
  [400/8192] done
  [600/8192] done
  [800/8192] done
  [1000/8192] done
  [1200/8192] done
  [1400/8192] done
  [1600/8192] done
  [1800/8192] done
  [2000/8192] done
  [2200/8192] done
  [2400/8192] done
  [2600/8192] done
  [2800/8192] done
  [3000/8192] done
  [3200/8192] done
  [3400/8192] done
  [3600/8192] done
  [3800/8192] done
  [4000/8192] done
  [4200/8192] done
  [4400/8192] done
  [4600/8192] done
  [4800/8192] done
  [5000/8192] done
  [5200/8192] done
  [5400/8192] done
  [5600/8192] done
  [5800/8192] done
  [6000/8192] done
  [6200/8192] done
  [6400/8192] done
  [6600/8192] done
  [6800/8192] done
  [7000/8192] done
  [7200/8192] done
  [7400/8192] done
  [7600/8192] done
  [7800/8192] done
  [8000/8192] done
  [8192/8192] done
Wrote /sdf/home/m/miaed/tmo_exp/tmo101347625/scratch/miaed_mnis_data/mrco_h5_svd/1d_svd_r4_train/even-dist_Files.004_processed_svd1d_r4.h5
Processing 8192 groups: /sdf/home/m/miaed/tmo_exp/tmo101347625/scratch/miaed_mnis_data/mrco_h5/train/even-dist_Files.002_processed.h5 -> /sdf/home/m/miaed/tmo_exp/tmo101347625/scratch/miaed_mnis_data/mrco_h5_svd/1d_svd_r4_train/even-dist_Files.002_processed_svd1d_r4.h5
  [200/8192] done
  [400/8192] done
  [600/8192] done
  [800/8192] done
  [1000/8192] done
  [1200/8192] done
  [1400/8192] done
  [1600/8192] done
  [1800/8192] done
  [2000/8192] done
  [2200/8192] done
  [2400/8192] done
  [2600/8192] done
  [2800/8192] done
  [3000/8192] done
  [3200/8192] done
  [3400/8192] done
  [3600/8192] done
  [3800/8192] done
  [4000/8192] done
  [4200/8192] done
  [4400/8192] done
  [4600/8192] done
  [4800/8192] done
  [5000/8192] done
  [5200/8192] done
  [5400/8192] done
  [5600/8192] done
  [5800/8192] done
  [6000/8192] done
  [6200/8192] done
  [6400/8192] done
  [6600/8192] done
  [6800/8192] done
  [7000/8192] done
  [7200/8192] done
  [7400/8192] done
  [7600/8192] done
  [7800/8192] done
  [8000/8192] done
  [8192/8192] done
Wrote /sdf/home/m/miaed/tmo_exp/tmo101347625/scratch/miaed_mnis_data/mrco_h5_svd/1d_svd_r4_train/even-dist_Files.002_processed_svd1d_r4.h5
Processing 8192 groups: /sdf/home/m/miaed/tmo_exp/tmo101347625/scratch/miaed_mnis_data/mrco_h5/train/even-dist_Files.003_processed.h5 -> /sdf/home/m/miaed/tmo_exp/tmo101347625/scratch/miaed_mnis_data/mrco_h5_svd/1d_svd_r4_train/even-dist_Files.003_processed_svd1d_r4.h5
  [200/8192] done
  [400/8192] done
  [600/8192] done
  [800/8192] done
  [1000/8192] done
  [1200/8192] done
  [1400/8192] done
  [1600/8192] done
  [1800/8192] done
  [2000/8192] done
  [2200/8192] done
  [2400/8192] done
  [2600/8192] done
  [2800/8192] done
  [3000/8192] done
  [3200/8192] done
  [3400/8192] done
  [3600/8192] done
  [3800/8192] done
  [4000/8192] done
  [4200/8192] done
  [4400/8192] done
  [4600/8192] done
  [4800/8192] done
  [5000/8192] done
  [5200/8192] done
  [5400/8192] done
  [5600/8192] done
  [5800/8192] done
  [6000/8192] done
  [6200/8192] done
  [6400/8192] done
  [6600/8192] done
  [6800/8192] done
  [7000/8192] done
  [7200/8192] done
  [7400/8192] done
  [7600/8192] done
  [7800/8192] done
  [8000/8192] done
  [8192/8192] done
Wrote /sdf/home/m/miaed/tmo_exp/tmo101347625/scratch/miaed_mnis_data/mrco_h5_svd/1d_svd_r4_train/even-dist_Files.003_processed_svd1d_r4.h5
Processing 8192 groups: /sdf/home/m/miaed/tmo_exp/tmo101347625/scratch/miaed_mnis_data/mrco_h5/train/even-dist_Files.001_processed.h5 -> /sdf/home/m/miaed/tmo_exp/tmo101347625/scratch/miaed_mnis_data/mrco_h5_svd/1d_svd_r4_train/even-dist_Files.001_processed_svd1d_r4.h5
  [200/8192] done
  [400/8192] done
  [600/8192] done
  [800/8192] done
  [1000/8192] done
  [1200/8192] done
  [1400/8192] done
  [1600/8192] done
  [1800/8192] done
  [2000/8192] done
  [2200/8192] done
  [2400/8192] done
  [2600/8192] done
  [2800/8192] done
  [3000/8192] done
  [3200/8192] done
  [3400/8192] done
  [3600/8192] done
  [3800/8192] done
  [4000/8192] done
  [4200/8192] done
  [4400/8192] done
  [4600/8192] done
  [4800/8192] done
  [5000/8192] done
  [5200/8192] done
  [5400/8192] done
  [5600/8192] done
  [5800/8192] done
  [6000/8192] done
  [6200/8192] done
  [6400/8192] done
  [6600/8192] done
  [6800/8192] done
  [7000/8192] done
  [7200/8192] done
  [7400/8192] done
  [7600/8192] done
  [7800/8192] done
  [8000/8192] done
  [8192/8192] done
Wrote /sdf/home/m/miaed/tmo_exp/tmo101347625/scratch/miaed_mnis_data/mrco_h5_svd/1d_svd_r4_train/even-dist_Files.001_processed_svd1d_r4.h5
Processing 8192 groups: /sdf/home/m/miaed/tmo_exp/tmo101347625/scratch/miaed_mnis_data/mrco_h5/train/even-dist_Files.006_processed.h5 -> /sdf/home/m/miaed/tmo_exp/tmo101347625/scratch/miaed_mnis_data/mrco_h5_svd/1d_svd_r4_train/even-dist_Files.006_processed_svd1d_r4.h5
  [200/8192] done
  [400/8192] done
  [600/8192] done
  [800/8192] done
  [1000/8192] done
  [1200/8192] done
  [1400/8192] done
  [1600/8192] done
  [1800/8192] done
  [2000/8192] done
  [2200/8192] done
  [2400/8192] done
  [2600/8192] done
  [2800/8192] done
  [3000/8192] done
  [3200/8192] done
  [3400/8192] done
  [3600/8192] done
  [3800/8192] done
  [4000/8192] done
  [4200/8192] done
  [4400/8192] done
  [4600/8192] done
  [4800/8192] done
  [5000/8192] done
  [5200/8192] done
  [5400/8192] done
  [5600/8192] done
  [5800/8192] done
  [6000/8192] done
  [6200/8192] done
  [6400/8192] done
  [6600/8192] done
  [6800/8192] done
  [7000/8192] done
  [7200/8192] done
  [7400/8192] done
  [7600/8192] done
  [7800/8192] done
  [8000/8192] done
  [8192/8192] done
Wrote /sdf/home/m/miaed/tmo_exp/tmo101347625/scratch/miaed_mnis_data/mrco_h5_svd/1d_svd_r4_train/even-dist_Files.006_processed_svd1d_r4.h5
Processing 8192 groups: /sdf/home/m/miaed/tmo_exp/tmo101347625/scratch/miaed_mnis_data/mrco_h5/train/even-dist_Files.005_processed.h5 -> /sdf/home/m/miaed/tmo_exp/tmo101347625/scratch/miaed_mnis_data/mrco_h5_svd/1d_svd_r4_train/even-dist_Files.005_processed_svd1d_r4.h5
  [200/8192] done
  [400/8192] done
  [600/8192] done
  [800/8192] done
  [1000/8192] done
  [1200/8192] done
  [1400/8192] done
  [1600/8192] done
  [1800/8192] done
  [2000/8192] done
  [2200/8192] done
  [2400/8192] done
  [2600/8192] done
  [2800/8192] done
  [3000/8192] done
  [3200/8192] done
  [3400/8192] done
  [3600/8192] done
  [3800/8192] done
  [4000/8192] done
  [4200/8192] done
  [4400/8192] done
  [4600/8192] done
  [4800/8192] done
  [5000/8192] done
  [5200/8192] done
  [5400/8192] done
  [5600/8192] done
  [5800/8192] done
  [6000/8192] done
  [6200/8192] done
  [6400/8192] done
  [6600/8192] done
  [6800/8192] done
  [7000/8192] done
  [7200/8192] done
  [7400/8192] done
  [7600/8192] done
  [7800/8192] done
  [8000/8192] done
  [8192/8192] done
Wrote /sdf/home/m/miaed/tmo_exp/tmo101347625/scratch/miaed_mnis_data/mrco_h5_svd/1d_svd_r4_train/even-dist_Files.005_processed_svd1d_r4.h5
Processing 8192 groups: /sdf/home/m/miaed/tmo_exp/tmo101347625/scratch/miaed_mnis_data/mrco_h5/train/even-dist_Files.007_processed.h5 -> /sdf/home/m/miaed/tmo_exp/tmo101347625/scratch/miaed_mnis_data/mrco_h5_svd/1d_svd_r4_train/even-dist_Files.007_processed_svd1d_r4.h5
  [200/8192] done
  [400/8192] done
  [600/8192] done
  [800/8192] done
  [1000/8192] done
  [1200/8192] done
  [1400/8192] done
  [1600/8192] done
  [1800/8192] done
  [2000/8192] done
  [2200/8192] done
  [2400/8192] done
  [2600/8192] done
  [2800/8192] done
  [3000/8192] done
  [3200/8192] done
  [3400/8192] done
  [3600/8192] done
  [3800/8192] done
  [4000/8192] done
  [4200/8192] done
  [4400/8192] done
  [4600/8192] done
  [4800/8192] done
  [5000/8192] done
  [5200/8192] done
  [5400/8192] done
  [5600/8192] done
  [5800/8192] done
  [6000/8192] done
  [6200/8192] done
  [6400/8192] done
  [6600/8192] done
  [6800/8192] done
  [7000/8192] done
  [7200/8192] done
  [7400/8192] done
  [7600/8192] done
  [7800/8192] done
  [8000/8192] done
  [8192/8192] done
Wrote /sdf/home/m/miaed/tmo_exp/tmo101347625/scratch/miaed_mnis_data/mrco_h5_svd/1d_svd_r4_train/even-dist_Files.007_processed_svd1d_r4.h5
Processing 8192 groups: /sdf/home/m/miaed/tmo_exp/tmo101347625/scratch/miaed_mnis_data/mrco_h5/train/even-dist_Files.008_processed.h5 -> /sdf/home/m/miaed/tmo_exp/tmo101347625/scratch/miaed_mnis_data/mrco_h5_svd/1d_svd_r4_train/even-dist_Files.008_processed_svd1d_r4.h5
  [200/8192] done
  [400/8192] done
  [600/8192] done
  [800/8192] done
  [1000/8192] done
  [1200/8192] done
  [1400/8192] done
  [1600/8192] done
  [1800/8192] done
  [2000/8192] done
  [2200/8192] done
  [2400/8192] done
  [2600/8192] done
  [2800/8192] done
  [3000/8192] done
  [3200/8192] done
  [3400/8192] done
  [3600/8192] done
  [3800/8192] done
  [4000/8192] done
  [4200/8192] done
  [4400/8192] done
  [4600/8192] done
  [4800/8192] done
  [5000/8192] done
  [5200/8192] done
  [5400/8192] done
  [5600/8192] done
  [5800/8192] done
  [6000/8192] done
  [6200/8192] done
  [6400/8192] done
  [6600/8192] done
  [6800/8192] done
  [7000/8192] done
  [7200/8192] done
  [7400/8192] done
  [7600/8192] done
  [7800/8192] done
  [8000/8192] done
  [8192/8192] done
Wrote /sdf/home/m/miaed/tmo_exp/tmo101347625/scratch/miaed_mnis_data/mrco_h5_svd/1d_svd_r4_train/even-dist_Files.008_processed_svd1d_r4.h5
Processing 8192 groups: /sdf/home/m/miaed/tmo_exp/tmo101347625/scratch/miaed_mnis_data/mrco_h5/train/even-dist_Files.016_processed.h5 -> /sdf/home/m/miaed/tmo_exp/tmo101347625/scratch/miaed_mnis_data/mrco_h5_svd/1d_svd_r4_train/even-dist_Files.016_processed_svd1d_r4.h5
  [200/8192] done
  [400/8192] done
  [600/8192] done
  [800/8192] done
  [1000/8192] done
  [1200/8192] done
  [1400/8192] done
  [1600/8192] done
  [1800/8192] done
  [2000/8192] done
  [2200/8192] done
  [2400/8192] done
  [2600/8192] done
  [2800/8192] done
  [3000/8192] done
  [3200/8192] done
  [3400/8192] done
  [3600/8192] done
  [3800/8192] done
  [4000/8192] done
  [4200/8192] done
  [4400/8192] done
  [4600/8192] done
  [4800/8192] done
  [5000/8192] done
  [5200/8192] done
  [5400/8192] done
  [5600/8192] done
  [5800/8192] done
  [6000/8192] done
  [6200/8192] done
  [6400/8192] done
  [6600/8192] done
  [6800/8192] done
  [7000/8192] done
  [7200/8192] done
  [7400/8192] done
  [7600/8192] done
  [7800/8192] done
  [8000/8192] done
  [8192/8192] done
Wrote /sdf/home/m/miaed/tmo_exp/tmo101347625/scratch/miaed_mnis_data/mrco_h5_svd/1d_svd_r4_train/even-dist_Files.016_processed_svd1d_r4.h5
Processing 8192 groups: /sdf/home/m/miaed/tmo_exp/tmo101347625/scratch/miaed_mnis_data/mrco_h5/train/even-dist_Files.009_processed.h5 -> /sdf/home/m/miaed/tmo_exp/tmo101347625/scratch/miaed_mnis_data/mrco_h5_svd/1d_svd_r4_train/even-dist_Files.009_processed_svd1d_r4.h5
  [200/8192] done
  [400/8192] done
  [600/8192] done
  [800/8192] done
  [1000/8192] done
  [1200/8192] done
  [1400/8192] done
  [1600/8192] done
  [1800/8192] done
  [2000/8192] done
  [2200/8192] done
  [2400/8192] done
  [2600/8192] done
  [2800/8192] done
  [3000/8192] done
  [3200/8192] done
  [3400/8192] done
  [3600/8192] done
  [3800/8192] done
  [4000/8192] done
  [4200/8192] done
  [4400/8192] done
  [4600/8192] done
  [4800/8192] done
  [5000/8192] done
  [5200/8192] done
  [5400/8192] done
  [5600/8192] done
  [5800/8192] done
  [6000/8192] done
  [6200/8192] done
  [6400/8192] done
  [6600/8192] done
  [6800/8192] done
  [7000/8192] done
  [7200/8192] done
  [7400/8192] done
  [7600/8192] done
  [7800/8192] done
  [8000/8192] done
  [8192/8192] done
Wrote /sdf/home/m/miaed/tmo_exp/tmo101347625/scratch/miaed_mnis_data/mrco_h5_svd/1d_svd_r4_train/even-dist_Files.009_processed_svd1d_r4.h5
Processing 8192 groups: /sdf/home/m/miaed/tmo_exp/tmo101347625/scratch/miaed_mnis_data/mrco_h5/train/even-dist_Files.017_processed.h5 -> /sdf/home/m/miaed/tmo_exp/tmo101347625/scratch/miaed_mnis_data/mrco_h5_svd/1d_svd_r4_train/even-dist_Files.017_processed_svd1d_r4.h5
  [200/8192] done
  [400/8192] done
  [600/8192] done
  [800/8192] done
  [1000/8192] done
  [1200/8192] done
  [1400/8192] done
  [1600/8192] done
  [1800/8192] done
  [2000/8192] done
  [2200/8192] done
  [2400/8192] done
  [2600/8192] done
  [2800/8192] done
  [3000/8192] done
  [3200/8192] done
  [3400/8192] done
  [3600/8192] done
  [3800/8192] done
  [4000/8192] done
  [4200/8192] done
  [4400/8192] done
  [4600/8192] done
  [4800/8192] done
  [5000/8192] done
  [5200/8192] done
  [5400/8192] done
  [5600/8192] done
  [5800/8192] done
  [6000/8192] done
  [6200/8192] done
  [6400/8192] done
  [6600/8192] done
  [6800/8192] done
  [7000/8192] done
  [7200/8192] done
  [7400/8192] done
  [7600/8192] done
  [7800/8192] done
  [8000/8192] done
  [8192/8192] done
Wrote /sdf/home/m/miaed/tmo_exp/tmo101347625/scratch/miaed_mnis_data/mrco_h5_svd/1d_svd_r4_train/even-dist_Files.017_processed_svd1d_r4.h5
Processing 8192 groups: /sdf/home/m/miaed/tmo_exp/tmo101347625/scratch/miaed_mnis_data/mrco_h5/train/even-dist_Files.018_processed.h5 -> /sdf/home/m/miaed/tmo_exp/tmo101347625/scratch/miaed_mnis_data/mrco_h5_svd/1d_svd_r4_train/even-dist_Files.018_processed_svd1d_r4.h5
  [200/8192] done
  [400/8192] done
  [600/8192] done
  [800/8192] done
  [1000/8192] done
  [1200/8192] done
  [1400/8192] done
  [1600/8192] done
  [1800/8192] done
  [2000/8192] done
  [2200/8192] done
  [2400/8192] done
  [2600/8192] done
  [2800/8192] done
  [3000/8192] done
  [3200/8192] done
  [3400/8192] done
  [3600/8192] done
  [3800/8192] done
  [4000/8192] done
  [4200/8192] done
  [4400/8192] done
  [4600/8192] done
  [4800/8192] done
  [5000/8192] done
  [5200/8192] done
  [5400/8192] done
  [5600/8192] done
  [5800/8192] done
  [6000/8192] done
  [6200/8192] done
  [6400/8192] done
  [6600/8192] done
  [6800/8192] done
  [7000/8192] done
  [7200/8192] done
  [7400/8192] done
  [7600/8192] done
  [7800/8192] done
  [8000/8192] done
  [8192/8192] done
Wrote /sdf/home/m/miaed/tmo_exp/tmo101347625/scratch/miaed_mnis_data/mrco_h5_svd/1d_svd_r4_train/even-dist_Files.018_processed_svd1d_r4.h5
Processing 8192 groups: /sdf/home/m/miaed/tmo_exp/tmo101347625/scratch/miaed_mnis_data/mrco_h5/train/even-dist_Files.019_processed.h5 -> /sdf/home/m/miaed/tmo_exp/tmo101347625/scratch/miaed_mnis_data/mrco_h5_svd/1d_svd_r4_train/even-dist_Files.019_processed_svd1d_r4.h5
  [200/8192] done
  [400/8192] done
  [600/8192] done
  [800/8192] done
  [1000/8192] done
  [1200/8192] done
  [1400/8192] done
  [1600/8192] done
  [1800/8192] done
  [2000/8192] done
  [2200/8192] done
  [2400/8192] done
  [2600/8192] done
  [2800/8192] done
  [3000/8192] done
  [3200/8192] done
  [3400/8192] done
  [3600/8192] done
  [3800/8192] done
  [4000/8192] done
  [4200/8192] done
  [4400/8192] done
  [4600/8192] done
  [4800/8192] done
  [5000/8192] done
  [5200/8192] done
  [5400/8192] done
  [5600/8192] done
  [5800/8192] done
  [6000/8192] done
  [6200/8192] done
  [6400/8192] done
  [6600/8192] done
  [6800/8192] done
  [7000/8192] done
  [7200/8192] done
  [7400/8192] done
  [7600/8192] done
  [7800/8192] done
  [8000/8192] done
  [8192/8192] done
Wrote /sdf/home/m/miaed/tmo_exp/tmo101347625/scratch/miaed_mnis_data/mrco_h5_svd/1d_svd_r4_train/even-dist_Files.019_processed_svd1d_r4.h5
Processing 8192 groups: /sdf/home/m/miaed/tmo_exp/tmo101347625/scratch/miaed_mnis_data/mrco_h5/train/even-dist_Files.020_processed.h5 -> /sdf/home/m/miaed/tmo_exp/tmo101347625/scratch/miaed_mnis_data/mrco_h5_svd/1d_svd_r4_train/even-dist_Files.020_processed_svd1d_r4.h5
  [200/8192] done
  [400/8192] done
  [600/8192] done
  [800/8192] done
  [1000/8192] done
  [1200/8192] done
  [1400/8192] done
  [1600/8192] done
  [1800/8192] done
  [2000/8192] done
  [2200/8192] done
  [2400/8192] done
  [2600/8192] done
  [2800/8192] done
  [3000/8192] done
  [3200/8192] done
  [3400/8192] done
  [3600/8192] done
  [3800/8192] done
  [4000/8192] done
  [4200/8192] done
  [4400/8192] done
  [4600/8192] done
  [4800/8192] done
  [5000/8192] done
  [5200/8192] done
  [5400/8192] done
  [5600/8192] done
  [5800/8192] done
  [6000/8192] done
  [6200/8192] done
  [6400/8192] done
  [6600/8192] done
  [6800/8192] done
  [7000/8192] done
  [7200/8192] done
  [7400/8192] done
  [7600/8192] done
  [7800/8192] done
  [8000/8192] done
  [8192/8192] done
Wrote /sdf/home/m/miaed/tmo_exp/tmo101347625/scratch/miaed_mnis_data/mrco_h5_svd/1d_svd_r4_train/even-dist_Files.020_processed_svd1d_r4.h5
Processing 8192 groups: /sdf/home/m/miaed/tmo_exp/tmo101347625/scratch/miaed_mnis_data/mrco_h5/train/even-dist_Files.021_processed.h5 -> /sdf/home/m/miaed/tmo_exp/tmo101347625/scratch/miaed_mnis_data/mrco_h5_svd/1d_svd_r4_train/even-dist_Files.021_processed_svd1d_r4.h5
  [200/8192] done
  [400/8192] done
  [600/8192] done
  [800/8192] done
  [1000/8192] done
  [1200/8192] done
  [1400/8192] done
  [1600/8192] done
  [1800/8192] done
  [2000/8192] done
  [2200/8192] done
  [2400/8192] done
  [2600/8192] done
  [2800/8192] done
  [3000/8192] done
  [3200/8192] done
  [3400/8192] done
  [3600/8192] done
  [3800/8192] done
  [4000/8192] done
  [4200/8192] done
  [4400/8192] done
  [4600/8192] done
  [4800/8192] done
  [5000/8192] done
  [5200/8192] done
  [5400/8192] done
  [5600/8192] done
  [5800/8192] done
  [6000/8192] done
  [6200/8192] done
  [6400/8192] done
  [6600/8192] done
  [6800/8192] done
  [7000/8192] done
  [7200/8192] done
  [7400/8192] done
  [7600/8192] done
  [7800/8192] done
  [8000/8192] done
  [8192/8192] done
Wrote /sdf/home/m/miaed/tmo_exp/tmo101347625/scratch/miaed_mnis_data/mrco_h5_svd/1d_svd_r4_train/even-dist_Files.021_processed_svd1d_r4.h5
Processing 8192 groups: /sdf/home/m/miaed/tmo_exp/tmo101347625/scratch/miaed_mnis_data/mrco_h5/train/even-dist_Files.022_processed.h5 -> /sdf/home/m/miaed/tmo_exp/tmo101347625/scratch/miaed_mnis_data/mrco_h5_svd/1d_svd_r4_train/even-dist_Files.022_processed_svd1d_r4.h5
  [200/8192] done
  [400/8192] done
  [600/8192] done
  [800/8192] done
  [1000/8192] done
  [1200/8192] done
  [1400/8192] done
  [1600/8192] done
  [1800/8192] done
  [2000/8192] done
  [2200/8192] done
  [2400/8192] done
  [2600/8192] done
  [2800/8192] done
  [3000/8192] done
  [3200/8192] done
  [3400/8192] done
  [3600/8192] done
  [3800/8192] done
  [4000/8192] done
  [4200/8192] done
  [4400/8192] done
  [4600/8192] done
  [4800/8192] done
  [5000/8192] done
  [5200/8192] done
  [5400/8192] done
  [5600/8192] done
  [5800/8192] done
  [6000/8192] done
  [6200/8192] done
  [6400/8192] done
  [6600/8192] done
  [6800/8192] done
  [7000/8192] done
  [7200/8192] done
  [7400/8192] done
  [7600/8192] done
  [7800/8192] done
  [8000/8192] done
  [8192/8192] done
Wrote /sdf/home/m/miaed/tmo_exp/tmo101347625/scratch/miaed_mnis_data/mrco_h5_svd/1d_svd_r4_train/even-dist_Files.022_processed_svd1d_r4.h5
Processing 8192 groups: /sdf/home/m/miaed/tmo_exp/tmo101347625/scratch/miaed_mnis_data/mrco_h5/train/even-dist_Files.024_processed.h5 -> /sdf/home/m/miaed/tmo_exp/tmo101347625/scratch/miaed_mnis_data/mrco_h5_svd/1d_svd_r4_train/even-dist_Files.024_processed_svd1d_r4.h5
  [200/8192] done
  [400/8192] done
  [600/8192] done
  [800/8192] done
  [1000/8192] done
  [1200/8192] done
  [1400/8192] done
  [1600/8192] done
  [1800/8192] done
  [2000/8192] done
  [2200/8192] done
  [2400/8192] done
  [2600/8192] done
  [2800/8192] done
  [3000/8192] done
  [3200/8192] done
  [3400/8192] done
  [3600/8192] done
  [3800/8192] done
  [4000/8192] done
  [4200/8192] done
  [4400/8192] done
  [4600/8192] done
  [4800/8192] done
  [5000/8192] done
  [5200/8192] done
  [5400/8192] done
  [5600/8192] done
  [5800/8192] done
  [6000/8192] done
  [6200/8192] done
  [6400/8192] done
  [6600/8192] done
  [6800/8192] done
  [7000/8192] done
  [7200/8192] done
  [7400/8192] done
  [7600/8192] done
  [7800/8192] done
  [8000/8192] done
  [8192/8192] done
Wrote /sdf/home/m/miaed/tmo_exp/tmo101347625/scratch/miaed_mnis_data/mrco_h5_svd/1d_svd_r4_train/even-dist_Files.024_processed_svd1d_r4.h5
Processing 8192 groups: /sdf/home/m/miaed/tmo_exp/tmo101347625/scratch/miaed_mnis_data/mrco_h5/train/even-dist_Files.023_processed.h5 -> /sdf/home/m/miaed/tmo_exp/tmo101347625/scratch/miaed_mnis_data/mrco_h5_svd/1d_svd_r4_train/even-dist_Files.023_processed_svd1d_r4.h5
  [200/8192] done
  [400/8192] done
  [600/8192] done
  [800/8192] done
  [1000/8192] done
  [1200/8192] done
  [1400/8192] done
  [1600/8192] done
  [1800/8192] done
  [2000/8192] done
  [2200/8192] done
  [2400/8192] done
  [2600/8192] done
  [2800/8192] done
  [3000/8192] done
  [3200/8192] done
  [3400/8192] done
  [3600/8192] done
  [3800/8192] done
  [4000/8192] done
  [4200/8192] done
  [4400/8192] done
  [4600/8192] done
  [4800/8192] done
  [5000/8192] done
  [5200/8192] done
  [5400/8192] done
  [5600/8192] done
  [5800/8192] done
  [6000/8192] done
  [6200/8192] done
  [6400/8192] done
  [6600/8192] done
  [6800/8192] done
  [7000/8192] done
  [7200/8192] done
  [7400/8192] done
  [7600/8192] done
  [7800/8192] done
  [8000/8192] done
  [8192/8192] done
Wrote /sdf/home/m/miaed/tmo_exp/tmo101347625/scratch/miaed_mnis_data/mrco_h5_svd/1d_svd_r4_train/even-dist_Files.023_processed_svd1d_r4.h5
Processing 8192 groups: /sdf/home/m/miaed/tmo_exp/tmo101347625/scratch/miaed_mnis_data/mrco_h5/train/even-dist_Files.025_processed.h5 -> /sdf/home/m/miaed/tmo_exp/tmo101347625/scratch/miaed_mnis_data/mrco_h5_svd/1d_svd_r4_train/even-dist_Files.025_processed_svd1d_r4.h5
  [200/8192] done
  [400/8192] done
  [600/8192] done
  [800/8192] done
  [1000/8192] done
  [1200/8192] done
  [1400/8192] done
  [1600/8192] done
  [1800/8192] done
  [2000/8192] done
  [2200/8192] done
  [2400/8192] done
  [2600/8192] done
  [2800/8192] done
  [3000/8192] done
  [3200/8192] done
  [3400/8192] done
  [3600/8192] done
  [3800/8192] done
  [4000/8192] done
  [4200/8192] done
  [4400/8192] done
  [4600/8192] done
  [4800/8192] done
  [5000/8192] done
  [5200/8192] done
  [5400/8192] done
  [5600/8192] done
  [5800/8192] done
  [6000/8192] done
  [6200/8192] done
  [6400/8192] done
  [6600/8192] done
  [6800/8192] done
  [7000/8192] done
  [7200/8192] done
  [7400/8192] done
  [7600/8192] done
  [7800/8192] done
  [8000/8192] done
  [8192/8192] done
Wrote /sdf/home/m/miaed/tmo_exp/tmo101347625/scratch/miaed_mnis_data/mrco_h5_svd/1d_svd_r4_train/even-dist_Files.025_processed_svd1d_r4.h5
Processing 8192 groups: /sdf/home/m/miaed/tmo_exp/tmo101347625/scratch/miaed_mnis_data/mrco_h5/train/even-dist_Files.026_processed.h5 -> /sdf/home/m/miaed/tmo_exp/tmo101347625/scratch/miaed_mnis_data/mrco_h5_svd/1d_svd_r4_train/even-dist_Files.026_processed_svd1d_r4.h5
  [200/8192] done
  [400/8192] done
  [600/8192] done
  [800/8192] done
  [1000/8192] done
  [1200/8192] done
  [1400/8192] done
  [1600/8192] done
  [1800/8192] done
  [2000/8192] done
  [2200/8192] done
  [2400/8192] done
  [2600/8192] done
  [2800/8192] done
  [3000/8192] done
  [3200/8192] done
  [3400/8192] done
  [3600/8192] done
  [3800/8192] done
  [4000/8192] done
  [4200/8192] done
  [4400/8192] done
  [4600/8192] done
  [4800/8192] done
  [5000/8192] done
  [5200/8192] done
  [5400/8192] done
  [5600/8192] done
  [5800/8192] done
  [6000/8192] done
  [6200/8192] done
  [6400/8192] done
  [6600/8192] done
  [6800/8192] done
  [7000/8192] done
  [7200/8192] done
  [7400/8192] done
  [7600/8192] done
  [7800/8192] done
  [8000/8192] done
  [8192/8192] done
Wrote /sdf/home/m/miaed/tmo_exp/tmo101347625/scratch/miaed_mnis_data/mrco_h5_svd/1d_svd_r4_train/even-dist_Files.026_processed_svd1d_r4.h5
Processing 8192 groups: /sdf/home/m/miaed/tmo_exp/tmo101347625/scratch/miaed_mnis_data/mrco_h5/train/even-dist_Files.027_processed.h5 -> /sdf/home/m/miaed/tmo_exp/tmo101347625/scratch/miaed_mnis_data/mrco_h5_svd/1d_svd_r4_train/even-dist_Files.027_processed_svd1d_r4.h5
  [200/8192] done
  [400/8192] done
  [600/8192] done
  [800/8192] done
  [1000/8192] done
  [1200/8192] done
  [1400/8192] done
  [1600/8192] done
  [1800/8192] done
  [2000/8192] done
  [2200/8192] done
  [2400/8192] done
  [2600/8192] done
  [2800/8192] done
  [3000/8192] done
  [3200/8192] done
  [3400/8192] done
  [3600/8192] done
  [3800/8192] done
  [4000/8192] done
  [4200/8192] done
  [4400/8192] done
  [4600/8192] done
  [4800/8192] done
  [5000/8192] done
  [5200/8192] done
  [5400/8192] done
  [5600/8192] done
  [5800/8192] done
  [6000/8192] done
  [6200/8192] done
  [6400/8192] done
  [6600/8192] done
  [6800/8192] done
  [7000/8192] done
  [7200/8192] done
  [7400/8192] done
  [7600/8192] done
  [7800/8192] done
  [8000/8192] done
  [8192/8192] done
Wrote /sdf/home/m/miaed/tmo_exp/tmo101347625/scratch/miaed_mnis_data/mrco_h5_svd/1d_svd_r4_train/even-dist_Files.027_processed_svd1d_r4.h5
Processing 8192 groups: /sdf/home/m/miaed/tmo_exp/tmo101347625/scratch/miaed_mnis_data/mrco_h5/train/even-dist_Files.028_processed.h5 -> /sdf/home/m/miaed/tmo_exp/tmo101347625/scratch/miaed_mnis_data/mrco_h5_svd/1d_svd_r4_train/even-dist_Files.028_processed_svd1d_r4.h5
  [200/8192] done
  [400/8192] done
  [600/8192] done
  [800/8192] done
  [1000/8192] done
  [1200/8192] done
  [1400/8192] done
  [1600/8192] done
  [1800/8192] done
  [2000/8192] done
  [2200/8192] done
  [2400/8192] done
  [2600/8192] done
  [2800/8192] done
  [3000/8192] done
  [3200/8192] done
  [3400/8192] done
  [3600/8192] done
  [3800/8192] done
  [4000/8192] done
  [4200/8192] done
  [4400/8192] done
  [4600/8192] done
  [4800/8192] done
  [5000/8192] done
  [5200/8192] done
  [5400/8192] done
  [5600/8192] done
  [5800/8192] done
  [6000/8192] done
  [6200/8192] done
  [6400/8192] done
  [6600/8192] done
  [6800/8192] done
  [7000/8192] done
  [7200/8192] done
  [7400/8192] done
  [7600/8192] done
  [7800/8192] done
  [8000/8192] done
  [8192/8192] done
Wrote /sdf/home/m/miaed/tmo_exp/tmo101347625/scratch/miaed_mnis_data/mrco_h5_svd/1d_svd_r4_train/even-dist_Files.028_processed_svd1d_r4.h5
Processing 8192 groups: /sdf/home/m/miaed/tmo_exp/tmo101347625/scratch/miaed_mnis_data/mrco_h5/train/even-dist_Files.029_processed.h5 -> /sdf/home/m/miaed/tmo_exp/tmo101347625/scratch/miaed_mnis_data/mrco_h5_svd/1d_svd_r4_train/even-dist_Files.029_processed_svd1d_r4.h5
  [200/8192] done
  [400/8192] done
  [600/8192] done
  [800/8192] done
  [1000/8192] done
  [1200/8192] done
  [1400/8192] done
  [1600/8192] done
  [1800/8192] done
  [2000/8192] done
  [2200/8192] done
  [2400/8192] done
  [2600/8192] done
  [2800/8192] done
  [3000/8192] done
  [3200/8192] done
  [3400/8192] done
  [3600/8192] done
  [3800/8192] done
  [4000/8192] done
  [4200/8192] done
  [4400/8192] done
  [4600/8192] done
  [4800/8192] done
  [5000/8192] done
  [5200/8192] done
  [5400/8192] done
  [5600/8192] done
  [5800/8192] done
  [6000/8192] done
  [6200/8192] done
  [6400/8192] done
  [6600/8192] done
  [6800/8192] done
  [7000/8192] done
  [7200/8192] done
  [7400/8192] done
  [7600/8192] done
  [7800/8192] done
  [8000/8192] done
  [8192/8192] done
Wrote /sdf/home/m/miaed/tmo_exp/tmo101347625/scratch/miaed_mnis_data/mrco_h5_svd/1d_svd_r4_train/even-dist_Files.029_processed_svd1d_r4.h5
Processing 8192 groups: /sdf/home/m/miaed/tmo_exp/tmo101347625/scratch/miaed_mnis_data/mrco_h5/train/even-dist_Files.030_processed.h5 -> /sdf/home/m/miaed/tmo_exp/tmo101347625/scratch/miaed_mnis_data/mrco_h5_svd/1d_svd_r4_train/even-dist_Files.030_processed_svd1d_r4.h5
  [200/8192] done
  [400/8192] done
  [600/8192] done
  [800/8192] done
  [1000/8192] done
  [1200/8192] done
  [1400/8192] done
  [1600/8192] done
  [1800/8192] done
  [2000/8192] done
  [2200/8192] done
  [2400/8192] done
  [2600/8192] done
  [2800/8192] done
  [3000/8192] done
  [3200/8192] done
  [3400/8192] done
  [3600/8192] done
  [3800/8192] done
  [4000/8192] done
  [4200/8192] done
  [4400/8192] done
  [4600/8192] done
  [4800/8192] done
  [5000/8192] done
  [5200/8192] done
  [5400/8192] done
  [5600/8192] done
  [5800/8192] done
  [6000/8192] done
  [6200/8192] done
  [6400/8192] done
  [6600/8192] done
  [6800/8192] done
  [7000/8192] done
  [7200/8192] done
  [7400/8192] done
  [7600/8192] done
  [7800/8192] done
  [8000/8192] done
  [8192/8192] done
Wrote /sdf/home/m/miaed/tmo_exp/tmo101347625/scratch/miaed_mnis_data/mrco_h5_svd/1d_svd_r4_train/even-dist_Files.030_processed_svd1d_r4.h5
Processing 8192 groups: /sdf/home/m/miaed/tmo_exp/tmo101347625/scratch/miaed_mnis_data/mrco_h5/train/even-dist_Files.031_processed.h5 -> /sdf/home/m/miaed/tmo_exp/tmo101347625/scratch/miaed_mnis_data/mrco_h5_svd/1d_svd_r4_train/even-dist_Files.031_processed_svd1d_r4.h5
  [200/8192] done
  [400/8192] done
  [600/8192] done
  [800/8192] done
  [1000/8192] done
  [1200/8192] done
  [1400/8192] done
  [1600/8192] done
  [1800/8192] done
  [2000/8192] done
  [2200/8192] done
  [2400/8192] done
  [2600/8192] done
  [2800/8192] done
  [3000/8192] done
  [3200/8192] done
  [3400/8192] done
  [3600/8192] done
  [3800/8192] done
  [4000/8192] done
  [4200/8192] done
  [4400/8192] done
  [4600/8192] done
  [4800/8192] done
  [5000/8192] done
  [5200/8192] done
  [5400/8192] done
  [5600/8192] done
  [5800/8192] done
  [6000/8192] done
  [6200/8192] done
  [6400/8192] done
  [6600/8192] done
  [6800/8192] done
  [7000/8192] done
  [7200/8192] done
  [7400/8192] done
  [7600/8192] done
  [7800/8192] done
  [8000/8192] done
  [8192/8192] done
Wrote /sdf/home/m/miaed/tmo_exp/tmo101347625/scratch/miaed_mnis_data/mrco_h5_svd/1d_svd_r4_train/even-dist_Files.031_processed_svd1d_r4.h5
Processing 8192 groups: /sdf/home/m/miaed/tmo_exp/tmo101347625/scratch/miaed_mnis_data/mrco_h5/train/even-dist_Files.032_processed.h5 -> /sdf/home/m/miaed/tmo_exp/tmo101347625/scratch/miaed_mnis_data/mrco_h5_svd/1d_svd_r4_train/even-dist_Files.032_processed_svd1d_r4.h5
  [200/8192] done
  [400/8192] done
  [600/8192] done
  [800/8192] done
  [1000/8192] done
  [1200/8192] done
  [1400/8192] done
  [1600/8192] done
  [1800/8192] done
  [2000/8192] done
  [2200/8192] done
  [2400/8192] done
  [2600/8192] done
  [2800/8192] done
  [3000/8192] done
  [3200/8192] done
  [3400/8192] done
  [3600/8192] done
  [3800/8192] done
  [4000/8192] done
  [4200/8192] done
  [4400/8192] done
  [4600/8192] done
  [4800/8192] done
  [5000/8192] done
  [5200/8192] done
  [5400/8192] done
  [5600/8192] done
  [5800/8192] done
  [6000/8192] done
  [6200/8192] done
  [6400/8192] done
  [6600/8192] done
  [6800/8192] done
  [7000/8192] done
  [7200/8192] done
  [7400/8192] done
  [7600/8192] done
  [7800/8192] done
  [8000/8192] done
  [8192/8192] done
Wrote /sdf/home/m/miaed/tmo_exp/tmo101347625/scratch/miaed_mnis_data/mrco_h5_svd/1d_svd_r4_train/even-dist_Files.032_processed_svd1d_r4.h5
Processing 8192 groups: /sdf/home/m/miaed/tmo_exp/tmo101347625/scratch/miaed_mnis_data/mrco_h5/train/even-dist_Files.033_processed.h5 -> /sdf/home/m/miaed/tmo_exp/tmo101347625/scratch/miaed_mnis_data/mrco_h5_svd/1d_svd_r4_train/even-dist_Files.033_processed_svd1d_r4.h5
  [200/8192] done
  [400/8192] done
  [600/8192] done
  [800/8192] done
  [1000/8192] done
  [1200/8192] done
  [1400/8192] done
  [1600/8192] done
  [1800/8192] done
  [2000/8192] done
  [2200/8192] done
  [2400/8192] done
  [2600/8192] done
  [2800/8192] done
  [3000/8192] done
  [3200/8192] done
  [3400/8192] done
  [3600/8192] done
  [3800/8192] done
  [4000/8192] done
  [4200/8192] done
  [4400/8192] done
  [4600/8192] done
  [4800/8192] done
  [5000/8192] done
  [5200/8192] done
  [5400/8192] done
  [5600/8192] done
  [5800/8192] done
  [6000/8192] done
  [6200/8192] done
  [6400/8192] done
  [6600/8192] done
  [6800/8192] done
  [7000/8192] done
  [7200/8192] done
  [7400/8192] done
  [7600/8192] done
  [7800/8192] done
  [8000/8192] done
  [8192/8192] done
Wrote /sdf/home/m/miaed/tmo_exp/tmo101347625/scratch/miaed_mnis_data/mrco_h5_svd/1d_svd_r4_train/even-dist_Files.033_processed_svd1d_r4.h5
Processing 8192 groups: /sdf/home/m/miaed/tmo_exp/tmo101347625/scratch/miaed_mnis_data/mrco_h5/train/even-dist_Files.034_processed.h5 -> /sdf/home/m/miaed/tmo_exp/tmo101347625/scratch/miaed_mnis_data/mrco_h5_svd/1d_svd_r4_train/even-dist_Files.034_processed_svd1d_r4.h5
  [200/8192] done
  [400/8192] done
  [600/8192] done
  [800/8192] done
  [1000/8192] done
  [1200/8192] done
  [1400/8192] done
  [1600/8192] done
  [1800/8192] done
  [2000/8192] done
  [2200/8192] done
  [2400/8192] done
  [2600/8192] done
  [2800/8192] done
  [3000/8192] done
  [3200/8192] done
  [3400/8192] done
  [3600/8192] done
  [3800/8192] done
  [4000/8192] done
  [4200/8192] done
  [4400/8192] done
  [4600/8192] done
  [4800/8192] done
  [5000/8192] done
  [5200/8192] done
  [5400/8192] done
  [5600/8192] done
  [5800/8192] done
  [6000/8192] done
  [6200/8192] done
  [6400/8192] done
  [6600/8192] done
  [6800/8192] done
  [7000/8192] done
  [7200/8192] done
  [7400/8192] done
  [7600/8192] done
  [7800/8192] done
  [8000/8192] done
  [8192/8192] done
Wrote /sdf/home/m/miaed/tmo_exp/tmo101347625/scratch/miaed_mnis_data/mrco_h5_svd/1d_svd_r4_train/even-dist_Files.034_processed_svd1d_r4.h5
Processing 8192 groups: /sdf/home/m/miaed/tmo_exp/tmo101347625/scratch/miaed_mnis_data/mrco_h5/train/even-dist_Files.035_processed.h5 -> /sdf/home/m/miaed/tmo_exp/tmo101347625/scratch/miaed_mnis_data/mrco_h5_svd/1d_svd_r4_train/even-dist_Files.035_processed_svd1d_r4.h5
  [200/8192] done
  [400/8192] done
  [600/8192] done
  [800/8192] done
  [1000/8192] done
  [1200/8192] done
  [1400/8192] done
  [1600/8192] done
  [1800/8192] done
  [2000/8192] done
  [2200/8192] done
  [2400/8192] done
  [2600/8192] done
  [2800/8192] done
  [3000/8192] done
  [3200/8192] done
  [3400/8192] done
  [3600/8192] done
  [3800/8192] done
  [4000/8192] done
  [4200/8192] done
  [4400/8192] done
  [4600/8192] done
  [4800/8192] done
  [5000/8192] done
  [5200/8192] done
  [5400/8192] done
  [5600/8192] done
  [5800/8192] done
  [6000/8192] done
  [6200/8192] done
  [6400/8192] done
  [6600/8192] done
  [6800/8192] done
  [7000/8192] done
  [7200/8192] done
  [7400/8192] done
  [7600/8192] done
  [7800/8192] done
  [8000/8192] done
  [8192/8192] done
Wrote /sdf/home/m/miaed/tmo_exp/tmo101347625/scratch/miaed_mnis_data/mrco_h5_svd/1d_svd_r4_train/even-dist_Files.035_processed_svd1d_r4.h5
Processing 8192 groups: /sdf/home/m/miaed/tmo_exp/tmo101347625/scratch/miaed_mnis_data/mrco_h5/train/Even_Distribution_Pulses_Processed_train_even-dist_Files.000_processed.h5 -> /sdf/home/m/miaed/tmo_exp/tmo101347625/scratch/miaed_mnis_data/mrco_h5_svd/1d_svd_r4_train/Even_Distribution_Pulses_Processed_train_even-dist_Files.000_processed_svd1d_r4.h5
  [200/8192] done
  [400/8192] done
  [600/8192] done
  [800/8192] done
  [1000/8192] done
  [1200/8192] done
  [1400/8192] done
  [1600/8192] done
  [1800/8192] done
  [2000/8192] done
  [2200/8192] done
  [2400/8192] done
  [2600/8192] done
  [2800/8192] done
  [3000/8192] done
  [3200/8192] done
  [3400/8192] done
  [3600/8192] done
  [3800/8192] done
  [4000/8192] done
  [4200/8192] done
  [4400/8192] done
  [4600/8192] done
  [4800/8192] done
  [5000/8192] done
  [5200/8192] done
  [5400/8192] done
  [5600/8192] done
  [5800/8192] done
  [6000/8192] done
  [6200/8192] done
  [6400/8192] done
  [6600/8192] done
  [6800/8192] done
  [7000/8192] done
  [7200/8192] done
  [7400/8192] done
  [7600/8192] done
  [7800/8192] done
  [8000/8192] done
  [8192/8192] done
Wrote /sdf/home/m/miaed/tmo_exp/tmo101347625/scratch/miaed_mnis_data/mrco_h5_svd/1d_svd_r4_train/Even_Distribution_Pulses_Processed_train_even-dist_Files.000_processed_svd1d_r4.h5
=== mode=1d rank=8 split=test: /sdf/home/m/miaed/tmo_exp/tmo101347625/scratch/miaed_mnis_data/mrco_h5/test -> /sdf/home/m/miaed/tmo_exp/tmo101347625/scratch/miaed_mnis_data/mrco_h5_svd/1d_svd_r8_test ===
Processing 8192 groups: /sdf/home/m/miaed/tmo_exp/tmo101347625/scratch/miaed_mnis_data/mrco_h5/test/even-dist_Files.027_processed.h5 -> /sdf/home/m/miaed/tmo_exp/tmo101347625/scratch/miaed_mnis_data/mrco_h5_svd/1d_svd_r8_test/even-dist_Files.027_processed_svd1d_r8.h5
  [200/8192] done
  [400/8192] done
  [600/8192] done
  [800/8192] done
  [1000/8192] done
  [1200/8192] done
  [1400/8192] done
  [1600/8192] done
  [1800/8192] done
  [2000/8192] done
  [2200/8192] done
  [2400/8192] done
  [2600/8192] done
  [2800/8192] done
  [3000/8192] done
  [3200/8192] done
  [3400/8192] done
  [3600/8192] done
  [3800/8192] done
  [4000/8192] done
  [4200/8192] done
  [4400/8192] done
  [4600/8192] done
  [4800/8192] done
  [5000/8192] done
  [5200/8192] done
  [5400/8192] done
  [5600/8192] done
  [5800/8192] done
  [6000/8192] done
  [6200/8192] done
  [6400/8192] done
  [6600/8192] done
  [6800/8192] done
  [7000/8192] done
  [7200/8192] done
  [7400/8192] done
  [7600/8192] done
  [7800/8192] done
  [8000/8192] done
  [8192/8192] done
Wrote /sdf/home/m/miaed/tmo_exp/tmo101347625/scratch/miaed_mnis_data/mrco_h5_svd/1d_svd_r8_test/even-dist_Files.027_processed_svd1d_r8.h5
Processing 8192 groups: /sdf/home/m/miaed/tmo_exp/tmo101347625/scratch/miaed_mnis_data/mrco_h5/test/even-dist_Files.031_processed.h5 -> /sdf/home/m/miaed/tmo_exp/tmo101347625/scratch/miaed_mnis_data/mrco_h5_svd/1d_svd_r8_test/even-dist_Files.031_processed_svd1d_r8.h5
  [200/8192] done
  [400/8192] done
  [600/8192] done
  [800/8192] done
  [1000/8192] done
  [1200/8192] done
  [1400/8192] done
  [1600/8192] done
  [1800/8192] done
  [2000/8192] done
  [2200/8192] done
  [2400/8192] done
  [2600/8192] done
  [2800/8192] done
  [3000/8192] done
  [3200/8192] done
  [3400/8192] done
  [3600/8192] done
  [3800/8192] done
  [4000/8192] done
  [4200/8192] done
  [4400/8192] done
  [4600/8192] done
  [4800/8192] done
  [5000/8192] done
  [5200/8192] done
  [5400/8192] done
  [5600/8192] done
  [5800/8192] done
  [6000/8192] done
  [6200/8192] done
  [6400/8192] done
  [6600/8192] done
  [6800/8192] done
  [7000/8192] done
  [7200/8192] done
  [7400/8192] done
  [7600/8192] done
  [7800/8192] done
  [8000/8192] done
  [8192/8192] done
Wrote /sdf/home/m/miaed/tmo_exp/tmo101347625/scratch/miaed_mnis_data/mrco_h5_svd/1d_svd_r8_test/even-dist_Files.031_processed_svd1d_r8.h5
Processing 8192 groups: /sdf/home/m/miaed/tmo_exp/tmo101347625/scratch/miaed_mnis_data/mrco_h5/test/even-dist_Files.037_processed.h5 -> /sdf/home/m/miaed/tmo_exp/tmo101347625/scratch/miaed_mnis_data/mrco_h5_svd/1d_svd_r8_test/even-dist_Files.037_processed_svd1d_r8.h5
  [200/8192] done
  [400/8192] done
  [600/8192] done
  [800/8192] done
  [1000/8192] done
  [1200/8192] done
  [1400/8192] done
  [1600/8192] done
  [1800/8192] done
  [2000/8192] done
  [2200/8192] done
  [2400/8192] done
  [2600/8192] done
  [2800/8192] done
  [3000/8192] done
  [3200/8192] done
  [3400/8192] done
  [3600/8192] done
  [3800/8192] done
  [4000/8192] done
  [4200/8192] done
  [4400/8192] done
  [4600/8192] done
  [4800/8192] done
  [5000/8192] done
  [5200/8192] done
  [5400/8192] done
  [5600/8192] done
  [5800/8192] done
  [6000/8192] done
  [6200/8192] done
  [6400/8192] done
  [6600/8192] done
  [6800/8192] done
  [7000/8192] done
  [7200/8192] done
  [7400/8192] done
  [7600/8192] done
  [7800/8192] done
  [8000/8192] done
  [8192/8192] done
Wrote /sdf/home/m/miaed/tmo_exp/tmo101347625/scratch/miaed_mnis_data/mrco_h5_svd/1d_svd_r8_test/even-dist_Files.037_processed_svd1d_r8.h5
Processing 8192 groups: /sdf/home/m/miaed/tmo_exp/tmo101347625/scratch/miaed_mnis_data/mrco_h5/test/even-dist_Files.022_processed.h5 -> /sdf/home/m/miaed/tmo_exp/tmo101347625/scratch/miaed_mnis_data/mrco_h5_svd/1d_svd_r8_test/even-dist_Files.022_processed_svd1d_r8.h5
  [200/8192] done
  [400/8192] done
  [600/8192] done
  [800/8192] done
  [1000/8192] done
  [1200/8192] done
  [1400/8192] done
  [1600/8192] done
  [1800/8192] done
  [2000/8192] done
  [2200/8192] done
  [2400/8192] done
  [2600/8192] done
  [2800/8192] done
  [3000/8192] done
  [3200/8192] done
  [3400/8192] done
  [3600/8192] done
  [3800/8192] done
  [4000/8192] done
  [4200/8192] done
  [4400/8192] done
  [4600/8192] done
  [4800/8192] done
  [5000/8192] done
  [5200/8192] done
  [5400/8192] done
  [5600/8192] done
  [5800/8192] done
  [6000/8192] done
  [6200/8192] done
  [6400/8192] done
  [6600/8192] done
  [6800/8192] done
  [7000/8192] done
  [7200/8192] done
  [7400/8192] done
  [7600/8192] done
  [7800/8192] done
  [8000/8192] done
  [8192/8192] done
Wrote /sdf/home/m/miaed/tmo_exp/tmo101347625/scratch/miaed_mnis_data/mrco_h5_svd/1d_svd_r8_test/even-dist_Files.022_processed_svd1d_r8.h5
Processing 8192 groups: /sdf/home/m/miaed/tmo_exp/tmo101347625/scratch/miaed_mnis_data/mrco_h5/test/even-dist_Files.040_processed.h5 -> /sdf/home/m/miaed/tmo_exp/tmo101347625/scratch/miaed_mnis_data/mrco_h5_svd/1d_svd_r8_test/even-dist_Files.040_processed_svd1d_r8.h5
  [200/8192] done
  [400/8192] done
  [600/8192] done
  [800/8192] done
  [1000/8192] done
  [1200/8192] done
  [1400/8192] done
  [1600/8192] done
  [1800/8192] done
  [2000/8192] done
  [2200/8192] done
  [2400/8192] done
  [2600/8192] done
  [2800/8192] done
  [3000/8192] done
  [3200/8192] done
  [3400/8192] done
  [3600/8192] done
  [3800/8192] done
  [4000/8192] done
  [4200/8192] done
  [4400/8192] done
  [4600/8192] done
  [4800/8192] done
  [5000/8192] done
  [5200/8192] done
  [5400/8192] done
  [5600/8192] done
  [5800/8192] done
  [6000/8192] done
  [6200/8192] done
  [6400/8192] done
  [6600/8192] done
  [6800/8192] done
  [7000/8192] done
  [7200/8192] done
  [7400/8192] done
  [7600/8192] done
  [7800/8192] done
  [8000/8192] done
  [8192/8192] done
Wrote /sdf/home/m/miaed/tmo_exp/tmo101347625/scratch/miaed_mnis_data/mrco_h5_svd/1d_svd_r8_test/even-dist_Files.040_processed_svd1d_r8.h5
Processing 8192 groups: /sdf/home/m/miaed/tmo_exp/tmo101347625/scratch/miaed_mnis_data/mrco_h5/test/even-dist_Files.045_processed.h5 -> /sdf/home/m/miaed/tmo_exp/tmo101347625/scratch/miaed_mnis_data/mrco_h5_svd/1d_svd_r8_test/even-dist_Files.045_processed_svd1d_r8.h5
  [200/8192] done
  [400/8192] done
  [600/8192] done
  [800/8192] done
  [1000/8192] done
  [1200/8192] done
  [1400/8192] done
  [1600/8192] done
  [1800/8192] done
  [2000/8192] done
  [2200/8192] done
  [2400/8192] done
  [2600/8192] done
  [2800/8192] done
  [3000/8192] done
  [3200/8192] done
  [3400/8192] done
  [3600/8192] done
  [3800/8192] done
  [4000/8192] done
  [4200/8192] done
  [4400/8192] done
  [4600/8192] done
  [4800/8192] done
  [5000/8192] done
  [5200/8192] done
  [5400/8192] done
  [5600/8192] done
  [5800/8192] done
  [6000/8192] done
  [6200/8192] done
  [6400/8192] done
  [6600/8192] done
  [6800/8192] done
  [7000/8192] done
  [7200/8192] done
  [7400/8192] done
  [7600/8192] done
  [7800/8192] done
  [8000/8192] done
  [8192/8192] done
Wrote /sdf/home/m/miaed/tmo_exp/tmo101347625/scratch/miaed_mnis_data/mrco_h5_svd/1d_svd_r8_test/even-dist_Files.045_processed_svd1d_r8.h5
Processing 8192 groups: /sdf/home/m/miaed/tmo_exp/tmo101347625/scratch/miaed_mnis_data/mrco_h5/test/even-dist_Files.048_processed.h5 -> /sdf/home/m/miaed/tmo_exp/tmo101347625/scratch/miaed_mnis_data/mrco_h5_svd/1d_svd_r8_test/even-dist_Files.048_processed_svd1d_r8.h5
  [200/8192] done
  [400/8192] done
  [600/8192] done
  [800/8192] done
  [1000/8192] done
  [1200/8192] done
  [1400/8192] done
  [1600/8192] done
  [1800/8192] done
  [2000/8192] done
  [2200/8192] done
  [2400/8192] done
  [2600/8192] done
  [2800/8192] done
  [3000/8192] done
  [3200/8192] done
  [3400/8192] done
  [3600/8192] done
  [3800/8192] done
  [4000/8192] done
  [4200/8192] done
  [4400/8192] done
  [4600/8192] done
  [4800/8192] done
  [5000/8192] done
  [5200/8192] done
  [5400/8192] done
  [5600/8192] done
  [5800/8192] done
  [6000/8192] done
  [6200/8192] done
  [6400/8192] done
  [6600/8192] done
  [6800/8192] done
  [7000/8192] done
  [7200/8192] done
  [7400/8192] done
  [7600/8192] done
  [7800/8192] done
  [8000/8192] done
  [8192/8192] done
Wrote /sdf/home/m/miaed/tmo_exp/tmo101347625/scratch/miaed_mnis_data/mrco_h5_svd/1d_svd_r8_test/even-dist_Files.048_processed_svd1d_r8.h5
Processing 8192 groups: /sdf/home/m/miaed/tmo_exp/tmo101347625/scratch/miaed_mnis_data/mrco_h5/test/even-dist_Files.050_processed.h5 -> /sdf/home/m/miaed/tmo_exp/tmo101347625/scratch/miaed_mnis_data/mrco_h5_svd/1d_svd_r8_test/even-dist_Files.050_processed_svd1d_r8.h5
  [200/8192] done
  [400/8192] done
  [600/8192] done
  [800/8192] done
  [1000/8192] done
  [1200/8192] done
  [1400/8192] done
  [1600/8192] done
  [1800/8192] done
  [2000/8192] done
  [2200/8192] done
  [2400/8192] done
  [2600/8192] done
  [2800/8192] done
  [3000/8192] done
  [3200/8192] done
  [3400/8192] done
  [3600/8192] done
  [3800/8192] done
  [4000/8192] done
  [4200/8192] done
  [4400/8192] done
  [4600/8192] done
  [4800/8192] done
  [5000/8192] done
  [5200/8192] done
  [5400/8192] done
  [5600/8192] done
  [5800/8192] done
  [6000/8192] done
  [6200/8192] done
  [6400/8192] done
  [6600/8192] done
  [6800/8192] done
  [7000/8192] done
  [7200/8192] done
  [7400/8192] done
  [7600/8192] done
  [7800/8192] done
  [8000/8192] done
  [8192/8192] done
Wrote /sdf/home/m/miaed/tmo_exp/tmo101347625/scratch/miaed_mnis_data/mrco_h5_svd/1d_svd_r8_test/even-dist_Files.050_processed_svd1d_r8.h5
Processing 8192 groups: /sdf/home/m/miaed/tmo_exp/tmo101347625/scratch/miaed_mnis_data/mrco_h5/test/even-dist_Files.052_processed.h5 -> /sdf/home/m/miaed/tmo_exp/tmo101347625/scratch/miaed_mnis_data/mrco_h5_svd/1d_svd_r8_test/even-dist_Files.052_processed_svd1d_r8.h5
  [200/8192] done
  [400/8192] done
  [600/8192] done
  [800/8192] done
  [1000/8192] done
  [1200/8192] done
  [1400/8192] done
  [1600/8192] done
  [1800/8192] done
  [2000/8192] done
  [2200/8192] done
  [2400/8192] done
  [2600/8192] done
  [2800/8192] done
  [3000/8192] done
  [3200/8192] done
  [3400/8192] done
  [3600/8192] done
  [3800/8192] done
  [4000/8192] done
  [4200/8192] done
  [4400/8192] done
  [4600/8192] done
  [4800/8192] done
  [5000/8192] done
  [5200/8192] done
  [5400/8192] done
  [5600/8192] done
  [5800/8192] done
  [6000/8192] done
  [6200/8192] done
  [6400/8192] done
  [6600/8192] done
  [6800/8192] done
  [7000/8192] done
  [7200/8192] done
  [7400/8192] done
  [7600/8192] done
  [7800/8192] done
  [8000/8192] done
  [8192/8192] done
Wrote /sdf/home/m/miaed/tmo_exp/tmo101347625/scratch/miaed_mnis_data/mrco_h5_svd/1d_svd_r8_test/even-dist_Files.052_processed_svd1d_r8.h5
Processing 8192 groups: /sdf/home/m/miaed/tmo_exp/tmo101347625/scratch/miaed_mnis_data/mrco_h5/test/Even_Distribution_Pulses_Processed_test_even-dist_Files.003_processed.h5 -> /sdf/home/m/miaed/tmo_exp/tmo101347625/scratch/miaed_mnis_data/mrco_h5_svd/1d_svd_r8_test/Even_Distribution_Pulses_Processed_test_even-dist_Files.003_processed_svd1d_r8.h5
  [200/8192] done
  [400/8192] done
  [600/8192] done
  [800/8192] done
  [1000/8192] done
  [1200/8192] done
  [1400/8192] done
  [1600/8192] done
  [1800/8192] done
  [2000/8192] done
  [2200/8192] done
  [2400/8192] done
  [2600/8192] done
  [2800/8192] done
  [3000/8192] done
  [3200/8192] done
  [3400/8192] done
  [3600/8192] done
  [3800/8192] done
  [4000/8192] done
  [4200/8192] done
  [4400/8192] done
  [4600/8192] done
  [4800/8192] done
  [5000/8192] done
  [5200/8192] done
  [5400/8192] done
  [5600/8192] done
  [5800/8192] done
  [6000/8192] done
  [6200/8192] done
  [6400/8192] done
  [6600/8192] done
  [6800/8192] done
  [7000/8192] done
  [7200/8192] done
  [7400/8192] done
  [7600/8192] done
  [7800/8192] done
  [8000/8192] done
  [8192/8192] done
Wrote /sdf/home/m/miaed/tmo_exp/tmo101347625/scratch/miaed_mnis_data/mrco_h5_svd/1d_svd_r8_test/Even_Distribution_Pulses_Processed_test_even-dist_Files.003_processed_svd1d_r8.h5
=== mode=1d rank=8 split=train: /sdf/home/m/miaed/tmo_exp/tmo101347625/scratch/miaed_mnis_data/mrco_h5/train -> /sdf/home/m/miaed/tmo_exp/tmo101347625/scratch/miaed_mnis_data/mrco_h5_svd/1d_svd_r8_train ===
Processing 8192 groups: /sdf/home/m/miaed/tmo_exp/tmo101347625/scratch/miaed_mnis_data/mrco_h5/train/even-dist_Files.001_processed.h5 -> /sdf/home/m/miaed/tmo_exp/tmo101347625/scratch/miaed_mnis_data/mrco_h5_svd/1d_svd_r8_train/even-dist_Files.001_processed_svd1d_r8.h5
  [200/8192] done
  [400/8192] done
  [600/8192] done
  [800/8192] done
  [1000/8192] done
  [1200/8192] done
  [1400/8192] done
  [1600/8192] done
  [1800/8192] done
  [2000/8192] done
  [2200/8192] done
  [2400/8192] done
  [2600/8192] done
  [2800/8192] done
  [3000/8192] done
  [3200/8192] done
  [3400/8192] done
  [3600/8192] done
  [3800/8192] done
  [4000/8192] done
  [4200/8192] done
  [4400/8192] done
  [4600/8192] done
  [4800/8192] done
  [5000/8192] done
  [5200/8192] done
  [5400/8192] done
  [5600/8192] done
  [5800/8192] done
  [6000/8192] done
  [6200/8192] done
  [6400/8192] done
  [6600/8192] done
  [6800/8192] done
  [7000/8192] done
  [7200/8192] done
  [7400/8192] done
  [7600/8192] done
  [7800/8192] done
  [8000/8192] done
  [8192/8192] done
Wrote /sdf/home/m/miaed/tmo_exp/tmo101347625/scratch/miaed_mnis_data/mrco_h5_svd/1d_svd_r8_train/even-dist_Files.001_processed_svd1d_r8.h5
Processing 8192 groups: /sdf/home/m/miaed/tmo_exp/tmo101347625/scratch/miaed_mnis_data/mrco_h5/train/even-dist_Files.002_processed.h5 -> /sdf/home/m/miaed/tmo_exp/tmo101347625/scratch/miaed_mnis_data/mrco_h5_svd/1d_svd_r8_train/even-dist_Files.002_processed_svd1d_r8.h5
  [200/8192] done
  [400/8192] done
  [600/8192] done
  [800/8192] done
  [1000/8192] done
  [1200/8192] done
  [1400/8192] done
  [1600/8192] done
  [1800/8192] done
  [2000/8192] done
  [2200/8192] done
  [2400/8192] done
  [2600/8192] done
  [2800/8192] done
  [3000/8192] done
  [3200/8192] done
  [3400/8192] done
  [3600/8192] done
  [3800/8192] done
  [4000/8192] done
  [4200/8192] done
  [4400/8192] done
  [4600/8192] done
  [4800/8192] done
  [5000/8192] done
  [5200/8192] done
  [5400/8192] done
  [5600/8192] done
  [5800/8192] done
  [6000/8192] done
  [6200/8192] done
  [6400/8192] done
  [6600/8192] done
  [6800/8192] done
  [7000/8192] done
  [7200/8192] done
  [7400/8192] done
  [7600/8192] done
  [7800/8192] done
  [8000/8192] done
  [8192/8192] done
Wrote /sdf/home/m/miaed/tmo_exp/tmo101347625/scratch/miaed_mnis_data/mrco_h5_svd/1d_svd_r8_train/even-dist_Files.002_processed_svd1d_r8.h5
Processing 8192 groups: /sdf/home/m/miaed/tmo_exp/tmo101347625/scratch/miaed_mnis_data/mrco_h5/train/even-dist_Files.004_processed.h5 -> /sdf/home/m/miaed/tmo_exp/tmo101347625/scratch/miaed_mnis_data/mrco_h5_svd/1d_svd_r8_train/even-dist_Files.004_processed_svd1d_r8.h5
  [200/8192] done
  [400/8192] done
  [600/8192] done
  [800/8192] done
  [1000/8192] done
  [1200/8192] done
  [1400/8192] done
  [1600/8192] done
  [1800/8192] done
  [2000/8192] done
  [2200/8192] done
  [2400/8192] done
  [2600/8192] done
  [2800/8192] done
  [3000/8192] done
  [3200/8192] done
  [3400/8192] done
  [3600/8192] done
  [3800/8192] done
  [4000/8192] done
  [4200/8192] done
  [4400/8192] done
  [4600/8192] done
  [4800/8192] done
  [5000/8192] done
  [5200/8192] done
  [5400/8192] done
  [5600/8192] done
  [5800/8192] done
  [6000/8192] done
  [6200/8192] done
  [6400/8192] done
  [6600/8192] done
  [6800/8192] done
  [7000/8192] done
  [7200/8192] done
  [7400/8192] done
  [7600/8192] done
  [7800/8192] done
  [8000/8192] done
  [8192/8192] done
Wrote /sdf/home/m/miaed/tmo_exp/tmo101347625/scratch/miaed_mnis_data/mrco_h5_svd/1d_svd_r8_train/even-dist_Files.004_processed_svd1d_r8.h5
Processing 8192 groups: /sdf/home/m/miaed/tmo_exp/tmo101347625/scratch/miaed_mnis_data/mrco_h5/train/even-dist_Files.003_processed.h5 -> /sdf/home/m/miaed/tmo_exp/tmo101347625/scratch/miaed_mnis_data/mrco_h5_svd/1d_svd_r8_train/even-dist_Files.003_processed_svd1d_r8.h5
  [200/8192] done
  [400/8192] done
  [600/8192] done
  [800/8192] done
  [1000/8192] done
  [1200/8192] done
  [1400/8192] done
  [1600/8192] done
  [1800/8192] done
  [2000/8192] done
  [2200/8192] done
  [2400/8192] done
  [2600/8192] done
  [2800/8192] done
  [3000/8192] done
  [3200/8192] done
  [3400/8192] done
  [3600/8192] done
  [3800/8192] done
  [4000/8192] done
  [4200/8192] done
  [4400/8192] done
  [4600/8192] done
  [4800/8192] done
  [5000/8192] done
  [5200/8192] done
  [5400/8192] done
  [5600/8192] done
  [5800/8192] done
  [6000/8192] done
  [6200/8192] done
  [6400/8192] done
  [6600/8192] done
  [6800/8192] done
  [7000/8192] done
  [7200/8192] done
  [7400/8192] done
  [7600/8192] done
  [7800/8192] done
  [8000/8192] done
  [8192/8192] done
Wrote /sdf/home/m/miaed/tmo_exp/tmo101347625/scratch/miaed_mnis_data/mrco_h5_svd/1d_svd_r8_train/even-dist_Files.003_processed_svd1d_r8.h5
Processing 8192 groups: /sdf/home/m/miaed/tmo_exp/tmo101347625/scratch/miaed_mnis_data/mrco_h5/train/even-dist_Files.005_processed.h5 -> /sdf/home/m/miaed/tmo_exp/tmo101347625/scratch/miaed_mnis_data/mrco_h5_svd/1d_svd_r8_train/even-dist_Files.005_processed_svd1d_r8.h5
  [200/8192] done
  [400/8192] done
  [600/8192] done
  [800/8192] done
  [1000/8192] done
  [1200/8192] done
  [1400/8192] done
  [1600/8192] done
  [1800/8192] done
  [2000/8192] done
  [2200/8192] done
  [2400/8192] done
  [2600/8192] done
  [2800/8192] done
  [3000/8192] done
  [3200/8192] done
  [3400/8192] done
  [3600/8192] done
  [3800/8192] done
  [4000/8192] done
  [4200/8192] done
  [4400/8192] done
  [4600/8192] done
  [4800/8192] done
  [5000/8192] done
  [5200/8192] done
  [5400/8192] done
  [5600/8192] done
  [5800/8192] done
  [6000/8192] done
  [6200/8192] done
  [6400/8192] done
  [6600/8192] done
  [6800/8192] done
  [7000/8192] done
  [7200/8192] done
  [7400/8192] done
  [7600/8192] done
  [7800/8192] done
  [8000/8192] done
  [8192/8192] done
Wrote /sdf/home/m/miaed/tmo_exp/tmo101347625/scratch/miaed_mnis_data/mrco_h5_svd/1d_svd_r8_train/even-dist_Files.005_processed_svd1d_r8.h5
Processing 8192 groups: /sdf/home/m/miaed/tmo_exp/tmo101347625/scratch/miaed_mnis_data/mrco_h5/train/even-dist_Files.007_processed.h5 -> /sdf/home/m/miaed/tmo_exp/tmo101347625/scratch/miaed_mnis_data/mrco_h5_svd/1d_svd_r8_train/even-dist_Files.007_processed_svd1d_r8.h5
  [200/8192] done
  [400/8192] done
  [600/8192] done
  [800/8192] done
  [1000/8192] done
  [1200/8192] done
  [1400/8192] done
  [1600/8192] done
  [1800/8192] done
  [2000/8192] done
  [2200/8192] done
  [2400/8192] done
  [2600/8192] done
  [2800/8192] done
  [3000/8192] done
  [3200/8192] done
  [3400/8192] done
  [3600/8192] done
  [3800/8192] done
  [4000/8192] done
  [4200/8192] done
  [4400/8192] done
  [4600/8192] done
  [4800/8192] done
  [5000/8192] done
  [5200/8192] done
  [5400/8192] done
  [5600/8192] done
  [5800/8192] done
  [6000/8192] done
  [6200/8192] done
  [6400/8192] done
  [6600/8192] done
  [6800/8192] done
  [7000/8192] done
  [7200/8192] done
  [7400/8192] done
  [7600/8192] done
  [7800/8192] done
  [8000/8192] done
  [8192/8192] done
Wrote /sdf/home/m/miaed/tmo_exp/tmo101347625/scratch/miaed_mnis_data/mrco_h5_svd/1d_svd_r8_train/even-dist_Files.007_processed_svd1d_r8.h5
Processing 8192 groups: /sdf/home/m/miaed/tmo_exp/tmo101347625/scratch/miaed_mnis_data/mrco_h5/train/even-dist_Files.006_processed.h5 -> /sdf/home/m/miaed/tmo_exp/tmo101347625/scratch/miaed_mnis_data/mrco_h5_svd/1d_svd_r8_train/even-dist_Files.006_processed_svd1d_r8.h5
  [200/8192] done
  [400/8192] done
  [600/8192] done
  [800/8192] done
  [1000/8192] done
  [1200/8192] done
  [1400/8192] done
  [1600/8192] done
  [1800/8192] done
  [2000/8192] done
  [2200/8192] done
  [2400/8192] done
  [2600/8192] done
  [2800/8192] done
  [3000/8192] done
  [3200/8192] done
  [3400/8192] done
  [3600/8192] done
  [3800/8192] done
  [4000/8192] done
  [4200/8192] done
  [4400/8192] done
  [4600/8192] done
  [4800/8192] done
  [5000/8192] done
  [5200/8192] done
  [5400/8192] done
  [5600/8192] done
  [5800/8192] done
  [6000/8192] done
  [6200/8192] done
  [6400/8192] done
  [6600/8192] done
  [6800/8192] done
  [7000/8192] done
  [7200/8192] done
  [7400/8192] done
  [7600/8192] done
  [7800/8192] done
  [8000/8192] done
  [8192/8192] done
Wrote /sdf/home/m/miaed/tmo_exp/tmo101347625/scratch/miaed_mnis_data/mrco_h5_svd/1d_svd_r8_train/even-dist_Files.006_processed_svd1d_r8.h5
Processing 8192 groups: /sdf/home/m/miaed/tmo_exp/tmo101347625/scratch/miaed_mnis_data/mrco_h5/train/even-dist_Files.008_processed.h5 -> /sdf/home/m/miaed/tmo_exp/tmo101347625/scratch/miaed_mnis_data/mrco_h5_svd/1d_svd_r8_train/even-dist_Files.008_processed_svd1d_r8.h5
  [200/8192] done
  [400/8192] done
  [600/8192] done
  [800/8192] done
  [1000/8192] done
  [1200/8192] done
  [1400/8192] done
  [1600/8192] done
  [1800/8192] done
  [2000/8192] done
  [2200/8192] done
  [2400/8192] done
  [2600/8192] done
  [2800/8192] done
  [3000/8192] done
  [3200/8192] done
  [3400/8192] done
  [3600/8192] done
  [3800/8192] done
  [4000/8192] done
  [4200/8192] done
  [4400/8192] done
  [4600/8192] done
  [4800/8192] done
  [5000/8192] done
  [5200/8192] done
  [5400/8192] done
  [5600/8192] done
  [5800/8192] done
  [6000/8192] done
  [6200/8192] done
  [6400/8192] done
  [6600/8192] done
  [6800/8192] done
  [7000/8192] done
  [7200/8192] done
  [7400/8192] done
  [7600/8192] done
  [7800/8192] done
  [8000/8192] done
  [8192/8192] done
Wrote /sdf/home/m/miaed/tmo_exp/tmo101347625/scratch/miaed_mnis_data/mrco_h5_svd/1d_svd_r8_train/even-dist_Files.008_processed_svd1d_r8.h5
Processing 8192 groups: /sdf/home/m/miaed/tmo_exp/tmo101347625/scratch/miaed_mnis_data/mrco_h5/train/even-dist_Files.009_processed.h5 -> /sdf/home/m/miaed/tmo_exp/tmo101347625/scratch/miaed_mnis_data/mrco_h5_svd/1d_svd_r8_train/even-dist_Files.009_processed_svd1d_r8.h5
  [200/8192] done
  [400/8192] done
  [600/8192] done
  [800/8192] done
  [1000/8192] done
  [1200/8192] done
  [1400/8192] done
  [1600/8192] done
  [1800/8192] done
  [2000/8192] done
  [2200/8192] done
  [2400/8192] done
  [2600/8192] done
  [2800/8192] done
  [3000/8192] done
  [3200/8192] done
  [3400/8192] done
  [3600/8192] done
  [3800/8192] done
  [4000/8192] done
  [4200/8192] done
  [4400/8192] done
  [4600/8192] done
  [4800/8192] done
  [5000/8192] done
  [5200/8192] done
  [5400/8192] done
  [5600/8192] done
  [5800/8192] done
  [6000/8192] done
  [6200/8192] done
  [6400/8192] done
  [6600/8192] done
  [6800/8192] done
  [7000/8192] done
  [7200/8192] done
  [7400/8192] done
  [7600/8192] done
  [7800/8192] done
  [8000/8192] done
  [8192/8192] done
Wrote /sdf/home/m/miaed/tmo_exp/tmo101347625/scratch/miaed_mnis_data/mrco_h5_svd/1d_svd_r8_train/even-dist_Files.009_processed_svd1d_r8.h5
Processing 8192 groups: /sdf/home/m/miaed/tmo_exp/tmo101347625/scratch/miaed_mnis_data/mrco_h5/train/even-dist_Files.017_processed.h5 -> /sdf/home/m/miaed/tmo_exp/tmo101347625/scratch/miaed_mnis_data/mrco_h5_svd/1d_svd_r8_train/even-dist_Files.017_processed_svd1d_r8.h5
  [200/8192] done
  [400/8192] done
  [600/8192] done
  [800/8192] done
  [1000/8192] done
  [1200/8192] done
  [1400/8192] done
  [1600/8192] done
  [1800/8192] done
  [2000/8192] done
  [2200/8192] done
  [2400/8192] done
  [2600/8192] done
  [2800/8192] done
  [3000/8192] done
  [3200/8192] done
  [3400/8192] done
  [3600/8192] done
  [3800/8192] done
  [4000/8192] done
  [4200/8192] done
  [4400/8192] done
  [4600/8192] done
  [4800/8192] done
  [5000/8192] done
  [5200/8192] done
  [5400/8192] done
  [5600/8192] done
  [5800/8192] done
  [6000/8192] done
  [6200/8192] done
  [6400/8192] done
  [6600/8192] done
  [6800/8192] done
  [7000/8192] done
  [7200/8192] done
  [7400/8192] done
  [7600/8192] done
  [7800/8192] done
  [8000/8192] done
  [8192/8192] done
Wrote /sdf/home/m/miaed/tmo_exp/tmo101347625/scratch/miaed_mnis_data/mrco_h5_svd/1d_svd_r8_train/even-dist_Files.017_processed_svd1d_r8.h5
Processing 8192 groups: /sdf/home/m/miaed/tmo_exp/tmo101347625/scratch/miaed_mnis_data/mrco_h5/train/even-dist_Files.016_processed.h5 -> /sdf/home/m/miaed/tmo_exp/tmo101347625/scratch/miaed_mnis_data/mrco_h5_svd/1d_svd_r8_train/even-dist_Files.016_processed_svd1d_r8.h5
  [200/8192] done
  [400/8192] done
  [600/8192] done
  [800/8192] done
  [1000/8192] done
  [1200/8192] done
  [1400/8192] done
  [1600/8192] done
  [1800/8192] done
  [2000/8192] done
  [2200/8192] done
  [2400/8192] done
  [2600/8192] done
  [2800/8192] done
  [3000/8192] done
  [3200/8192] done
  [3400/8192] done
  [3600/8192] done
  [3800/8192] done
  [4000/8192] done
  [4200/8192] done
  [4400/8192] done
  [4600/8192] done
  [4800/8192] done
  [5000/8192] done
  [5200/8192] done
  [5400/8192] done
  [5600/8192] done
  [5800/8192] done
  [6000/8192] done
  [6200/8192] done
  [6400/8192] done
  [6600/8192] done
  [6800/8192] done
  [7000/8192] done
  [7200/8192] done
  [7400/8192] done
  [7600/8192] done
  [7800/8192] done
  [8000/8192] done
  [8192/8192] done
Wrote /sdf/home/m/miaed/tmo_exp/tmo101347625/scratch/miaed_mnis_data/mrco_h5_svd/1d_svd_r8_train/even-dist_Files.016_processed_svd1d_r8.h5
Processing 8192 groups: /sdf/home/m/miaed/tmo_exp/tmo101347625/scratch/miaed_mnis_data/mrco_h5/train/even-dist_Files.018_processed.h5 -> /sdf/home/m/miaed/tmo_exp/tmo101347625/scratch/miaed_mnis_data/mrco_h5_svd/1d_svd_r8_train/even-dist_Files.018_processed_svd1d_r8.h5
  [200/8192] done
  [400/8192] done
  [600/8192] done
  [800/8192] done
  [1000/8192] done
  [1200/8192] done
  [1400/8192] done
  [1600/8192] done
  [1800/8192] done
  [2000/8192] done
  [2200/8192] done
  [2400/8192] done
  [2600/8192] done
  [2800/8192] done
  [3000/8192] done
  [3200/8192] done
  [3400/8192] done
  [3600/8192] done
  [3800/8192] done
  [4000/8192] done
  [4200/8192] done
  [4400/8192] done
  [4600/8192] done
  [4800/8192] done
  [5000/8192] done
  [5200/8192] done
  [5400/8192] done
  [5600/8192] done
  [5800/8192] done
  [6000/8192] done
  [6200/8192] done
  [6400/8192] done
  [6600/8192] done
  [6800/8192] done
  [7000/8192] done
  [7200/8192] done
  [7400/8192] done
  [7600/8192] done
  [7800/8192] done
  [8000/8192] done
  [8192/8192] done
Wrote /sdf/home/m/miaed/tmo_exp/tmo101347625/scratch/miaed_mnis_data/mrco_h5_svd/1d_svd_r8_train/even-dist_Files.018_processed_svd1d_r8.h5
Processing 8192 groups: /sdf/home/m/miaed/tmo_exp/tmo101347625/scratch/miaed_mnis_data/mrco_h5/train/even-dist_Files.019_processed.h5 -> /sdf/home/m/miaed/tmo_exp/tmo101347625/scratch/miaed_mnis_data/mrco_h5_svd/1d_svd_r8_train/even-dist_Files.019_processed_svd1d_r8.h5
  [200/8192] done
  [400/8192] done
  [600/8192] done
  [800/8192] done
  [1000/8192] done
  [1200/8192] done
  [1400/8192] done
  [1600/8192] done
  [1800/8192] done
  [2000/8192] done
  [2200/8192] done
  [2400/8192] done
  [2600/8192] done
  [2800/8192] done
  [3000/8192] done
  [3200/8192] done
  [3400/8192] done
  [3600/8192] done
  [3800/8192] done
  [4000/8192] done
  [4200/8192] done
  [4400/8192] done
  [4600/8192] done
  [4800/8192] done
  [5000/8192] done
  [5200/8192] done
  [5400/8192] done
  [5600/8192] done
  [5800/8192] done
  [6000/8192] done
  [6200/8192] done
  [6400/8192] done
  [6600/8192] done
  [6800/8192] done
  [7000/8192] done
  [7200/8192] done
  [7400/8192] done
  [7600/8192] done
  [7800/8192] done
  [8000/8192] done
  [8192/8192] done
Wrote /sdf/home/m/miaed/tmo_exp/tmo101347625/scratch/miaed_mnis_data/mrco_h5_svd/1d_svd_r8_train/even-dist_Files.019_processed_svd1d_r8.h5
Processing 8192 groups: /sdf/home/m/miaed/tmo_exp/tmo101347625/scratch/miaed_mnis_data/mrco_h5/train/even-dist_Files.021_processed.h5 -> /sdf/home/m/miaed/tmo_exp/tmo101347625/scratch/miaed_mnis_data/mrco_h5_svd/1d_svd_r8_train/even-dist_Files.021_processed_svd1d_r8.h5
  [200/8192] done
  [400/8192] done
  [600/8192] done
  [800/8192] done
  [1000/8192] done
  [1200/8192] done
  [1400/8192] done
  [1600/8192] done
  [1800/8192] done
  [2000/8192] done
  [2200/8192] done
  [2400/8192] done
  [2600/8192] done
  [2800/8192] done
  [3000/8192] done
  [3200/8192] done
  [3400/8192] done
  [3600/8192] done
  [3800/8192] done
  [4000/8192] done
  [4200/8192] done
  [4400/8192] done
  [4600/8192] done
  [4800/8192] done
  [5000/8192] done
  [5200/8192] done
  [5400/8192] done
  [5600/8192] done
  [5800/8192] done
  [6000/8192] done
  [6200/8192] done
  [6400/8192] done
  [6600/8192] done
  [6800/8192] done
  [7000/8192] done
  [7200/8192] done
  [7400/8192] done
  [7600/8192] done
  [7800/8192] done
  [8000/8192] done
  [8192/8192] done
Wrote /sdf/home/m/miaed/tmo_exp/tmo101347625/scratch/miaed_mnis_data/mrco_h5_svd/1d_svd_r8_train/even-dist_Files.021_processed_svd1d_r8.h5
Processing 8192 groups: /sdf/home/m/miaed/tmo_exp/tmo101347625/scratch/miaed_mnis_data/mrco_h5/train/even-dist_Files.020_processed.h5 -> /sdf/home/m/miaed/tmo_exp/tmo101347625/scratch/miaed_mnis_data/mrco_h5_svd/1d_svd_r8_train/even-dist_Files.020_processed_svd1d_r8.h5
  [200/8192] done
  [400/8192] done
  [600/8192] done
  [800/8192] done
  [1000/8192] done
  [1200/8192] done
  [1400/8192] done
  [1600/8192] done
  [1800/8192] done
  [2000/8192] done
  [2200/8192] done
  [2400/8192] done
  [2600/8192] done
  [2800/8192] done
  [3000/8192] done
  [3200/8192] done
  [3400/8192] done
  [3600/8192] done
  [3800/8192] done
  [4000/8192] done
  [4200/8192] done
  [4400/8192] done
  [4600/8192] done
  [4800/8192] done
  [5000/8192] done
  [5200/8192] done
  [5400/8192] done
  [5600/8192] done
  [5800/8192] done
  [6000/8192] done
  [6200/8192] done
  [6400/8192] done
  [6600/8192] done
  [6800/8192] done
  [7000/8192] done
  [7200/8192] done
  [7400/8192] done
  [7600/8192] done
  [7800/8192] done
  [8000/8192] done
  [8192/8192] done
Wrote /sdf/home/m/miaed/tmo_exp/tmo101347625/scratch/miaed_mnis_data/mrco_h5_svd/1d_svd_r8_train/even-dist_Files.020_processed_svd1d_r8.h5
Processing 8192 groups: /sdf/home/m/miaed/tmo_exp/tmo101347625/scratch/miaed_mnis_data/mrco_h5/train/even-dist_Files.022_processed.h5 -> /sdf/home/m/miaed/tmo_exp/tmo101347625/scratch/miaed_mnis_data/mrco_h5_svd/1d_svd_r8_train/even-dist_Files.022_processed_svd1d_r8.h5
  [200/8192] done
  [400/8192] done
  [600/8192] done
  [800/8192] done
  [1000/8192] done
  [1200/8192] done
  [1400/8192] done
  [1600/8192] done
  [1800/8192] done
  [2000/8192] done
  [2200/8192] done
  [2400/8192] done
  [2600/8192] done
  [2800/8192] done
  [3000/8192] done
  [3200/8192] done
  [3400/8192] done
  [3600/8192] done
  [3800/8192] done
  [4000/8192] done
  [4200/8192] done
  [4400/8192] done
  [4600/8192] done
  [4800/8192] done
  [5000/8192] done
  [5200/8192] done
  [5400/8192] done
  [5600/8192] done
  [5800/8192] done
  [6000/8192] done
  [6200/8192] done
  [6400/8192] done
  [6600/8192] done
  [6800/8192] done
  [7000/8192] done
  [7200/8192] done
  [7400/8192] done
  [7600/8192] done
  [7800/8192] done
  [8000/8192] done
  [8192/8192] done
Wrote /sdf/home/m/miaed/tmo_exp/tmo101347625/scratch/miaed_mnis_data/mrco_h5_svd/1d_svd_r8_train/even-dist_Files.022_processed_svd1d_r8.h5
Processing 8192 groups: /sdf/home/m/miaed/tmo_exp/tmo101347625/scratch/miaed_mnis_data/mrco_h5/train/even-dist_Files.025_processed.h5 -> /sdf/home/m/miaed/tmo_exp/tmo101347625/scratch/miaed_mnis_data/mrco_h5_svd/1d_svd_r8_train/even-dist_Files.025_processed_svd1d_r8.h5
  [200/8192] done
  [400/8192] done
  [600/8192] done
  [800/8192] done
  [1000/8192] done
  [1200/8192] done
  [1400/8192] done
  [1600/8192] done
  [1800/8192] done
  [2000/8192] done
  [2200/8192] done
  [2400/8192] done
  [2600/8192] done
  [2800/8192] done
  [3000/8192] done
  [3200/8192] done
  [3400/8192] done
  [3600/8192] done
  [3800/8192] done
  [4000/8192] done
  [4200/8192] done
  [4400/8192] done
  [4600/8192] done
  [4800/8192] done
  [5000/8192] done
  [5200/8192] done
  [5400/8192] done
  [5600/8192] done
  [5800/8192] done
  [6000/8192] done
  [6200/8192] done
  [6400/8192] done
  [6600/8192] done
  [6800/8192] done
  [7000/8192] done
  [7200/8192] done
  [7400/8192] done
  [7600/8192] done
  [7800/8192] done
  [8000/8192] done
  [8192/8192] done
Wrote /sdf/home/m/miaed/tmo_exp/tmo101347625/scratch/miaed_mnis_data/mrco_h5_svd/1d_svd_r8_train/even-dist_Files.025_processed_svd1d_r8.h5
Processing 8192 groups: /sdf/home/m/miaed/tmo_exp/tmo101347625/scratch/miaed_mnis_data/mrco_h5/train/even-dist_Files.023_processed.h5 -> /sdf/home/m/miaed/tmo_exp/tmo101347625/scratch/miaed_mnis_data/mrco_h5_svd/1d_svd_r8_train/even-dist_Files.023_processed_svd1d_r8.h5
  [200/8192] done
  [400/8192] done
  [600/8192] done
  [800/8192] done
  [1000/8192] done
  [1200/8192] done
  [1400/8192] done
  [1600/8192] done
  [1800/8192] done
  [2000/8192] done
  [2200/8192] done
  [2400/8192] done
  [2600/8192] done
  [2800/8192] done
  [3000/8192] done
  [3200/8192] done
  [3400/8192] done
  [3600/8192] done
  [3800/8192] done
  [4000/8192] done
  [4200/8192] done
  [4400/8192] done
  [4600/8192] done
  [4800/8192] done
  [5000/8192] done
  [5200/8192] done
  [5400/8192] done
  [5600/8192] done
  [5800/8192] done
  [6000/8192] done
  [6200/8192] done
  [6400/8192] done
  [6600/8192] done
  [6800/8192] done
  [7000/8192] done
  [7200/8192] done
  [7400/8192] done
  [7600/8192] done
  [7800/8192] done
  [8000/8192] done
  [8192/8192] done
Wrote /sdf/home/m/miaed/tmo_exp/tmo101347625/scratch/miaed_mnis_data/mrco_h5_svd/1d_svd_r8_train/even-dist_Files.023_processed_svd1d_r8.h5
Processing 8192 groups: /sdf/home/m/miaed/tmo_exp/tmo101347625/scratch/miaed_mnis_data/mrco_h5/train/even-dist_Files.024_processed.h5 -> /sdf/home/m/miaed/tmo_exp/tmo101347625/scratch/miaed_mnis_data/mrco_h5_svd/1d_svd_r8_train/even-dist_Files.024_processed_svd1d_r8.h5
  [200/8192] done
  [400/8192] done
  [600/8192] done
  [800/8192] done
  [1000/8192] done
  [1200/8192] done
  [1400/8192] done
  [1600/8192] done
  [1800/8192] done
  [2000/8192] done
  [2200/8192] done
  [2400/8192] done
  [2600/8192] done
  [2800/8192] done
  [3000/8192] done
  [3200/8192] done
  [3400/8192] done
  [3600/8192] done
  [3800/8192] done
  [4000/8192] done
  [4200/8192] done
  [4400/8192] done
  [4600/8192] done
  [4800/8192] done
  [5000/8192] done
  [5200/8192] done
  [5400/8192] done
  [5600/8192] done
  [5800/8192] done
  [6000/8192] done
  [6200/8192] done
  [6400/8192] done
  [6600/8192] done
  [6800/8192] done
  [7000/8192] done
  [7200/8192] done
  [7400/8192] done
  [7600/8192] done
  [7800/8192] done
  [8000/8192] done
  [8192/8192] done
Wrote /sdf/home/m/miaed/tmo_exp/tmo101347625/scratch/miaed_mnis_data/mrco_h5_svd/1d_svd_r8_train/even-dist_Files.024_processed_svd1d_r8.h5
Processing 8192 groups: /sdf/home/m/miaed/tmo_exp/tmo101347625/scratch/miaed_mnis_data/mrco_h5/train/even-dist_Files.026_processed.h5 -> /sdf/home/m/miaed/tmo_exp/tmo101347625/scratch/miaed_mnis_data/mrco_h5_svd/1d_svd_r8_train/even-dist_Files.026_processed_svd1d_r8.h5
  [200/8192] done
  [400/8192] done
  [600/8192] done
  [800/8192] done
  [1000/8192] done
  [1200/8192] done
  [1400/8192] done
  [1600/8192] done
  [1800/8192] done
  [2000/8192] done
  [2200/8192] done
  [2400/8192] done
  [2600/8192] done
  [2800/8192] done
  [3000/8192] done
  [3200/8192] done
  [3400/8192] done
  [3600/8192] done
  [3800/8192] done
  [4000/8192] done
  [4200/8192] done
  [4400/8192] done
  [4600/8192] done
  [4800/8192] done
  [5000/8192] done
  [5200/8192] done
  [5400/8192] done
  [5600/8192] done
  [5800/8192] done
  [6000/8192] done
  [6200/8192] done
  [6400/8192] done
  [6600/8192] done
  [6800/8192] done
  [7000/8192] done
  [7200/8192] done
  [7400/8192] done
  [7600/8192] done
  [7800/8192] done
  [8000/8192] done
  [8192/8192] done
Wrote /sdf/home/m/miaed/tmo_exp/tmo101347625/scratch/miaed_mnis_data/mrco_h5_svd/1d_svd_r8_train/even-dist_Files.026_processed_svd1d_r8.h5
Processing 8192 groups: /sdf/home/m/miaed/tmo_exp/tmo101347625/scratch/miaed_mnis_data/mrco_h5/train/even-dist_Files.028_processed.h5 -> /sdf/home/m/miaed/tmo_exp/tmo101347625/scratch/miaed_mnis_data/mrco_h5_svd/1d_svd_r8_train/even-dist_Files.028_processed_svd1d_r8.h5
  [200/8192] done
  [400/8192] done
  [600/8192] done
  [800/8192] done
  [1000/8192] done
  [1200/8192] done
  [1400/8192] done
  [1600/8192] done
  [1800/8192] done
  [2000/8192] done
  [2200/8192] done
  [2400/8192] done
  [2600/8192] done
  [2800/8192] done
  [3000/8192] done
  [3200/8192] done
  [3400/8192] done
  [3600/8192] done
  [3800/8192] done
  [4000/8192] done
  [4200/8192] done
  [4400/8192] done
  [4600/8192] done
  [4800/8192] done
  [5000/8192] done
  [5200/8192] done
  [5400/8192] done
  [5600/8192] done
  [5800/8192] done
  [6000/8192] done
  [6200/8192] done
  [6400/8192] done
  [6600/8192] done
  [6800/8192] done
  [7000/8192] done
  [7200/8192] done
  [7400/8192] done
  [7600/8192] done
  [7800/8192] done
  [8000/8192] done
  [8192/8192] done
Wrote /sdf/home/m/miaed/tmo_exp/tmo101347625/scratch/miaed_mnis_data/mrco_h5_svd/1d_svd_r8_train/even-dist_Files.028_processed_svd1d_r8.h5
Processing 8192 groups: /sdf/home/m/miaed/tmo_exp/tmo101347625/scratch/miaed_mnis_data/mrco_h5/train/even-dist_Files.027_processed.h5 -> /sdf/home/m/miaed/tmo_exp/tmo101347625/scratch/miaed_mnis_data/mrco_h5_svd/1d_svd_r8_train/even-dist_Files.027_processed_svd1d_r8.h5
  [200/8192] done
  [400/8192] done
  [600/8192] done
  [800/8192] done
  [1000/8192] done
  [1200/8192] done
  [1400/8192] done
  [1600/8192] done
  [1800/8192] done
  [2000/8192] done
  [2200/8192] done
  [2400/8192] done
  [2600/8192] done
  [2800/8192] done
  [3000/8192] done
  [3200/8192] done
  [3400/8192] done
  [3600/8192] done
  [3800/8192] done
  [4000/8192] done
  [4200/8192] done
  [4400/8192] done
  [4600/8192] done
  [4800/8192] done
  [5000/8192] done
  [5200/8192] done
  [5400/8192] done
  [5600/8192] done
  [5800/8192] done
  [6000/8192] done
  [6200/8192] done
  [6400/8192] done
  [6600/8192] done
  [6800/8192] done
  [7000/8192] done
  [7200/8192] done
  [7400/8192] done
  [7600/8192] done
  [7800/8192] done
  [8000/8192] done
  [8192/8192] done
Wrote /sdf/home/m/miaed/tmo_exp/tmo101347625/scratch/miaed_mnis_data/mrco_h5_svd/1d_svd_r8_train/even-dist_Files.027_processed_svd1d_r8.h5
Processing 8192 groups: /sdf/home/m/miaed/tmo_exp/tmo101347625/scratch/miaed_mnis_data/mrco_h5/train/even-dist_Files.029_processed.h5 -> /sdf/home/m/miaed/tmo_exp/tmo101347625/scratch/miaed_mnis_data/mrco_h5_svd/1d_svd_r8_train/even-dist_Files.029_processed_svd1d_r8.h5
  [200/8192] done
  [400/8192] done
  [600/8192] done
  [800/8192] done
  [1000/8192] done
  [1200/8192] done
  [1400/8192] done
  [1600/8192] done
  [1800/8192] done
  [2000/8192] done
  [2200/8192] done
  [2400/8192] done
  [2600/8192] done
  [2800/8192] done
  [3000/8192] done
  [3200/8192] done
  [3400/8192] done
  [3600/8192] done
  [3800/8192] done
  [4000/8192] done
  [4200/8192] done
  [4400/8192] done
  [4600/8192] done
  [4800/8192] done
  [5000/8192] done
  [5200/8192] done
  [5400/8192] done
  [5600/8192] done
  [5800/8192] done
  [6000/8192] done
  [6200/8192] done
  [6400/8192] done
  [6600/8192] done
  [6800/8192] done
  [7000/8192] done
  [7200/8192] done
  [7400/8192] done
  [7600/8192] done
  [7800/8192] done
  [8000/8192] done
  [8192/8192] done
Wrote /sdf/home/m/miaed/tmo_exp/tmo101347625/scratch/miaed_mnis_data/mrco_h5_svd/1d_svd_r8_train/even-dist_Files.029_processed_svd1d_r8.h5
Processing 8192 groups: /sdf/home/m/miaed/tmo_exp/tmo101347625/scratch/miaed_mnis_data/mrco_h5/train/even-dist_Files.030_processed.h5 -> /sdf/home/m/miaed/tmo_exp/tmo101347625/scratch/miaed_mnis_data/mrco_h5_svd/1d_svd_r8_train/even-dist_Files.030_processed_svd1d_r8.h5
  [200/8192] done
  [400/8192] done
  [600/8192] done
  [800/8192] done
  [1000/8192] done
  [1200/8192] done
  [1400/8192] done
  [1600/8192] done
  [1800/8192] done
  [2000/8192] done
  [2200/8192] done
  [2400/8192] done
  [2600/8192] done
  [2800/8192] done
  [3000/8192] done
  [3200/8192] done
  [3400/8192] done
  [3600/8192] done
  [3800/8192] done
  [4000/8192] done
  [4200/8192] done
  [4400/8192] done
  [4600/8192] done
  [4800/8192] done
  [5000/8192] done
  [5200/8192] done
  [5400/8192] done
  [5600/8192] done
  [5800/8192] done
  [6000/8192] done
  [6200/8192] done
  [6400/8192] done
  [6600/8192] done
  [6800/8192] done
  [7000/8192] done
  [7200/8192] done
  [7400/8192] done
  [7600/8192] done
  [7800/8192] done
  [8000/8192] done
  [8192/8192] done
Wrote /sdf/home/m/miaed/tmo_exp/tmo101347625/scratch/miaed_mnis_data/mrco_h5_svd/1d_svd_r8_train/even-dist_Files.030_processed_svd1d_r8.h5
Processing 8192 groups: /sdf/home/m/miaed/tmo_exp/tmo101347625/scratch/miaed_mnis_data/mrco_h5/train/even-dist_Files.032_processed.h5 -> /sdf/home/m/miaed/tmo_exp/tmo101347625/scratch/miaed_mnis_data/mrco_h5_svd/1d_svd_r8_train/even-dist_Files.032_processed_svd1d_r8.h5
  [200/8192] done
  [400/8192] done
  [600/8192] done
  [800/8192] done
  [1000/8192] done
  [1200/8192] done
  [1400/8192] done
  [1600/8192] done
  [1800/8192] done
  [2000/8192] done
  [2200/8192] done
  [2400/8192] done
  [2600/8192] done
  [2800/8192] done
  [3000/8192] done
  [3200/8192] done
  [3400/8192] done
  [3600/8192] done
  [3800/8192] done
  [4000/8192] done
  [4200/8192] done
  [4400/8192] done
  [4600/8192] done
  [4800/8192] done
  [5000/8192] done
  [5200/8192] done
  [5400/8192] done
  [5600/8192] done
  [5800/8192] done
  [6000/8192] done
  [6200/8192] done
  [6400/8192] done
  [6600/8192] done
  [6800/8192] done
  [7000/8192] done
  [7200/8192] done
  [7400/8192] done
  [7600/8192] done
  [7800/8192] done
  [8000/8192] done
  [8192/8192] done
Wrote /sdf/home/m/miaed/tmo_exp/tmo101347625/scratch/miaed_mnis_data/mrco_h5_svd/1d_svd_r8_train/even-dist_Files.032_processed_svd1d_r8.h5
Processing 8192 groups: /sdf/home/m/miaed/tmo_exp/tmo101347625/scratch/miaed_mnis_data/mrco_h5/train/even-dist_Files.031_processed.h5 -> /sdf/home/m/miaed/tmo_exp/tmo101347625/scratch/miaed_mnis_data/mrco_h5_svd/1d_svd_r8_train/even-dist_Files.031_processed_svd1d_r8.h5
  [200/8192] done
  [400/8192] done
  [600/8192] done
  [800/8192] done
  [1000/8192] done
  [1200/8192] done
  [1400/8192] done
  [1600/8192] done
  [1800/8192] done
  [2000/8192] done
  [2200/8192] done
  [2400/8192] done
  [2600/8192] done
  [2800/8192] done
  [3000/8192] done
  [3200/8192] done
  [3400/8192] done
  [3600/8192] done
  [3800/8192] done
  [4000/8192] done
  [4200/8192] done
  [4400/8192] done
  [4600/8192] done
  [4800/8192] done
  [5000/8192] done
  [5200/8192] done
  [5400/8192] done
  [5600/8192] done
  [5800/8192] done
  [6000/8192] done
  [6200/8192] done
  [6400/8192] done
  [6600/8192] done
  [6800/8192] done
  [7000/8192] done
  [7200/8192] done
  [7400/8192] done
  [7600/8192] done
  [7800/8192] done
  [8000/8192] done
  [8192/8192] done
Wrote /sdf/home/m/miaed/tmo_exp/tmo101347625/scratch/miaed_mnis_data/mrco_h5_svd/1d_svd_r8_train/even-dist_Files.031_processed_svd1d_r8.h5
Processing 8192 groups: /sdf/home/m/miaed/tmo_exp/tmo101347625/scratch/miaed_mnis_data/mrco_h5/train/even-dist_Files.033_processed.h5 -> /sdf/home/m/miaed/tmo_exp/tmo101347625/scratch/miaed_mnis_data/mrco_h5_svd/1d_svd_r8_train/even-dist_Files.033_processed_svd1d_r8.h5
  [200/8192] done
  [400/8192] done
  [600/8192] done
  [800/8192] done
  [1000/8192] done
  [1200/8192] done
  [1400/8192] done
  [1600/8192] done
  [1800/8192] done
  [2000/8192] done
  [2200/8192] done
  [2400/8192] done
  [2600/8192] done
  [2800/8192] done
  [3000/8192] done
  [3200/8192] done
  [3400/8192] done
  [3600/8192] done
  [3800/8192] done
  [4000/8192] done
  [4200/8192] done
  [4400/8192] done
  [4600/8192] done
  [4800/8192] done
  [5000/8192] done
  [5200/8192] done
  [5400/8192] done
  [5600/8192] done
  [5800/8192] done
  [6000/8192] done
  [6200/8192] done
  [6400/8192] done
  [6600/8192] done
  [6800/8192] done
  [7000/8192] done
  [7200/8192] done
  [7400/8192] done
  [7600/8192] done
  [7800/8192] done
  [8000/8192] done
  [8192/8192] done
Wrote /sdf/home/m/miaed/tmo_exp/tmo101347625/scratch/miaed_mnis_data/mrco_h5_svd/1d_svd_r8_train/even-dist_Files.033_processed_svd1d_r8.h5
Processing 8192 groups: /sdf/home/m/miaed/tmo_exp/tmo101347625/scratch/miaed_mnis_data/mrco_h5/train/even-dist_Files.034_processed.h5 -> /sdf/home/m/miaed/tmo_exp/tmo101347625/scratch/miaed_mnis_data/mrco_h5_svd/1d_svd_r8_train/even-dist_Files.034_processed_svd1d_r8.h5
  [200/8192] done
  [400/8192] done
  [600/8192] done
  [800/8192] done
  [1000/8192] done
  [1200/8192] done
  [1400/8192] done
  [1600/8192] done
  [1800/8192] done
  [2000/8192] done
  [2200/8192] done
  [2400/8192] done
  [2600/8192] done
  [2800/8192] done
  [3000/8192] done
  [3200/8192] done
  [3400/8192] done
  [3600/8192] done
  [3800/8192] done
  [4000/8192] done
  [4200/8192] done
  [4400/8192] done
  [4600/8192] done
  [4800/8192] done
  [5000/8192] done
  [5200/8192] done
  [5400/8192] done
  [5600/8192] done
  [5800/8192] done
  [6000/8192] done
  [6200/8192] done
  [6400/8192] done
  [6600/8192] done
  [6800/8192] done
  [7000/8192] done
  [7200/8192] done
  [7400/8192] done
  [7600/8192] done
  [7800/8192] done
  [8000/8192] done
  [8192/8192] done
Wrote /sdf/home/m/miaed/tmo_exp/tmo101347625/scratch/miaed_mnis_data/mrco_h5_svd/1d_svd_r8_train/even-dist_Files.034_processed_svd1d_r8.h5
Processing 8192 groups: /sdf/home/m/miaed/tmo_exp/tmo101347625/scratch/miaed_mnis_data/mrco_h5/train/even-dist_Files.035_processed.h5 -> /sdf/home/m/miaed/tmo_exp/tmo101347625/scratch/miaed_mnis_data/mrco_h5_svd/1d_svd_r8_train/even-dist_Files.035_processed_svd1d_r8.h5
  [200/8192] done
  [400/8192] done
  [600/8192] done
  [800/8192] done
  [1000/8192] done
  [1200/8192] done
  [1400/8192] done
  [1600/8192] done
  [1800/8192] done
  [2000/8192] done
  [2200/8192] done
  [2400/8192] done
  [2600/8192] done
  [2800/8192] done
  [3000/8192] done
  [3200/8192] done
  [3400/8192] done
  [3600/8192] done
  [3800/8192] done
  [4000/8192] done
  [4200/8192] done
  [4400/8192] done
  [4600/8192] done
  [4800/8192] done
  [5000/8192] done
  [5200/8192] done
  [5400/8192] done
  [5600/8192] done
  [5800/8192] done
  [6000/8192] done
  [6200/8192] done
  [6400/8192] done
  [6600/8192] done
  [6800/8192] done
  [7000/8192] done
  [7200/8192] done
  [7400/8192] done
  [7600/8192] done
  [7800/8192] done
  [8000/8192] done
  [8192/8192] done
Wrote /sdf/home/m/miaed/tmo_exp/tmo101347625/scratch/miaed_mnis_data/mrco_h5_svd/1d_svd_r8_train/even-dist_Files.035_processed_svd1d_r8.h5
Processing 8192 groups: /sdf/home/m/miaed/tmo_exp/tmo101347625/scratch/miaed_mnis_data/mrco_h5/train/Even_Distribution_Pulses_Processed_train_even-dist_Files.000_processed.h5 -> /sdf/home/m/miaed/tmo_exp/tmo101347625/scratch/miaed_mnis_data/mrco_h5_svd/1d_svd_r8_train/Even_Distribution_Pulses_Processed_train_even-dist_Files.000_processed_svd1d_r8.h5
  [200/8192] done
  [400/8192] done
  [600/8192] done
  [800/8192] done
  [1000/8192] done
  [1200/8192] done
  [1400/8192] done
  [1600/8192] done
  [1800/8192] done
  [2000/8192] done
  [2200/8192] done
  [2400/8192] done
  [2600/8192] done
  [2800/8192] done
  [3000/8192] done
  [3200/8192] done
  [3400/8192] done
  [3600/8192] done
  [3800/8192] done
  [4000/8192] done
  [4200/8192] done
  [4400/8192] done
  [4600/8192] done
  [4800/8192] done
  [5000/8192] done
  [5200/8192] done
  [5400/8192] done
  [5600/8192] done
  [5800/8192] done
  [6000/8192] done
  [6200/8192] done
  [6400/8192] done
  [6600/8192] done
  [6800/8192] done
  [7000/8192] done
  [7200/8192] done
  [7400/8192] done
  [7600/8192] done
  [7800/8192] done
  [8000/8192] done
  [8192/8192] done
Wrote /sdf/home/m/miaed/tmo_exp/tmo101347625/scratch/miaed_mnis_data/mrco_h5_svd/1d_svd_r8_train/Even_Distribution_Pulses_Processed_train_even-dist_Files.000_processed_svd1d_r8.h5
=== mode=1d rank=16 split=test: /sdf/home/m/miaed/tmo_exp/tmo101347625/scratch/miaed_mnis_data/mrco_h5/test -> /sdf/home/m/miaed/tmo_exp/tmo101347625/scratch/miaed_mnis_data/mrco_h5_svd/1d_svd_r16_test ===
Processing 8192 groups: /sdf/home/m/miaed/tmo_exp/tmo101347625/scratch/miaed_mnis_data/mrco_h5/test/even-dist_Files.037_processed.h5 -> /sdf/home/m/miaed/tmo_exp/tmo101347625/scratch/miaed_mnis_data/mrco_h5_svd/1d_svd_r16_test/even-dist_Files.037_processed_svd1d_r16.h5
  [200/8192] done
  [400/8192] done
  [600/8192] done
  [800/8192] done
  [1000/8192] done
  [1200/8192] done
  [1400/8192] done
  [1600/8192] done
  [1800/8192] done
  [2000/8192] done
  [2200/8192] done
  [2400/8192] done
  [2600/8192] done
  [2800/8192] done
  [3000/8192] done
  [3200/8192] done
  [3400/8192] done
  [3600/8192] done
  [3800/8192] done
  [4000/8192] done
  [4200/8192] done
  [4400/8192] done
  [4600/8192] done
  [4800/8192] done
  [5000/8192] done
  [5200/8192] done
  [5400/8192] done
  [5600/8192] done
  [5800/8192] done
  [6000/8192] done
  [6200/8192] done
  [6400/8192] done
  [6600/8192] done
  [6800/8192] done
  [7000/8192] done
  [7200/8192] done
  [7400/8192] done
  [7600/8192] done
  [7800/8192] done
  [8000/8192] done
  [8192/8192] done
Wrote /sdf/home/m/miaed/tmo_exp/tmo101347625/scratch/miaed_mnis_data/mrco_h5_svd/1d_svd_r16_test/even-dist_Files.037_processed_svd1d_r16.h5
Processing 8192 groups: /sdf/home/m/miaed/tmo_exp/tmo101347625/scratch/miaed_mnis_data/mrco_h5/test/even-dist_Files.027_processed.h5 -> /sdf/home/m/miaed/tmo_exp/tmo101347625/scratch/miaed_mnis_data/mrco_h5_svd/1d_svd_r16_test/even-dist_Files.027_processed_svd1d_r16.h5
  [200/8192] done
  [400/8192] done
  [600/8192] done
  [800/8192] done
  [1000/8192] done
  [1200/8192] done
  [1400/8192] done
  [1600/8192] done
  [1800/8192] done
  [2000/8192] done
  [2200/8192] done
  [2400/8192] done
  [2600/8192] done
  [2800/8192] done
  [3000/8192] done
  [3200/8192] done
  [3400/8192] done
  [3600/8192] done
  [3800/8192] done
  [4000/8192] done
  [4200/8192] done
  [4400/8192] done
  [4600/8192] done
  [4800/8192] done
  [5000/8192] done
  [5200/8192] done
  [5400/8192] done
  [5600/8192] done
  [5800/8192] done
  [6000/8192] done
  [6200/8192] done
  [6400/8192] done
  [6600/8192] done
  [6800/8192] done
  [7000/8192] done
  [7200/8192] done
  [7400/8192] done
  [7600/8192] done
  [7800/8192] done
  [8000/8192] done
  [8192/8192] done
Wrote /sdf/home/m/miaed/tmo_exp/tmo101347625/scratch/miaed_mnis_data/mrco_h5_svd/1d_svd_r16_test/even-dist_Files.027_processed_svd1d_r16.h5
Processing 8192 groups: /sdf/home/m/miaed/tmo_exp/tmo101347625/scratch/miaed_mnis_data/mrco_h5/test/even-dist_Files.031_processed.h5 -> /sdf/home/m/miaed/tmo_exp/tmo101347625/scratch/miaed_mnis_data/mrco_h5_svd/1d_svd_r16_test/even-dist_Files.031_processed_svd1d_r16.h5
  [200/8192] done
  [400/8192] done
  [600/8192] done
  [800/8192] done
  [1000/8192] done
  [1200/8192] done
  [1400/8192] done
  [1600/8192] done
  [1800/8192] done
  [2000/8192] done
  [2200/8192] done
  [2400/8192] done
  [2600/8192] done
  [2800/8192] done
  [3000/8192] done
  [3200/8192] done
  [3400/8192] done
  [3600/8192] done
  [3800/8192] done
  [4000/8192] done
  [4200/8192] done
  [4400/8192] done
  [4600/8192] done
  [4800/8192] done
  [5000/8192] done
  [5200/8192] done
  [5400/8192] done
  [5600/8192] done
  [5800/8192] done
  [6000/8192] done
  [6200/8192] done
  [6400/8192] done
  [6600/8192] done
  [6800/8192] done
  [7000/8192] done
  [7200/8192] done
  [7400/8192] done
  [7600/8192] done
  [7800/8192] done
  [8000/8192] done
  [8192/8192] done
Wrote /sdf/home/m/miaed/tmo_exp/tmo101347625/scratch/miaed_mnis_data/mrco_h5_svd/1d_svd_r16_test/even-dist_Files.031_processed_svd1d_r16.h5
Processing 8192 groups: /sdf/home/m/miaed/tmo_exp/tmo101347625/scratch/miaed_mnis_data/mrco_h5/test/even-dist_Files.022_processed.h5 -> /sdf/home/m/miaed/tmo_exp/tmo101347625/scratch/miaed_mnis_data/mrco_h5_svd/1d_svd_r16_test/even-dist_Files.022_processed_svd1d_r16.h5
  [200/8192] done
  [400/8192] done
  [600/8192] done
  [800/8192] done
  [1000/8192] done
  [1200/8192] done
  [1400/8192] done
  [1600/8192] done
  [1800/8192] done
  [2000/8192] done
  [2200/8192] done
  [2400/8192] done
  [2600/8192] done
  [2800/8192] done
  [3000/8192] done
  [3200/8192] done
  [3400/8192] done
  [3600/8192] done
  [3800/8192] done
  [4000/8192] done
  [4200/8192] done
  [4400/8192] done
  [4600/8192] done
  [4800/8192] done
  [5000/8192] done
  [5200/8192] done
  [5400/8192] done
  [5600/8192] done
  [5800/8192] done
  [6000/8192] done
  [6200/8192] done
  [6400/8192] done
  [6600/8192] done
  [6800/8192] done
  [7000/8192] done
  [7200/8192] done
  [7400/8192] done
  [7600/8192] done
  [7800/8192] done
  [8000/8192] done
  [8192/8192] done
Wrote /sdf/home/m/miaed/tmo_exp/tmo101347625/scratch/miaed_mnis_data/mrco_h5_svd/1d_svd_r16_test/even-dist_Files.022_processed_svd1d_r16.h5
Processing 8192 groups: /sdf/home/m/miaed/tmo_exp/tmo101347625/scratch/miaed_mnis_data/mrco_h5/test/even-dist_Files.040_processed.h5 -> /sdf/home/m/miaed/tmo_exp/tmo101347625/scratch/miaed_mnis_data/mrco_h5_svd/1d_svd_r16_test/even-dist_Files.040_processed_svd1d_r16.h5
  [200/8192] done
  [400/8192] done
  [600/8192] done
  [800/8192] done
  [1000/8192] done
  [1200/8192] done
  [1400/8192] done
  [1600/8192] done
  [1800/8192] done
  [2000/8192] done
  [2200/8192] done
  [2400/8192] done
  [2600/8192] done
  [2800/8192] done
  [3000/8192] done
  [3200/8192] done
  [3400/8192] done
  [3600/8192] done
  [3800/8192] done
  [4000/8192] done
  [4200/8192] done
  [4400/8192] done
  [4600/8192] done
  [4800/8192] done
  [5000/8192] done
  [5200/8192] done
  [5400/8192] done
  [5600/8192] done
  [5800/8192] done
  [6000/8192] done
  [6200/8192] done
  [6400/8192] done
  [6600/8192] done
  [6800/8192] done
  [7000/8192] done
  [7200/8192] done
  [7400/8192] done
  [7600/8192] done
  [7800/8192] done
  [8000/8192] done
  [8192/8192] done
Wrote /sdf/home/m/miaed/tmo_exp/tmo101347625/scratch/miaed_mnis_data/mrco_h5_svd/1d_svd_r16_test/even-dist_Files.040_processed_svd1d_r16.h5
Processing 8192 groups: /sdf/home/m/miaed/tmo_exp/tmo101347625/scratch/miaed_mnis_data/mrco_h5/test/even-dist_Files.050_processed.h5 -> /sdf/home/m/miaed/tmo_exp/tmo101347625/scratch/miaed_mnis_data/mrco_h5_svd/1d_svd_r16_test/even-dist_Files.050_processed_svd1d_r16.h5
  [200/8192] done
  [400/8192] done
  [600/8192] done
  [800/8192] done
  [1000/8192] done
  [1200/8192] done
  [1400/8192] done
  [1600/8192] done
  [1800/8192] done
  [2000/8192] done
  [2200/8192] done
  [2400/8192] done
  [2600/8192] done
  [2800/8192] done
  [3000/8192] done
  [3200/8192] done
  [3400/8192] done
  [3600/8192] done
  [3800/8192] done
  [4000/8192] done
  [4200/8192] done
  [4400/8192] done
  [4600/8192] done
  [4800/8192] done
  [5000/8192] done
  [5200/8192] done
  [5400/8192] done
  [5600/8192] done
  [5800/8192] done
  [6000/8192] done
  [6200/8192] done
  [6400/8192] done
  [6600/8192] done
  [6800/8192] done
  [7000/8192] done
  [7200/8192] done
  [7400/8192] done
  [7600/8192] done
  [7800/8192] done
  [8000/8192] done
  [8192/8192] done
Wrote /sdf/home/m/miaed/tmo_exp/tmo101347625/scratch/miaed_mnis_data/mrco_h5_svd/1d_svd_r16_test/even-dist_Files.050_processed_svd1d_r16.h5
Processing 8192 groups: /sdf/home/m/miaed/tmo_exp/tmo101347625/scratch/miaed_mnis_data/mrco_h5/test/even-dist_Files.045_processed.h5 -> /sdf/home/m/miaed/tmo_exp/tmo101347625/scratch/miaed_mnis_data/mrco_h5_svd/1d_svd_r16_test/even-dist_Files.045_processed_svd1d_r16.h5
  [200/8192] done
  [400/8192] done
  [600/8192] done
  [800/8192] done
  [1000/8192] done
  [1200/8192] done
  [1400/8192] done
  [1600/8192] done
  [1800/8192] done
  [2000/8192] done
  [2200/8192] done
  [2400/8192] done
  [2600/8192] done
  [2800/8192] done
  [3000/8192] done
  [3200/8192] done
  [3400/8192] done
  [3600/8192] done
  [3800/8192] done
  [4000/8192] done
  [4200/8192] done
  [4400/8192] done
  [4600/8192] done
  [4800/8192] done
  [5000/8192] done
  [5200/8192] done
  [5400/8192] done
  [5600/8192] done
  [5800/8192] done
  [6000/8192] done
  [6200/8192] done
  [6400/8192] done
  [6600/8192] done
  [6800/8192] done
  [7000/8192] done
  [7200/8192] done
  [7400/8192] done
  [7600/8192] done
  [7800/8192] done
  [8000/8192] done
  [8192/8192] done
Wrote /sdf/home/m/miaed/tmo_exp/tmo101347625/scratch/miaed_mnis_data/mrco_h5_svd/1d_svd_r16_test/even-dist_Files.045_processed_svd1d_r16.h5
Processing 8192 groups: /sdf/home/m/miaed/tmo_exp/tmo101347625/scratch/miaed_mnis_data/mrco_h5/test/even-dist_Files.048_processed.h5 -> /sdf/home/m/miaed/tmo_exp/tmo101347625/scratch/miaed_mnis_data/mrco_h5_svd/1d_svd_r16_test/even-dist_Files.048_processed_svd1d_r16.h5
  [200/8192] done
  [400/8192] done
  [600/8192] done
  [800/8192] done
  [1000/8192] done
  [1200/8192] done
  [1400/8192] done
  [1600/8192] done
  [1800/8192] done
  [2000/8192] done
  [2200/8192] done
  [2400/8192] done
  [2600/8192] done
  [2800/8192] done
  [3000/8192] done
  [3200/8192] done
  [3400/8192] done
  [3600/8192] done
  [3800/8192] done
  [4000/8192] done
  [4200/8192] done
  [4400/8192] done
  [4600/8192] done
  [4800/8192] done
  [5000/8192] done
  [5200/8192] done
  [5400/8192] done
  [5600/8192] done
  [5800/8192] done
  [6000/8192] done
  [6200/8192] done
  [6400/8192] done
  [6600/8192] done
  [6800/8192] done
  [7000/8192] done
  [7200/8192] done
  [7400/8192] done
  [7600/8192] done
  [7800/8192] done
  [8000/8192] done
  [8192/8192] done
Wrote /sdf/home/m/miaed/tmo_exp/tmo101347625/scratch/miaed_mnis_data/mrco_h5_svd/1d_svd_r16_test/even-dist_Files.048_processed_svd1d_r16.h5
Processing 8192 groups: /sdf/home/m/miaed/tmo_exp/tmo101347625/scratch/miaed_mnis_data/mrco_h5/test/Even_Distribution_Pulses_Processed_test_even-dist_Files.003_processed.h5 -> /sdf/home/m/miaed/tmo_exp/tmo101347625/scratch/miaed_mnis_data/mrco_h5_svd/1d_svd_r16_test/Even_Distribution_Pulses_Processed_test_even-dist_Files.003_processed_svd1d_r16.h5
  [200/8192] done
  [400/8192] done
  [600/8192] done
  [800/8192] done
  [1000/8192] done
  [1200/8192] done
  [1400/8192] done
  [1600/8192] done
  [1800/8192] done
  [2000/8192] done
  [2200/8192] done
  [2400/8192] done
  [2600/8192] done
  [2800/8192] done
  [3000/8192] done
  [3200/8192] done
  [3400/8192] done
  [3600/8192] done
  [3800/8192] done
  [4000/8192] done
  [4200/8192] done
  [4400/8192] done
  [4600/8192] done
  [4800/8192] done
  [5000/8192] done
  [5200/8192] done
  [5400/8192] done
  [5600/8192] done
  [5800/8192] done
  [6000/8192] done
  [6200/8192] done
  [6400/8192] done
  [6600/8192] done
  [6800/8192] done
  [7000/8192] done
  [7200/8192] done
  [7400/8192] done
  [7600/8192] done
  [7800/8192] done
  [8000/8192] done
  [8192/8192] done
Wrote /sdf/home/m/miaed/tmo_exp/tmo101347625/scratch/miaed_mnis_data/mrco_h5_svd/1d_svd_r16_test/Even_Distribution_Pulses_Processed_test_even-dist_Files.003_processed_svd1d_r16.h5
Processing 8192 groups: /sdf/home/m/miaed/tmo_exp/tmo101347625/scratch/miaed_mnis_data/mrco_h5/test/even-dist_Files.052_processed.h5 -> /sdf/home/m/miaed/tmo_exp/tmo101347625/scratch/miaed_mnis_data/mrco_h5_svd/1d_svd_r16_test/even-dist_Files.052_processed_svd1d_r16.h5
  [200/8192] done
  [400/8192] done
  [600/8192] done
  [800/8192] done
  [1000/8192] done
  [1200/8192] done
  [1400/8192] done
  [1600/8192] done
  [1800/8192] done
  [2000/8192] done
  [2200/8192] done
  [2400/8192] done
  [2600/8192] done
  [2800/8192] done
  [3000/8192] done
  [3200/8192] done
  [3400/8192] done
  [3600/8192] done
  [3800/8192] done
  [4000/8192] done
  [4200/8192] done
  [4400/8192] done
  [4600/8192] done
  [4800/8192] done
  [5000/8192] done
  [5200/8192] done
  [5400/8192] done
  [5600/8192] done
  [5800/8192] done
  [6000/8192] done
  [6200/8192] done
  [6400/8192] done
  [6600/8192] done
  [6800/8192] done
  [7000/8192] done
  [7200/8192] done
  [7400/8192] done
  [7600/8192] done
  [7800/8192] done
  [8000/8192] done
  [8192/8192] done
Wrote /sdf/home/m/miaed/tmo_exp/tmo101347625/scratch/miaed_mnis_data/mrco_h5_svd/1d_svd_r16_test/even-dist_Files.052_processed_svd1d_r16.h5
=== mode=1d rank=16 split=train: /sdf/home/m/miaed/tmo_exp/tmo101347625/scratch/miaed_mnis_data/mrco_h5/train -> /sdf/home/m/miaed/tmo_exp/tmo101347625/scratch/miaed_mnis_data/mrco_h5_svd/1d_svd_r16_train ===
Processing 8192 groups: /sdf/home/m/miaed/tmo_exp/tmo101347625/scratch/miaed_mnis_data/mrco_h5/train/even-dist_Files.002_processed.h5 -> /sdf/home/m/miaed/tmo_exp/tmo101347625/scratch/miaed_mnis_data/mrco_h5_svd/1d_svd_r16_train/even-dist_Files.002_processed_svd1d_r16.h5
  [200/8192] done
  [400/8192] done
  [600/8192] done
  [800/8192] done
  [1000/8192] done
  [1200/8192] done
  [1400/8192] done
  [1600/8192] done
  [1800/8192] done
  [2000/8192] done
  [2200/8192] done
  [2400/8192] done
  [2600/8192] done
  [2800/8192] done
  [3000/8192] done
  [3200/8192] done
  [3400/8192] done
  [3600/8192] done
  [3800/8192] done
  [4000/8192] done
  [4200/8192] done
  [4400/8192] done
  [4600/8192] done
  [4800/8192] done
  [5000/8192] done
  [5200/8192] done
  [5400/8192] done
  [5600/8192] done
  [5800/8192] done
  [6000/8192] done
  [6200/8192] done
  [6400/8192] done
  [6600/8192] done
  [6800/8192] done
  [7000/8192] done
  [7200/8192] done
  [7400/8192] done
  [7600/8192] done
  [7800/8192] done
  [8000/8192] done
  [8192/8192] done
Wrote /sdf/home/m/miaed/tmo_exp/tmo101347625/scratch/miaed_mnis_data/mrco_h5_svd/1d_svd_r16_train/even-dist_Files.002_processed_svd1d_r16.h5
Processing 8192 groups: /sdf/home/m/miaed/tmo_exp/tmo101347625/scratch/miaed_mnis_data/mrco_h5/train/even-dist_Files.004_processed.h5 -> /sdf/home/m/miaed/tmo_exp/tmo101347625/scratch/miaed_mnis_data/mrco_h5_svd/1d_svd_r16_train/even-dist_Files.004_processed_svd1d_r16.h5
  [200/8192] done
  [400/8192] done
  [600/8192] done
  [800/8192] done
  [1000/8192] done
  [1200/8192] done
  [1400/8192] done
  [1600/8192] done
  [1800/8192] done
  [2000/8192] done
  [2200/8192] done
  [2400/8192] done
  [2600/8192] done
  [2800/8192] done
  [3000/8192] done
  [3200/8192] done
  [3400/8192] done
  [3600/8192] done
  [3800/8192] done
  [4000/8192] done
  [4200/8192] done
  [4400/8192] done
  [4600/8192] done
  [4800/8192] done
  [5000/8192] done
  [5200/8192] done
  [5400/8192] done
  [5600/8192] done
  [5800/8192] done
  [6000/8192] done
  [6200/8192] done
  [6400/8192] done
  [6600/8192] done
  [6800/8192] done
  [7000/8192] done
  [7200/8192] done
  [7400/8192] done
  [7600/8192] done
  [7800/8192] done
  [8000/8192] done
  [8192/8192] done
Wrote /sdf/home/m/miaed/tmo_exp/tmo101347625/scratch/miaed_mnis_data/mrco_h5_svd/1d_svd_r16_train/even-dist_Files.004_processed_svd1d_r16.h5
Processing 8192 groups: /sdf/home/m/miaed/tmo_exp/tmo101347625/scratch/miaed_mnis_data/mrco_h5/train/even-dist_Files.001_processed.h5 -> /sdf/home/m/miaed/tmo_exp/tmo101347625/scratch/miaed_mnis_data/mrco_h5_svd/1d_svd_r16_train/even-dist_Files.001_processed_svd1d_r16.h5
  [200/8192] done
  [400/8192] done
  [600/8192] done
  [800/8192] done
  [1000/8192] done
  [1200/8192] done
  [1400/8192] done
  [1600/8192] done
  [1800/8192] done
  [2000/8192] done
  [2200/8192] done
  [2400/8192] done
  [2600/8192] done
  [2800/8192] done
  [3000/8192] done
  [3200/8192] done
  [3400/8192] done
  [3600/8192] done
  [3800/8192] done
  [4000/8192] done
  [4200/8192] done
  [4400/8192] done
  [4600/8192] done
  [4800/8192] done
  [5000/8192] done
  [5200/8192] done
  [5400/8192] done
  [5600/8192] done
  [5800/8192] done
  [6000/8192] done
  [6200/8192] done
  [6400/8192] done
  [6600/8192] done
  [6800/8192] done
  [7000/8192] done
  [7200/8192] done
  [7400/8192] done
  [7600/8192] done
  [7800/8192] done
  [8000/8192] done
  [8192/8192] done
Wrote /sdf/home/m/miaed/tmo_exp/tmo101347625/scratch/miaed_mnis_data/mrco_h5_svd/1d_svd_r16_train/even-dist_Files.001_processed_svd1d_r16.h5
Processing 8192 groups: /sdf/home/m/miaed/tmo_exp/tmo101347625/scratch/miaed_mnis_data/mrco_h5/train/even-dist_Files.003_processed.h5 -> /sdf/home/m/miaed/tmo_exp/tmo101347625/scratch/miaed_mnis_data/mrco_h5_svd/1d_svd_r16_train/even-dist_Files.003_processed_svd1d_r16.h5
  [200/8192] done
  [400/8192] done
  [600/8192] done
  [800/8192] done
  [1000/8192] done
  [1200/8192] done
  [1400/8192] done
  [1600/8192] done
  [1800/8192] done
  [2000/8192] done
  [2200/8192] done
  [2400/8192] done
  [2600/8192] done
  [2800/8192] done
  [3000/8192] done
  [3200/8192] done
  [3400/8192] done
  [3600/8192] done
  [3800/8192] done
  [4000/8192] done
  [4200/8192] done
  [4400/8192] done
  [4600/8192] done
  [4800/8192] done
  [5000/8192] done
  [5200/8192] done
  [5400/8192] done
  [5600/8192] done
  [5800/8192] done
  [6000/8192] done
  [6200/8192] done
  [6400/8192] done
  [6600/8192] done
  [6800/8192] done
  [7000/8192] done
  [7200/8192] done
  [7400/8192] done
  [7600/8192] done
  [7800/8192] done
  [8000/8192] done
  [8192/8192] done
Wrote /sdf/home/m/miaed/tmo_exp/tmo101347625/scratch/miaed_mnis_data/mrco_h5_svd/1d_svd_r16_train/even-dist_Files.003_processed_svd1d_r16.h5
Processing 8192 groups: /sdf/home/m/miaed/tmo_exp/tmo101347625/scratch/miaed_mnis_data/mrco_h5/train/even-dist_Files.006_processed.h5 -> /sdf/home/m/miaed/tmo_exp/tmo101347625/scratch/miaed_mnis_data/mrco_h5_svd/1d_svd_r16_train/even-dist_Files.006_processed_svd1d_r16.h5
  [200/8192] done
  [400/8192] done
  [600/8192] done
  [800/8192] done
  [1000/8192] done
  [1200/8192] done
  [1400/8192] done
  [1600/8192] done
  [1800/8192] done
  [2000/8192] done
  [2200/8192] done
  [2400/8192] done
  [2600/8192] done
  [2800/8192] done
  [3000/8192] done
  [3200/8192] done
  [3400/8192] done
  [3600/8192] done
  [3800/8192] done
  [4000/8192] done
  [4200/8192] done
  [4400/8192] done
  [4600/8192] done
  [4800/8192] done
  [5000/8192] done
  [5200/8192] done
  [5400/8192] done
  [5600/8192] done
  [5800/8192] done
  [6000/8192] done
  [6200/8192] done
  [6400/8192] done
  [6600/8192] done
  [6800/8192] done
  [7000/8192] done
  [7200/8192] done
  [7400/8192] done
  [7600/8192] done
  [7800/8192] done
  [8000/8192] done
  [8192/8192] done
Wrote /sdf/home/m/miaed/tmo_exp/tmo101347625/scratch/miaed_mnis_data/mrco_h5_svd/1d_svd_r16_train/even-dist_Files.006_processed_svd1d_r16.h5
Processing 8192 groups: /sdf/home/m/miaed/tmo_exp/tmo101347625/scratch/miaed_mnis_data/mrco_h5/train/even-dist_Files.007_processed.h5 -> /sdf/home/m/miaed/tmo_exp/tmo101347625/scratch/miaed_mnis_data/mrco_h5_svd/1d_svd_r16_train/even-dist_Files.007_processed_svd1d_r16.h5
  [200/8192] done
  [400/8192] done
  [600/8192] done
  [800/8192] done
  [1000/8192] done
  [1200/8192] done
  [1400/8192] done
  [1600/8192] done
  [1800/8192] done
  [2000/8192] done
  [2200/8192] done
  [2400/8192] done
  [2600/8192] done
  [2800/8192] done
  [3000/8192] done
  [3200/8192] done
  [3400/8192] done
  [3600/8192] done
  [3800/8192] done
  [4000/8192] done
  [4200/8192] done
  [4400/8192] done
  [4600/8192] done
  [4800/8192] done
  [5000/8192] done
  [5200/8192] done
  [5400/8192] done
  [5600/8192] done
  [5800/8192] done
  [6000/8192] done
  [6200/8192] done
  [6400/8192] done
  [6600/8192] done
  [6800/8192] done
  [7000/8192] done
  [7200/8192] done
  [7400/8192] done
  [7600/8192] done
  [7800/8192] done
  [8000/8192] done
  [8192/8192] done
Wrote /sdf/home/m/miaed/tmo_exp/tmo101347625/scratch/miaed_mnis_data/mrco_h5_svd/1d_svd_r16_train/even-dist_Files.007_processed_svd1d_r16.h5
Processing 8192 groups: /sdf/home/m/miaed/tmo_exp/tmo101347625/scratch/miaed_mnis_data/mrco_h5/train/even-dist_Files.008_processed.h5 -> /sdf/home/m/miaed/tmo_exp/tmo101347625/scratch/miaed_mnis_data/mrco_h5_svd/1d_svd_r16_train/even-dist_Files.008_processed_svd1d_r16.h5
  [200/8192] done
  [400/8192] done
  [600/8192] done
  [800/8192] done
  [1000/8192] done
  [1200/8192] done
  [1400/8192] done
  [1600/8192] done
  [1800/8192] done
  [2000/8192] done
  [2200/8192] done
  [2400/8192] done
  [2600/8192] done
  [2800/8192] done
  [3000/8192] done
  [3200/8192] done
  [3400/8192] done
  [3600/8192] done
  [3800/8192] done
  [4000/8192] done
  [4200/8192] done
  [4400/8192] done
  [4600/8192] done
  [4800/8192] done
  [5000/8192] done
  [5200/8192] done
  [5400/8192] done
  [5600/8192] done
  [5800/8192] done
  [6000/8192] done
  [6200/8192] done
  [6400/8192] done
  [6600/8192] done
  [6800/8192] done
  [7000/8192] done
  [7200/8192] done
  [7400/8192] done
  [7600/8192] done
  [7800/8192] done
  [8000/8192] done
  [8192/8192] done
Wrote /sdf/home/m/miaed/tmo_exp/tmo101347625/scratch/miaed_mnis_data/mrco_h5_svd/1d_svd_r16_train/even-dist_Files.008_processed_svd1d_r16.h5
Processing 8192 groups: /sdf/home/m/miaed/tmo_exp/tmo101347625/scratch/miaed_mnis_data/mrco_h5/train/even-dist_Files.005_processed.h5 -> /sdf/home/m/miaed/tmo_exp/tmo101347625/scratch/miaed_mnis_data/mrco_h5_svd/1d_svd_r16_train/even-dist_Files.005_processed_svd1d_r16.h5
  [200/8192] done
  [400/8192] done
  [600/8192] done
  [800/8192] done
  [1000/8192] done
  [1200/8192] done
  [1400/8192] done
  [1600/8192] done
  [1800/8192] done
  [2000/8192] done
  [2200/8192] done
  [2400/8192] done
  [2600/8192] done
  [2800/8192] done
  [3000/8192] done
  [3200/8192] done
  [3400/8192] done
  [3600/8192] done
  [3800/8192] done
  [4000/8192] done
  [4200/8192] done
  [4400/8192] done
  [4600/8192] done
  [4800/8192] done
  [5000/8192] done
  [5200/8192] done
  [5400/8192] done
  [5600/8192] done
  [5800/8192] done
  [6000/8192] done
  [6200/8192] done
  [6400/8192] done
  [6600/8192] done
  [6800/8192] done
  [7000/8192] done
  [7200/8192] done
  [7400/8192] done
  [7600/8192] done
  [7800/8192] done
  [8000/8192] done
  [8192/8192] done
Wrote /sdf/home/m/miaed/tmo_exp/tmo101347625/scratch/miaed_mnis_data/mrco_h5_svd/1d_svd_r16_train/even-dist_Files.005_processed_svd1d_r16.h5
Processing 8192 groups: /sdf/home/m/miaed/tmo_exp/tmo101347625/scratch/miaed_mnis_data/mrco_h5/train/even-dist_Files.016_processed.h5 -> /sdf/home/m/miaed/tmo_exp/tmo101347625/scratch/miaed_mnis_data/mrco_h5_svd/1d_svd_r16_train/even-dist_Files.016_processed_svd1d_r16.h5
  [200/8192] done
  [400/8192] done
  [600/8192] done
  [800/8192] done
  [1000/8192] done
  [1200/8192] done
  [1400/8192] done
  [1600/8192] done
  [1800/8192] done
  [2000/8192] done
  [2200/8192] done
  [2400/8192] done
  [2600/8192] done
  [2800/8192] done
  [3000/8192] done
  [3200/8192] done
  [3400/8192] done
  [3600/8192] done
  [3800/8192] done
  [4000/8192] done
  [4200/8192] done
  [4400/8192] done
  [4600/8192] done
  [4800/8192] done
  [5000/8192] done
  [5200/8192] done
  [5400/8192] done
  [5600/8192] done
  [5800/8192] done
  [6000/8192] done
  [6200/8192] done
  [6400/8192] done
  [6600/8192] done
  [6800/8192] done
  [7000/8192] done
  [7200/8192] done
  [7400/8192] done
  [7600/8192] done
  [7800/8192] done
  [8000/8192] done
  [8192/8192] done
Wrote /sdf/home/m/miaed/tmo_exp/tmo101347625/scratch/miaed_mnis_data/mrco_h5_svd/1d_svd_r16_train/even-dist_Files.016_processed_svd1d_r16.h5
Processing 8192 groups: /sdf/home/m/miaed/tmo_exp/tmo101347625/scratch/miaed_mnis_data/mrco_h5/train/even-dist_Files.017_processed.h5 -> /sdf/home/m/miaed/tmo_exp/tmo101347625/scratch/miaed_mnis_data/mrco_h5_svd/1d_svd_r16_train/even-dist_Files.017_processed_svd1d_r16.h5
  [200/8192] done
  [400/8192] done
  [600/8192] done
  [800/8192] done
  [1000/8192] done
  [1200/8192] done
  [1400/8192] done
  [1600/8192] done
  [1800/8192] done
  [2000/8192] done
  [2200/8192] done
  [2400/8192] done
  [2600/8192] done
  [2800/8192] done
  [3000/8192] done
  [3200/8192] done
  [3400/8192] done
  [3600/8192] done
  [3800/8192] done
  [4000/8192] done
  [4200/8192] done
  [4400/8192] done
  [4600/8192] done
  [4800/8192] done
  [5000/8192] done
  [5200/8192] done
  [5400/8192] done
  [5600/8192] done
  [5800/8192] done
  [6000/8192] done
  [6200/8192] done
  [6400/8192] done
  [6600/8192] done
  [6800/8192] done
  [7000/8192] done
  [7200/8192] done
  [7400/8192] done
  [7600/8192] done
  [7800/8192] done
  [8000/8192] done
  [8192/8192] done
Wrote /sdf/home/m/miaed/tmo_exp/tmo101347625/scratch/miaed_mnis_data/mrco_h5_svd/1d_svd_r16_train/even-dist_Files.017_processed_svd1d_r16.h5
Processing 8192 groups: /sdf/home/m/miaed/tmo_exp/tmo101347625/scratch/miaed_mnis_data/mrco_h5/train/even-dist_Files.009_processed.h5 -> /sdf/home/m/miaed/tmo_exp/tmo101347625/scratch/miaed_mnis_data/mrco_h5_svd/1d_svd_r16_train/even-dist_Files.009_processed_svd1d_r16.h5
  [200/8192] done
  [400/8192] done
  [600/8192] done
  [800/8192] done
  [1000/8192] done
  [1200/8192] done
  [1400/8192] done
  [1600/8192] done
  [1800/8192] done
  [2000/8192] done
  [2200/8192] done
  [2400/8192] done
  [2600/8192] done
  [2800/8192] done
  [3000/8192] done
  [3200/8192] done
  [3400/8192] done
  [3600/8192] done
  [3800/8192] done
  [4000/8192] done
  [4200/8192] done
  [4400/8192] done
  [4600/8192] done
  [4800/8192] done
  [5000/8192] done
  [5200/8192] done
  [5400/8192] done
  [5600/8192] done
  [5800/8192] done
  [6000/8192] done
  [6200/8192] done
  [6400/8192] done
  [6600/8192] done
  [6800/8192] done
  [7000/8192] done
  [7200/8192] done
  [7400/8192] done
  [7600/8192] done
  [7800/8192] done
  [8000/8192] done
  [8192/8192] done
Wrote /sdf/home/m/miaed/tmo_exp/tmo101347625/scratch/miaed_mnis_data/mrco_h5_svd/1d_svd_r16_train/even-dist_Files.009_processed_svd1d_r16.h5
Processing 8192 groups: /sdf/home/m/miaed/tmo_exp/tmo101347625/scratch/miaed_mnis_data/mrco_h5/train/even-dist_Files.018_processed.h5 -> /sdf/home/m/miaed/tmo_exp/tmo101347625/scratch/miaed_mnis_data/mrco_h5_svd/1d_svd_r16_train/even-dist_Files.018_processed_svd1d_r16.h5
  [200/8192] done
  [400/8192] done
  [600/8192] done
  [800/8192] done
  [1000/8192] done
  [1200/8192] done
  [1400/8192] done
  [1600/8192] done
  [1800/8192] done
  [2000/8192] done
  [2200/8192] done
  [2400/8192] done
  [2600/8192] done
  [2800/8192] done
  [3000/8192] done
  [3200/8192] done
  [3400/8192] done
  [3600/8192] done
  [3800/8192] done
  [4000/8192] done
  [4200/8192] done
  [4400/8192] done
  [4600/8192] done
  [4800/8192] done
  [5000/8192] done
  [5200/8192] done
  [5400/8192] done
  [5600/8192] done
  [5800/8192] done
  [6000/8192] done
  [6200/8192] done
  [6400/8192] done
  [6600/8192] done
  [6800/8192] done
  [7000/8192] done
  [7200/8192] done
  [7400/8192] done
  [7600/8192] done
  [7800/8192] done
  [8000/8192] done
  [8192/8192] done
Wrote /sdf/home/m/miaed/tmo_exp/tmo101347625/scratch/miaed_mnis_data/mrco_h5_svd/1d_svd_r16_train/even-dist_Files.018_processed_svd1d_r16.h5
Processing 8192 groups: /sdf/home/m/miaed/tmo_exp/tmo101347625/scratch/miaed_mnis_data/mrco_h5/train/even-dist_Files.019_processed.h5 -> /sdf/home/m/miaed/tmo_exp/tmo101347625/scratch/miaed_mnis_data/mrco_h5_svd/1d_svd_r16_train/even-dist_Files.019_processed_svd1d_r16.h5
  [200/8192] done
  [400/8192] done
  [600/8192] done
  [800/8192] done
  [1000/8192] done
  [1200/8192] done
  [1400/8192] done
  [1600/8192] done
  [1800/8192] done
  [2000/8192] done
  [2200/8192] done
  [2400/8192] done
  [2600/8192] done
  [2800/8192] done
  [3000/8192] done
  [3200/8192] done
  [3400/8192] done
  [3600/8192] done
  [3800/8192] done
  [4000/8192] done
  [4200/8192] done
  [4400/8192] done
  [4600/8192] done
  [4800/8192] done
  [5000/8192] done
  [5200/8192] done
  [5400/8192] done
  [5600/8192] done
  [5800/8192] done
  [6000/8192] done
  [6200/8192] done
  [6400/8192] done
  [6600/8192] done
  [6800/8192] done
  [7000/8192] done
  [7200/8192] done
  [7400/8192] done
  [7600/8192] done
  [7800/8192] done
  [8000/8192] done
  [8192/8192] done
Wrote /sdf/home/m/miaed/tmo_exp/tmo101347625/scratch/miaed_mnis_data/mrco_h5_svd/1d_svd_r16_train/even-dist_Files.019_processed_svd1d_r16.h5
Processing 8192 groups: /sdf/home/m/miaed/tmo_exp/tmo101347625/scratch/miaed_mnis_data/mrco_h5/train/even-dist_Files.020_processed.h5 -> /sdf/home/m/miaed/tmo_exp/tmo101347625/scratch/miaed_mnis_data/mrco_h5_svd/1d_svd_r16_train/even-dist_Files.020_processed_svd1d_r16.h5
  [200/8192] done
  [400/8192] done
  [600/8192] done
  [800/8192] done
  [1000/8192] done
  [1200/8192] done
  [1400/8192] done
  [1600/8192] done
  [1800/8192] done
  [2000/8192] done
  [2200/8192] done
  [2400/8192] done
  [2600/8192] done
  [2800/8192] done
  [3000/8192] done
  [3200/8192] done
  [3400/8192] done
  [3600/8192] done
  [3800/8192] done
  [4000/8192] done
  [4200/8192] done
  [4400/8192] done
  [4600/8192] done
  [4800/8192] done
  [5000/8192] done
  [5200/8192] done
  [5400/8192] done
  [5600/8192] done
  [5800/8192] done
  [6000/8192] done
  [6200/8192] done
  [6400/8192] done
  [6600/8192] done
  [6800/8192] done
  [7000/8192] done
  [7200/8192] done
  [7400/8192] done
  [7600/8192] done
  [7800/8192] done
  [8000/8192] done
  [8192/8192] done
Wrote /sdf/home/m/miaed/tmo_exp/tmo101347625/scratch/miaed_mnis_data/mrco_h5_svd/1d_svd_r16_train/even-dist_Files.020_processed_svd1d_r16.h5
Processing 8192 groups: /sdf/home/m/miaed/tmo_exp/tmo101347625/scratch/miaed_mnis_data/mrco_h5/train/even-dist_Files.021_processed.h5 -> /sdf/home/m/miaed/tmo_exp/tmo101347625/scratch/miaed_mnis_data/mrco_h5_svd/1d_svd_r16_train/even-dist_Files.021_processed_svd1d_r16.h5
  [200/8192] done
  [400/8192] done
  [600/8192] done
  [800/8192] done
  [1000/8192] done
  [1200/8192] done
  [1400/8192] done
  [1600/8192] done
  [1800/8192] done
  [2000/8192] done
  [2200/8192] done
  [2400/8192] done
  [2600/8192] done
  [2800/8192] done
  [3000/8192] done
  [3200/8192] done
  [3400/8192] done
  [3600/8192] done
  [3800/8192] done
  [4000/8192] done
  [4200/8192] done
  [4400/8192] done
  [4600/8192] done
  [4800/8192] done
  [5000/8192] done
  [5200/8192] done
  [5400/8192] done
  [5600/8192] done
  [5800/8192] done
  [6000/8192] done
  [6200/8192] done
  [6400/8192] done
  [6600/8192] done
  [6800/8192] done
  [7000/8192] done
  [7200/8192] done
  [7400/8192] done
  [7600/8192] done
  [7800/8192] done
  [8000/8192] done
  [8192/8192] done
Wrote /sdf/home/m/miaed/tmo_exp/tmo101347625/scratch/miaed_mnis_data/mrco_h5_svd/1d_svd_r16_train/even-dist_Files.021_processed_svd1d_r16.h5
Processing 8192 groups: /sdf/home/m/miaed/tmo_exp/tmo101347625/scratch/miaed_mnis_data/mrco_h5/train/even-dist_Files.022_processed.h5 -> /sdf/home/m/miaed/tmo_exp/tmo101347625/scratch/miaed_mnis_data/mrco_h5_svd/1d_svd_r16_train/even-dist_Files.022_processed_svd1d_r16.h5
  [200/8192] done
  [400/8192] done
  [600/8192] done
  [800/8192] done
  [1000/8192] done
  [1200/8192] done
  [1400/8192] done
  [1600/8192] done
  [1800/8192] done
  [2000/8192] done
  [2200/8192] done
  [2400/8192] done
  [2600/8192] done
  [2800/8192] done
  [3000/8192] done
  [3200/8192] done
  [3400/8192] done
  [3600/8192] done
  [3800/8192] done
  [4000/8192] done
  [4200/8192] done
  [4400/8192] done
  [4600/8192] done
  [4800/8192] done
  [5000/8192] done
  [5200/8192] done
  [5400/8192] done
  [5600/8192] done
  [5800/8192] done
  [6000/8192] done
  [6200/8192] done
  [6400/8192] done
  [6600/8192] done
  [6800/8192] done
  [7000/8192] done
  [7200/8192] done
  [7400/8192] done
  [7600/8192] done
  [7800/8192] done
  [8000/8192] done
  [8192/8192] done
Wrote /sdf/home/m/miaed/tmo_exp/tmo101347625/scratch/miaed_mnis_data/mrco_h5_svd/1d_svd_r16_train/even-dist_Files.022_processed_svd1d_r16.h5
Processing 8192 groups: /sdf/home/m/miaed/tmo_exp/tmo101347625/scratch/miaed_mnis_data/mrco_h5/train/even-dist_Files.023_processed.h5 -> /sdf/home/m/miaed/tmo_exp/tmo101347625/scratch/miaed_mnis_data/mrco_h5_svd/1d_svd_r16_train/even-dist_Files.023_processed_svd1d_r16.h5
  [200/8192] done
  [400/8192] done
  [600/8192] done
  [800/8192] done
  [1000/8192] done
  [1200/8192] done
  [1400/8192] done
  [1600/8192] done
  [1800/8192] done
  [2000/8192] done
  [2200/8192] done
  [2400/8192] done
  [2600/8192] done
  [2800/8192] done
  [3000/8192] done
  [3200/8192] done
  [3400/8192] done
  [3600/8192] done
  [3800/8192] done
  [4000/8192] done
  [4200/8192] done
  [4400/8192] done
  [4600/8192] done
  [4800/8192] done
  [5000/8192] done
  [5200/8192] done
  [5400/8192] done
  [5600/8192] done
  [5800/8192] done
  [6000/8192] done
  [6200/8192] done
  [6400/8192] done
  [6600/8192] done
  [6800/8192] done
  [7000/8192] done
  [7200/8192] done
  [7400/8192] done
  [7600/8192] done
  [7800/8192] done
  [8000/8192] done
  [8192/8192] done
Wrote /sdf/home/m/miaed/tmo_exp/tmo101347625/scratch/miaed_mnis_data/mrco_h5_svd/1d_svd_r16_train/even-dist_Files.023_processed_svd1d_r16.h5
Processing 8192 groups: /sdf/home/m/miaed/tmo_exp/tmo101347625/scratch/miaed_mnis_data/mrco_h5/train/even-dist_Files.024_processed.h5 -> /sdf/home/m/miaed/tmo_exp/tmo101347625/scratch/miaed_mnis_data/mrco_h5_svd/1d_svd_r16_train/even-dist_Files.024_processed_svd1d_r16.h5
  [200/8192] done
  [400/8192] done
  [600/8192] done
  [800/8192] done
  [1000/8192] done
  [1200/8192] done
  [1400/8192] done
  [1600/8192] done
  [1800/8192] done
  [2000/8192] done
  [2200/8192] done
  [2400/8192] done
  [2600/8192] done
  [2800/8192] done
  [3000/8192] done
  [3200/8192] done
  [3400/8192] done
  [3600/8192] done
  [3800/8192] done
  [4000/8192] done
  [4200/8192] done
  [4400/8192] done
  [4600/8192] done
  [4800/8192] done
  [5000/8192] done
  [5200/8192] done
  [5400/8192] done
  [5600/8192] done
  [5800/8192] done
  [6000/8192] done
  [6200/8192] done
  [6400/8192] done
  [6600/8192] done
  [6800/8192] done
  [7000/8192] done
  [7200/8192] done
  [7400/8192] done
  [7600/8192] done
  [7800/8192] done
  [8000/8192] done
  [8192/8192] done
Wrote /sdf/home/m/miaed/tmo_exp/tmo101347625/scratch/miaed_mnis_data/mrco_h5_svd/1d_svd_r16_train/even-dist_Files.024_processed_svd1d_r16.h5
Processing 8192 groups: /sdf/home/m/miaed/tmo_exp/tmo101347625/scratch/miaed_mnis_data/mrco_h5/train/even-dist_Files.025_processed.h5 -> /sdf/home/m/miaed/tmo_exp/tmo101347625/scratch/miaed_mnis_data/mrco_h5_svd/1d_svd_r16_train/even-dist_Files.025_processed_svd1d_r16.h5
  [200/8192] done
  [400/8192] done
  [600/8192] done
  [800/8192] done
  [1000/8192] done
  [1200/8192] done
  [1400/8192] done
  [1600/8192] done
  [1800/8192] done
  [2000/8192] done
  [2200/8192] done
  [2400/8192] done
  [2600/8192] done
  [2800/8192] done
  [3000/8192] done
  [3200/8192] done
  [3400/8192] done
  [3600/8192] done
  [3800/8192] done
  [4000/8192] done
  [4200/8192] done
  [4400/8192] done
  [4600/8192] done
  [4800/8192] done
  [5000/8192] done
  [5200/8192] done
  [5400/8192] done
  [5600/8192] done
  [5800/8192] done
  [6000/8192] done
  [6200/8192] done
  [6400/8192] done
  [6600/8192] done
  [6800/8192] done
  [7000/8192] done
  [7200/8192] done
  [7400/8192] done
  [7600/8192] done
  [7800/8192] done
  [8000/8192] done
  [8192/8192] done
Wrote /sdf/home/m/miaed/tmo_exp/tmo101347625/scratch/miaed_mnis_data/mrco_h5_svd/1d_svd_r16_train/even-dist_Files.025_processed_svd1d_r16.h5
Processing 8192 groups: /sdf/home/m/miaed/tmo_exp/tmo101347625/scratch/miaed_mnis_data/mrco_h5/train/even-dist_Files.026_processed.h5 -> /sdf/home/m/miaed/tmo_exp/tmo101347625/scratch/miaed_mnis_data/mrco_h5_svd/1d_svd_r16_train/even-dist_Files.026_processed_svd1d_r16.h5
  [200/8192] done
  [400/8192] done
  [600/8192] done
  [800/8192] done
  [1000/8192] done
  [1200/8192] done
  [1400/8192] done
  [1600/8192] done
  [1800/8192] done
  [2000/8192] done
  [2200/8192] done
  [2400/8192] done
  [2600/8192] done
  [2800/8192] done
  [3000/8192] done
  [3200/8192] done
  [3400/8192] done
  [3600/8192] done
  [3800/8192] done
  [4000/8192] done
  [4200/8192] done
  [4400/8192] done
  [4600/8192] done
  [4800/8192] done
  [5000/8192] done
  [5200/8192] done
  [5400/8192] done
  [5600/8192] done
  [5800/8192] done
  [6000/8192] done
  [6200/8192] done
  [6400/8192] done
  [6600/8192] done
  [6800/8192] done
  [7000/8192] done
  [7200/8192] done
  [7400/8192] done
  [7600/8192] done
  [7800/8192] done
  [8000/8192] done
  [8192/8192] done
Wrote /sdf/home/m/miaed/tmo_exp/tmo101347625/scratch/miaed_mnis_data/mrco_h5_svd/1d_svd_r16_train/even-dist_Files.026_processed_svd1d_r16.h5
Processing 8192 groups: /sdf/home/m/miaed/tmo_exp/tmo101347625/scratch/miaed_mnis_data/mrco_h5/train/even-dist_Files.028_processed.h5 -> /sdf/home/m/miaed/tmo_exp/tmo101347625/scratch/miaed_mnis_data/mrco_h5_svd/1d_svd_r16_train/even-dist_Files.028_processed_svd1d_r16.h5
  [200/8192] done
  [400/8192] done
  [600/8192] done
  [800/8192] done
  [1000/8192] done
  [1200/8192] done
  [1400/8192] done
  [1600/8192] done
  [1800/8192] done
  [2000/8192] done
  [2200/8192] done
  [2400/8192] done
  [2600/8192] done
  [2800/8192] done
  [3000/8192] done
  [3200/8192] done
  [3400/8192] done
  [3600/8192] done
  [3800/8192] done
  [4000/8192] done
  [4200/8192] done
  [4400/8192] done
  [4600/8192] done
  [4800/8192] done
  [5000/8192] done
  [5200/8192] done
  [5400/8192] done
  [5600/8192] done
  [5800/8192] done
  [6000/8192] done
  [6200/8192] done
  [6400/8192] done
  [6600/8192] done
  [6800/8192] done
  [7000/8192] done
  [7200/8192] done
  [7400/8192] done
  [7600/8192] done
  [7800/8192] done
  [8000/8192] done
  [8192/8192] done
Wrote /sdf/home/m/miaed/tmo_exp/tmo101347625/scratch/miaed_mnis_data/mrco_h5_svd/1d_svd_r16_train/even-dist_Files.028_processed_svd1d_r16.h5
Processing 8192 groups: /sdf/home/m/miaed/tmo_exp/tmo101347625/scratch/miaed_mnis_data/mrco_h5/train/even-dist_Files.029_processed.h5 -> /sdf/home/m/miaed/tmo_exp/tmo101347625/scratch/miaed_mnis_data/mrco_h5_svd/1d_svd_r16_train/even-dist_Files.029_processed_svd1d_r16.h5
  [200/8192] done
  [400/8192] done
  [600/8192] done
  [800/8192] done
  [1000/8192] done
  [1200/8192] done
  [1400/8192] done
  [1600/8192] done
  [1800/8192] done
  [2000/8192] done
  [2200/8192] done
  [2400/8192] done
  [2600/8192] done
  [2800/8192] done
  [3000/8192] done
  [3200/8192] done
  [3400/8192] done
  [3600/8192] done
  [3800/8192] done
  [4000/8192] done
  [4200/8192] done
  [4400/8192] done
  [4600/8192] done
  [4800/8192] done
  [5000/8192] done
  [5200/8192] done
  [5400/8192] done
  [5600/8192] done
  [5800/8192] done
  [6000/8192] done
  [6200/8192] done
  [6400/8192] done
  [6600/8192] done
  [6800/8192] done
  [7000/8192] done
  [7200/8192] done
  [7400/8192] done
  [7600/8192] done
  [7800/8192] done
  [8000/8192] done
  [8192/8192] done
Wrote /sdf/home/m/miaed/tmo_exp/tmo101347625/scratch/miaed_mnis_data/mrco_h5_svd/1d_svd_r16_train/even-dist_Files.029_processed_svd1d_r16.h5
Processing 8192 groups: /sdf/home/m/miaed/tmo_exp/tmo101347625/scratch/miaed_mnis_data/mrco_h5/train/even-dist_Files.027_processed.h5 -> /sdf/home/m/miaed/tmo_exp/tmo101347625/scratch/miaed_mnis_data/mrco_h5_svd/1d_svd_r16_train/even-dist_Files.027_processed_svd1d_r16.h5
  [200/8192] done
  [400/8192] done
  [600/8192] done
  [800/8192] done
  [1000/8192] done
  [1200/8192] done
  [1400/8192] done
  [1600/8192] done
  [1800/8192] done
  [2000/8192] done
  [2200/8192] done
  [2400/8192] done
  [2600/8192] done
  [2800/8192] done
  [3000/8192] done
  [3200/8192] done
  [3400/8192] done
  [3600/8192] done
  [3800/8192] done
  [4000/8192] done
  [4200/8192] done
  [4400/8192] done
  [4600/8192] done
  [4800/8192] done
  [5000/8192] done
  [5200/8192] done
  [5400/8192] done
  [5600/8192] done
  [5800/8192] done
  [6000/8192] done
  [6200/8192] done
  [6400/8192] done
  [6600/8192] done
  [6800/8192] done
  [7000/8192] done
  [7200/8192] done
  [7400/8192] done
  [7600/8192] done
  [7800/8192] done
  [8000/8192] done
  [8192/8192] done
Wrote /sdf/home/m/miaed/tmo_exp/tmo101347625/scratch/miaed_mnis_data/mrco_h5_svd/1d_svd_r16_train/even-dist_Files.027_processed_svd1d_r16.h5
Processing 8192 groups: /sdf/home/m/miaed/tmo_exp/tmo101347625/scratch/miaed_mnis_data/mrco_h5/train/even-dist_Files.030_processed.h5 -> /sdf/home/m/miaed/tmo_exp/tmo101347625/scratch/miaed_mnis_data/mrco_h5_svd/1d_svd_r16_train/even-dist_Files.030_processed_svd1d_r16.h5
  [200/8192] done
  [400/8192] done
  [600/8192] done
  [800/8192] done
  [1000/8192] done
  [1200/8192] done
  [1400/8192] done
  [1600/8192] done
  [1800/8192] done
  [2000/8192] done
  [2200/8192] done
  [2400/8192] done
  [2600/8192] done
  [2800/8192] done
  [3000/8192] done
  [3200/8192] done
  [3400/8192] done
  [3600/8192] done
  [3800/8192] done
  [4000/8192] done
  [4200/8192] done
  [4400/8192] done
  [4600/8192] done
  [4800/8192] done
  [5000/8192] done
  [5200/8192] done
  [5400/8192] done
  [5600/8192] done
  [5800/8192] done
  [6000/8192] done
  [6200/8192] done
  [6400/8192] done
  [6600/8192] done
  [6800/8192] done
  [7000/8192] done
  [7200/8192] done
  [7400/8192] done
  [7600/8192] done
  [7800/8192] done
  [8000/8192] done
  [8192/8192] done
Wrote /sdf/home/m/miaed/tmo_exp/tmo101347625/scratch/miaed_mnis_data/mrco_h5_svd/1d_svd_r16_train/even-dist_Files.030_processed_svd1d_r16.h5
Processing 8192 groups: /sdf/home/m/miaed/tmo_exp/tmo101347625/scratch/miaed_mnis_data/mrco_h5/train/even-dist_Files.032_processed.h5 -> /sdf/home/m/miaed/tmo_exp/tmo101347625/scratch/miaed_mnis_data/mrco_h5_svd/1d_svd_r16_train/even-dist_Files.032_processed_svd1d_r16.h5
  [200/8192] done
  [400/8192] done
  [600/8192] done
  [800/8192] done
  [1000/8192] done
  [1200/8192] done
  [1400/8192] done
  [1600/8192] done
  [1800/8192] done
  [2000/8192] done
  [2200/8192] done
  [2400/8192] done
  [2600/8192] done
  [2800/8192] done
  [3000/8192] done
  [3200/8192] done
  [3400/8192] done
  [3600/8192] done
  [3800/8192] done
  [4000/8192] done
  [4200/8192] done
  [4400/8192] done
  [4600/8192] done
  [4800/8192] done
  [5000/8192] done
  [5200/8192] done
  [5400/8192] done
  [5600/8192] done
  [5800/8192] done
  [6000/8192] done
  [6200/8192] done
  [6400/8192] done
  [6600/8192] done
  [6800/8192] done
  [7000/8192] done
  [7200/8192] done
  [7400/8192] done
  [7600/8192] done
  [7800/8192] done
  [8000/8192] done
  [8192/8192] done
Wrote /sdf/home/m/miaed/tmo_exp/tmo101347625/scratch/miaed_mnis_data/mrco_h5_svd/1d_svd_r16_train/even-dist_Files.032_processed_svd1d_r16.h5
Processing 8192 groups: /sdf/home/m/miaed/tmo_exp/tmo101347625/scratch/miaed_mnis_data/mrco_h5/train/even-dist_Files.033_processed.h5 -> /sdf/home/m/miaed/tmo_exp/tmo101347625/scratch/miaed_mnis_data/mrco_h5_svd/1d_svd_r16_train/even-dist_Files.033_processed_svd1d_r16.h5
  [200/8192] done
  [400/8192] done
  [600/8192] done
  [800/8192] done
  [1000/8192] done
  [1200/8192] done
  [1400/8192] done
  [1600/8192] done
  [1800/8192] done
  [2000/8192] done
  [2200/8192] done
  [2400/8192] done
  [2600/8192] done
  [2800/8192] done
  [3000/8192] done
  [3200/8192] done
  [3400/8192] done
  [3600/8192] done
  [3800/8192] done
  [4000/8192] done
  [4200/8192] done
  [4400/8192] done
  [4600/8192] done
  [4800/8192] done
  [5000/8192] done
  [5200/8192] done
  [5400/8192] done
  [5600/8192] done
  [5800/8192] done
  [6000/8192] done
  [6200/8192] done
  [6400/8192] done
  [6600/8192] done
  [6800/8192] done
  [7000/8192] done
  [7200/8192] done
  [7400/8192] done
  [7600/8192] done
  [7800/8192] done
  [8000/8192] done
  [8192/8192] done
Wrote /sdf/home/m/miaed/tmo_exp/tmo101347625/scratch/miaed_mnis_data/mrco_h5_svd/1d_svd_r16_train/even-dist_Files.033_processed_svd1d_r16.h5
Processing 8192 groups: /sdf/home/m/miaed/tmo_exp/tmo101347625/scratch/miaed_mnis_data/mrco_h5/train/even-dist_Files.031_processed.h5 -> /sdf/home/m/miaed/tmo_exp/tmo101347625/scratch/miaed_mnis_data/mrco_h5_svd/1d_svd_r16_train/even-dist_Files.031_processed_svd1d_r16.h5
  [200/8192] done
  [400/8192] done
  [600/8192] done
  [800/8192] done
  [1000/8192] done
  [1200/8192] done
  [1400/8192] done
  [1600/8192] done
  [1800/8192] done
  [2000/8192] done
  [2200/8192] done
  [2400/8192] done
  [2600/8192] done
  [2800/8192] done
  [3000/8192] done
  [3200/8192] done
  [3400/8192] done
  [3600/8192] done
  [3800/8192] done
  [4000/8192] done
  [4200/8192] done
  [4400/8192] done
  [4600/8192] done
  [4800/8192] done
  [5000/8192] done
  [5200/8192] done
  [5400/8192] done
  [5600/8192] done
  [5800/8192] done
  [6000/8192] done
  [6200/8192] done
  [6400/8192] done
  [6600/8192] done
  [6800/8192] done
  [7000/8192] done
  [7200/8192] done
  [7400/8192] done
  [7600/8192] done
  [7800/8192] done
  [8000/8192] done
  [8192/8192] done
Wrote /sdf/home/m/miaed/tmo_exp/tmo101347625/scratch/miaed_mnis_data/mrco_h5_svd/1d_svd_r16_train/even-dist_Files.031_processed_svd1d_r16.h5
Processing 8192 groups: /sdf/home/m/miaed/tmo_exp/tmo101347625/scratch/miaed_mnis_data/mrco_h5/train/even-dist_Files.034_processed.h5 -> /sdf/home/m/miaed/tmo_exp/tmo101347625/scratch/miaed_mnis_data/mrco_h5_svd/1d_svd_r16_train/even-dist_Files.034_processed_svd1d_r16.h5
  [200/8192] done
  [400/8192] done
  [600/8192] done
  [800/8192] done
  [1000/8192] done
  [1200/8192] done
  [1400/8192] done
  [1600/8192] done
  [1800/8192] done
  [2000/8192] done
  [2200/8192] done
  [2400/8192] done
  [2600/8192] done
  [2800/8192] done
  [3000/8192] done
  [3200/8192] done
  [3400/8192] done
  [3600/8192] done
  [3800/8192] done
  [4000/8192] done
  [4200/8192] done
  [4400/8192] done
  [4600/8192] done
  [4800/8192] done
  [5000/8192] done
  [5200/8192] done
  [5400/8192] done
  [5600/8192] done
  [5800/8192] done
  [6000/8192] done
  [6200/8192] done
  [6400/8192] done
  [6600/8192] done
  [6800/8192] done
  [7000/8192] done
  [7200/8192] done
  [7400/8192] done
  [7600/8192] done
  [7800/8192] done
  [8000/8192] done
  [8192/8192] done
Wrote /sdf/home/m/miaed/tmo_exp/tmo101347625/scratch/miaed_mnis_data/mrco_h5_svd/1d_svd_r16_train/even-dist_Files.034_processed_svd1d_r16.h5
Processing 8192 groups: /sdf/home/m/miaed/tmo_exp/tmo101347625/scratch/miaed_mnis_data/mrco_h5/train/even-dist_Files.035_processed.h5 -> /sdf/home/m/miaed/tmo_exp/tmo101347625/scratch/miaed_mnis_data/mrco_h5_svd/1d_svd_r16_train/even-dist_Files.035_processed_svd1d_r16.h5
  [200/8192] done
  [400/8192] done
  [600/8192] done
  [800/8192] done
  [1000/8192] done
  [1200/8192] done
  [1400/8192] done
  [1600/8192] done
  [1800/8192] done
  [2000/8192] done
  [2200/8192] done
  [2400/8192] done
  [2600/8192] done
  [2800/8192] done
  [3000/8192] done
  [3200/8192] done
  [3400/8192] done
  [3600/8192] done
  [3800/8192] done
  [4000/8192] done
  [4200/8192] done
  [4400/8192] done
  [4600/8192] done
  [4800/8192] done
  [5000/8192] done
  [5200/8192] done
  [5400/8192] done
  [5600/8192] done
  [5800/8192] done
  [6000/8192] done
  [6200/8192] done
  [6400/8192] done
  [6600/8192] done
  [6800/8192] done
  [7000/8192] done
  [7200/8192] done
  [7400/8192] done
  [7600/8192] done
  [7800/8192] done
  [8000/8192] done
  [8192/8192] done
Wrote /sdf/home/m/miaed/tmo_exp/tmo101347625/scratch/miaed_mnis_data/mrco_h5_svd/1d_svd_r16_train/even-dist_Files.035_processed_svd1d_r16.h5
Processing 8192 groups: /sdf/home/m/miaed/tmo_exp/tmo101347625/scratch/miaed_mnis_data/mrco_h5/train/Even_Distribution_Pulses_Processed_train_even-dist_Files.000_processed.h5 -> /sdf/home/m/miaed/tmo_exp/tmo101347625/scratch/miaed_mnis_data/mrco_h5_svd/1d_svd_r16_train/Even_Distribution_Pulses_Processed_train_even-dist_Files.000_processed_svd1d_r16.h5
  [200/8192] done
  [400/8192] done
  [600/8192] done
  [800/8192] done
  [1000/8192] done
  [1200/8192] done
  [1400/8192] done
  [1600/8192] done
  [1800/8192] done
  [2000/8192] done
  [2200/8192] done
  [2400/8192] done
  [2600/8192] done
  [2800/8192] done
  [3000/8192] done
  [3200/8192] done
  [3400/8192] done
  [3600/8192] done
  [3800/8192] done
  [4000/8192] done
  [4200/8192] done
  [4400/8192] done
  [4600/8192] done
  [4800/8192] done
  [5000/8192] done
  [5200/8192] done
  [5400/8192] done
  [5600/8192] done
  [5800/8192] done
  [6000/8192] done
  [6200/8192] done
  [6400/8192] done
  [6600/8192] done
  [6800/8192] done
  [7000/8192] done
  [7200/8192] done
  [7400/8192] done
  [7600/8192] done
  [7800/8192] done
  [8000/8192] done
  [8192/8192] done
Wrote /sdf/home/m/miaed/tmo_exp/tmo101347625/scratch/miaed_mnis_data/mrco_h5_svd/1d_svd_r16_train/Even_Distribution_Pulses_Processed_train_even-dist_Files.000_processed_svd1d_r16.h5
=== mode=1d rank=28 split=test: /sdf/home/m/miaed/tmo_exp/tmo101347625/scratch/miaed_mnis_data/mrco_h5/test -> /sdf/home/m/miaed/tmo_exp/tmo101347625/scratch/miaed_mnis_data/mrco_h5_svd/1d_svd_r28_test ===
Processing 8192 groups: /sdf/home/m/miaed/tmo_exp/tmo101347625/scratch/miaed_mnis_data/mrco_h5/test/even-dist_Files.022_processed.h5 -> /sdf/home/m/miaed/tmo_exp/tmo101347625/scratch/miaed_mnis_data/mrco_h5_svd/1d_svd_r28_test/even-dist_Files.022_processed_svd1d_r28.h5
  [200/8192] done
  [400/8192] done
  [600/8192] done
  [800/8192] done
  [1000/8192] done
  [1200/8192] done
  [1400/8192] done
  [1600/8192] done
  [1800/8192] done
  [2000/8192] done
  [2200/8192] done
  [2400/8192] done
  [2600/8192] done
  [2800/8192] done
  [3000/8192] done
  [3200/8192] done
  [3400/8192] done
  [3600/8192] done
  [3800/8192] done
  [4000/8192] done
  [4200/8192] done
  [4400/8192] done
  [4600/8192] done
  [4800/8192] done
  [5000/8192] done
  [5200/8192] done
  [5400/8192] done
  [5600/8192] done
  [5800/8192] done
  [6000/8192] done
  [6200/8192] done
  [6400/8192] done
  [6600/8192] done
  [6800/8192] done
  [7000/8192] done
  [7200/8192] done
  [7400/8192] done
  [7600/8192] done
  [7800/8192] done
  [8000/8192] done
  [8192/8192] done
Wrote /sdf/home/m/miaed/tmo_exp/tmo101347625/scratch/miaed_mnis_data/mrco_h5_svd/1d_svd_r28_test/even-dist_Files.022_processed_svd1d_r28.h5
Processing 8192 groups: /sdf/home/m/miaed/tmo_exp/tmo101347625/scratch/miaed_mnis_data/mrco_h5/test/even-dist_Files.031_processed.h5 -> /sdf/home/m/miaed/tmo_exp/tmo101347625/scratch/miaed_mnis_data/mrco_h5_svd/1d_svd_r28_test/even-dist_Files.031_processed_svd1d_r28.h5
  [200/8192] done
  [400/8192] done
  [600/8192] done
  [800/8192] done
  [1000/8192] done
  [1200/8192] done
  [1400/8192] done
  [1600/8192] done
  [1800/8192] done
  [2000/8192] done
  [2200/8192] done
  [2400/8192] done
  [2600/8192] done
  [2800/8192] done
  [3000/8192] done
  [3200/8192] done
  [3400/8192] done
  [3600/8192] done
  [3800/8192] done
  [4000/8192] done
  [4200/8192] done
  [4400/8192] done
  [4600/8192] done
  [4800/8192] done
  [5000/8192] done
  [5200/8192] done
  [5400/8192] done
  [5600/8192] done
  [5800/8192] done
  [6000/8192] done
  [6200/8192] done
  [6400/8192] done
  [6600/8192] done
  [6800/8192] done
  [7000/8192] done
  [7200/8192] done
  [7400/8192] done
  [7600/8192] done
  [7800/8192] done
  [8000/8192] done
  [8192/8192] done
Wrote /sdf/home/m/miaed/tmo_exp/tmo101347625/scratch/miaed_mnis_data/mrco_h5_svd/1d_svd_r28_test/even-dist_Files.031_processed_svd1d_r28.h5
Processing 8192 groups: /sdf/home/m/miaed/tmo_exp/tmo101347625/scratch/miaed_mnis_data/mrco_h5/test/even-dist_Files.037_processed.h5 -> /sdf/home/m/miaed/tmo_exp/tmo101347625/scratch/miaed_mnis_data/mrco_h5_svd/1d_svd_r28_test/even-dist_Files.037_processed_svd1d_r28.h5
  [200/8192] done
  [400/8192] done
  [600/8192] done
  [800/8192] done
  [1000/8192] done
  [1200/8192] done
  [1400/8192] done
  [1600/8192] done
  [1800/8192] done
  [2000/8192] done
  [2200/8192] done
  [2400/8192] done
  [2600/8192] done
  [2800/8192] done
  [3000/8192] done
  [3200/8192] done
  [3400/8192] done
  [3600/8192] done
  [3800/8192] done
  [4000/8192] done
  [4200/8192] done
  [4400/8192] done
  [4600/8192] done
  [4800/8192] done
  [5000/8192] done
  [5200/8192] done
  [5400/8192] done
  [5600/8192] done
  [5800/8192] done
  [6000/8192] done
  [6200/8192] done
  [6400/8192] done
  [6600/8192] done
  [6800/8192] done
  [7000/8192] done
  [7200/8192] done
  [7400/8192] done
  [7600/8192] done
  [7800/8192] done
  [8000/8192] done
  [8192/8192] done
Wrote /sdf/home/m/miaed/tmo_exp/tmo101347625/scratch/miaed_mnis_data/mrco_h5_svd/1d_svd_r28_test/even-dist_Files.037_processed_svd1d_r28.h5
Processing 8192 groups: /sdf/home/m/miaed/tmo_exp/tmo101347625/scratch/miaed_mnis_data/mrco_h5/test/even-dist_Files.027_processed.h5 -> /sdf/home/m/miaed/tmo_exp/tmo101347625/scratch/miaed_mnis_data/mrco_h5_svd/1d_svd_r28_test/even-dist_Files.027_processed_svd1d_r28.h5
  [200/8192] done
  [400/8192] done
  [600/8192] done
  [800/8192] done
  [1000/8192] done
  [1200/8192] done
  [1400/8192] done
  [1600/8192] done
  [1800/8192] done
  [2000/8192] done
  [2200/8192] done
  [2400/8192] done
  [2600/8192] done
  [2800/8192] done
  [3000/8192] done
  [3200/8192] done
  [3400/8192] done
  [3600/8192] done
  [3800/8192] done
  [4000/8192] done
  [4200/8192] done
  [4400/8192] done
  [4600/8192] done
  [4800/8192] done
  [5000/8192] done
  [5200/8192] done
  [5400/8192] done
  [5600/8192] done
  [5800/8192] done
  [6000/8192] done
  [6200/8192] done
  [6400/8192] done
  [6600/8192] done
  [6800/8192] done
  [7000/8192] done
  [7200/8192] done
  [7400/8192] done
  [7600/8192] done
  [7800/8192] done
  [8000/8192] done
  [8192/8192] done
Wrote /sdf/home/m/miaed/tmo_exp/tmo101347625/scratch/miaed_mnis_data/mrco_h5_svd/1d_svd_r28_test/even-dist_Files.027_processed_svd1d_r28.h5
Processing 8192 groups: /sdf/home/m/miaed/tmo_exp/tmo101347625/scratch/miaed_mnis_data/mrco_h5/test/even-dist_Files.040_processed.h5 -> /sdf/home/m/miaed/tmo_exp/tmo101347625/scratch/miaed_mnis_data/mrco_h5_svd/1d_svd_r28_test/even-dist_Files.040_processed_svd1d_r28.h5
  [200/8192] done
  [400/8192] done
  [600/8192] done
  [800/8192] done
  [1000/8192] done
  [1200/8192] done
  [1400/8192] done
  [1600/8192] done
  [1800/8192] done
  [2000/8192] done
  [2200/8192] done
  [2400/8192] done
  [2600/8192] done
  [2800/8192] done
  [3000/8192] done
  [3200/8192] done
  [3400/8192] done
  [3600/8192] done
  [3800/8192] done
  [4000/8192] done
  [4200/8192] done
  [4400/8192] done
  [4600/8192] done
  [4800/8192] done
  [5000/8192] done
  [5200/8192] done
  [5400/8192] done
  [5600/8192] done
  [5800/8192] done
  [6000/8192] done
  [6200/8192] done
  [6400/8192] done
  [6600/8192] done
  [6800/8192] done
  [7000/8192] done
  [7200/8192] done
  [7400/8192] done
  [7600/8192] done
  [7800/8192] done
  [8000/8192] done
  [8192/8192] done
Wrote /sdf/home/m/miaed/tmo_exp/tmo101347625/scratch/miaed_mnis_data/mrco_h5_svd/1d_svd_r28_test/even-dist_Files.040_processed_svd1d_r28.h5
Processing 8192 groups: /sdf/home/m/miaed/tmo_exp/tmo101347625/scratch/miaed_mnis_data/mrco_h5/test/even-dist_Files.048_processed.h5 -> /sdf/home/m/miaed/tmo_exp/tmo101347625/scratch/miaed_mnis_data/mrco_h5_svd/1d_svd_r28_test/even-dist_Files.048_processed_svd1d_r28.h5
  [200/8192] done
  [400/8192] done
  [600/8192] done
  [800/8192] done
  [1000/8192] done
  [1200/8192] done
  [1400/8192] done
  [1600/8192] done
  [1800/8192] done
  [2000/8192] done
  [2200/8192] done
  [2400/8192] done
  [2600/8192] done
  [2800/8192] done
  [3000/8192] done
  [3200/8192] done
  [3400/8192] done
  [3600/8192] done
  [3800/8192] done
  [4000/8192] done
  [4200/8192] done
  [4400/8192] done
  [4600/8192] done
  [4800/8192] done
  [5000/8192] done
  [5200/8192] done
  [5400/8192] done
  [5600/8192] done
  [5800/8192] done
  [6000/8192] done
  [6200/8192] done
  [6400/8192] done
  [6600/8192] done
  [6800/8192] done
  [7000/8192] done
  [7200/8192] done
  [7400/8192] done
  [7600/8192] done
  [7800/8192] done
  [8000/8192] done
  [8192/8192] done
Wrote /sdf/home/m/miaed/tmo_exp/tmo101347625/scratch/miaed_mnis_data/mrco_h5_svd/1d_svd_r28_test/even-dist_Files.048_processed_svd1d_r28.h5
Processing 8192 groups: /sdf/home/m/miaed/tmo_exp/tmo101347625/scratch/miaed_mnis_data/mrco_h5/test/even-dist_Files.045_processed.h5 -> /sdf/home/m/miaed/tmo_exp/tmo101347625/scratch/miaed_mnis_data/mrco_h5_svd/1d_svd_r28_test/even-dist_Files.045_processed_svd1d_r28.h5
  [200/8192] done
  [400/8192] done
  [600/8192] done
  [800/8192] done
  [1000/8192] done
  [1200/8192] done
  [1400/8192] done
  [1600/8192] done
  [1800/8192] done
  [2000/8192] done
  [2200/8192] done
  [2400/8192] done
  [2600/8192] done
  [2800/8192] done
  [3000/8192] done
  [3200/8192] done
  [3400/8192] done
  [3600/8192] done
  [3800/8192] done
  [4000/8192] done
  [4200/8192] done
  [4400/8192] done
  [4600/8192] done
  [4800/8192] done
  [5000/8192] done
  [5200/8192] done
  [5400/8192] done
  [5600/8192] done
  [5800/8192] done
  [6000/8192] done
  [6200/8192] done
  [6400/8192] done
  [6600/8192] done
  [6800/8192] done
  [7000/8192] done
  [7200/8192] done
  [7400/8192] done
  [7600/8192] done
  [7800/8192] done
  [8000/8192] done
  [8192/8192] done
Wrote /sdf/home/m/miaed/tmo_exp/tmo101347625/scratch/miaed_mnis_data/mrco_h5_svd/1d_svd_r28_test/even-dist_Files.045_processed_svd1d_r28.h5
Processing 8192 groups: /sdf/home/m/miaed/tmo_exp/tmo101347625/scratch/miaed_mnis_data/mrco_h5/test/even-dist_Files.050_processed.h5 -> /sdf/home/m/miaed/tmo_exp/tmo101347625/scratch/miaed_mnis_data/mrco_h5_svd/1d_svd_r28_test/even-dist_Files.050_processed_svd1d_r28.h5
  [200/8192] done
  [400/8192] done
  [600/8192] done
  [800/8192] done
  [1000/8192] done
  [1200/8192] done
  [1400/8192] done
  [1600/8192] done
  [1800/8192] done
  [2000/8192] done
  [2200/8192] done
  [2400/8192] done
  [2600/8192] done
  [2800/8192] done
  [3000/8192] done
  [3200/8192] done
  [3400/8192] done
  [3600/8192] done
  [3800/8192] done
  [4000/8192] done
  [4200/8192] done
  [4400/8192] done
  [4600/8192] done
  [4800/8192] done
  [5000/8192] done
  [5200/8192] done
  [5400/8192] done
  [5600/8192] done
  [5800/8192] done
  [6000/8192] done
  [6200/8192] done
  [6400/8192] done
  [6600/8192] done
  [6800/8192] done
  [7000/8192] done
  [7200/8192] done
  [7400/8192] done
  [7600/8192] done
  [7800/8192] done
  [8000/8192] done
  [8192/8192] done
Wrote /sdf/home/m/miaed/tmo_exp/tmo101347625/scratch/miaed_mnis_data/mrco_h5_svd/1d_svd_r28_test/even-dist_Files.050_processed_svd1d_r28.h5
Processing 8192 groups: /sdf/home/m/miaed/tmo_exp/tmo101347625/scratch/miaed_mnis_data/mrco_h5/test/even-dist_Files.052_processed.h5 -> /sdf/home/m/miaed/tmo_exp/tmo101347625/scratch/miaed_mnis_data/mrco_h5_svd/1d_svd_r28_test/even-dist_Files.052_processed_svd1d_r28.h5
  [200/8192] done
  [400/8192] done
  [600/8192] done
  [800/8192] done
  [1000/8192] done
  [1200/8192] done
  [1400/8192] done
  [1600/8192] done
  [1800/8192] done
  [2000/8192] done
  [2200/8192] done
  [2400/8192] done
  [2600/8192] done
  [2800/8192] done
  [3000/8192] done
  [3200/8192] done
  [3400/8192] done
  [3600/8192] done
  [3800/8192] done
  [4000/8192] done
  [4200/8192] done
  [4400/8192] done
  [4600/8192] done
  [4800/8192] done
  [5000/8192] done
  [5200/8192] done
  [5400/8192] done
  [5600/8192] done
  [5800/8192] done
  [6000/8192] done
  [6200/8192] done
  [6400/8192] done
  [6600/8192] done
  [6800/8192] done
  [7000/8192] done
  [7200/8192] done
  [7400/8192] done
  [7600/8192] done
  [7800/8192] done
  [8000/8192] done
  [8192/8192] done
Wrote /sdf/home/m/miaed/tmo_exp/tmo101347625/scratch/miaed_mnis_data/mrco_h5_svd/1d_svd_r28_test/even-dist_Files.052_processed_svd1d_r28.h5
Processing 8192 groups: /sdf/home/m/miaed/tmo_exp/tmo101347625/scratch/miaed_mnis_data/mrco_h5/test/Even_Distribution_Pulses_Processed_test_even-dist_Files.003_processed.h5 -> /sdf/home/m/miaed/tmo_exp/tmo101347625/scratch/miaed_mnis_data/mrco_h5_svd/1d_svd_r28_test/Even_Distribution_Pulses_Processed_test_even-dist_Files.003_processed_svd1d_r28.h5
  [200/8192] done
  [400/8192] done
  [600/8192] done
  [800/8192] done
  [1000/8192] done
  [1200/8192] done
  [1400/8192] done
  [1600/8192] done
  [1800/8192] done
  [2000/8192] done
  [2200/8192] done
  [2400/8192] done
  [2600/8192] done
  [2800/8192] done
  [3000/8192] done
  [3200/8192] done
  [3400/8192] done
  [3600/8192] done
  [3800/8192] done
  [4000/8192] done
  [4200/8192] done
  [4400/8192] done
  [4600/8192] done
  [4800/8192] done
  [5000/8192] done
  [5200/8192] done
  [5400/8192] done
  [5600/8192] done
  [5800/8192] done
  [6000/8192] done
  [6200/8192] done
  [6400/8192] done
  [6600/8192] done
  [6800/8192] done
  [7000/8192] done
  [7200/8192] done
  [7400/8192] done
  [7600/8192] done
  [7800/8192] done
  [8000/8192] done
  [8192/8192] done
Wrote /sdf/home/m/miaed/tmo_exp/tmo101347625/scratch/miaed_mnis_data/mrco_h5_svd/1d_svd_r28_test/Even_Distribution_Pulses_Processed_test_even-dist_Files.003_processed_svd1d_r28.h5
=== mode=1d rank=28 split=train: /sdf/home/m/miaed/tmo_exp/tmo101347625/scratch/miaed_mnis_data/mrco_h5/train -> /sdf/home/m/miaed/tmo_exp/tmo101347625/scratch/miaed_mnis_data/mrco_h5_svd/1d_svd_r28_train ===
Processing 8192 groups: /sdf/home/m/miaed/tmo_exp/tmo101347625/scratch/miaed_mnis_data/mrco_h5/train/even-dist_Files.001_processed.h5 -> /sdf/home/m/miaed/tmo_exp/tmo101347625/scratch/miaed_mnis_data/mrco_h5_svd/1d_svd_r28_train/even-dist_Files.001_processed_svd1d_r28.h5
  [200/8192] done
  [400/8192] done
  [600/8192] done
  [800/8192] done
  [1000/8192] done
  [1200/8192] done
  [1400/8192] done
  [1600/8192] done
  [1800/8192] done
  [2000/8192] done
  [2200/8192] done
  [2400/8192] done
  [2600/8192] done
  [2800/8192] done
  [3000/8192] done
  [3200/8192] done
  [3400/8192] done
  [3600/8192] done
  [3800/8192] done
  [4000/8192] done
  [4200/8192] done
  [4400/8192] done
  [4600/8192] done
  [4800/8192] done
  [5000/8192] done
  [5200/8192] done
  [5400/8192] done
  [5600/8192] done
  [5800/8192] done
  [6000/8192] done
  [6200/8192] done
  [6400/8192] done
  [6600/8192] done
  [6800/8192] done
  [7000/8192] done
  [7200/8192] done
  [7400/8192] done
  [7600/8192] done
  [7800/8192] done
  [8000/8192] done
  [8192/8192] done
Wrote /sdf/home/m/miaed/tmo_exp/tmo101347625/scratch/miaed_mnis_data/mrco_h5_svd/1d_svd_r28_train/even-dist_Files.001_processed_svd1d_r28.h5
Processing 8192 groups: /sdf/home/m/miaed/tmo_exp/tmo101347625/scratch/miaed_mnis_data/mrco_h5/train/even-dist_Files.003_processed.h5 -> /sdf/home/m/miaed/tmo_exp/tmo101347625/scratch/miaed_mnis_data/mrco_h5_svd/1d_svd_r28_train/even-dist_Files.003_processed_svd1d_r28.h5
  [200/8192] done
  [400/8192] done
  [600/8192] done
  [800/8192] done
  [1000/8192] done
  [1200/8192] done
  [1400/8192] done
  [1600/8192] done
  [1800/8192] done
  [2000/8192] done
  [2200/8192] done
  [2400/8192] done
  [2600/8192] done
  [2800/8192] done
  [3000/8192] done
  [3200/8192] done
  [3400/8192] done
  [3600/8192] done
  [3800/8192] done
  [4000/8192] done
  [4200/8192] done
  [4400/8192] done
  [4600/8192] done
  [4800/8192] done
  [5000/8192] done
  [5200/8192] done
  [5400/8192] done
  [5600/8192] done
  [5800/8192] done
  [6000/8192] done
  [6200/8192] done
  [6400/8192] done
  [6600/8192] done
  [6800/8192] done
  [7000/8192] done
  [7200/8192] done
  [7400/8192] done
  [7600/8192] done
  [7800/8192] done
  [8000/8192] done
  [8192/8192] done
Wrote /sdf/home/m/miaed/tmo_exp/tmo101347625/scratch/miaed_mnis_data/mrco_h5_svd/1d_svd_r28_train/even-dist_Files.003_processed_svd1d_r28.h5
Processing 8192 groups: /sdf/home/m/miaed/tmo_exp/tmo101347625/scratch/miaed_mnis_data/mrco_h5/train/even-dist_Files.002_processed.h5 -> /sdf/home/m/miaed/tmo_exp/tmo101347625/scratch/miaed_mnis_data/mrco_h5_svd/1d_svd_r28_train/even-dist_Files.002_processed_svd1d_r28.h5
  [200/8192] done
  [400/8192] done
  [600/8192] done
  [800/8192] done
  [1000/8192] done
  [1200/8192] done
  [1400/8192] done
  [1600/8192] done
  [1800/8192] done
  [2000/8192] done
  [2200/8192] done
  [2400/8192] done
  [2600/8192] done
  [2800/8192] done
  [3000/8192] done
  [3200/8192] done
  [3400/8192] done
  [3600/8192] done
  [3800/8192] done
  [4000/8192] done
  [4200/8192] done
  [4400/8192] done
  [4600/8192] done
  [4800/8192] done
  [5000/8192] done
  [5200/8192] done
  [5400/8192] done
  [5600/8192] done
  [5800/8192] done
  [6000/8192] done
  [6200/8192] done
  [6400/8192] done
  [6600/8192] done
  [6800/8192] done
  [7000/8192] done
  [7200/8192] done
  [7400/8192] done
  [7600/8192] done
  [7800/8192] done
  [8000/8192] done
  [8192/8192] done
Wrote /sdf/home/m/miaed/tmo_exp/tmo101347625/scratch/miaed_mnis_data/mrco_h5_svd/1d_svd_r28_train/even-dist_Files.002_processed_svd1d_r28.h5
Processing 8192 groups: /sdf/home/m/miaed/tmo_exp/tmo101347625/scratch/miaed_mnis_data/mrco_h5/train/even-dist_Files.004_processed.h5 -> /sdf/home/m/miaed/tmo_exp/tmo101347625/scratch/miaed_mnis_data/mrco_h5_svd/1d_svd_r28_train/even-dist_Files.004_processed_svd1d_r28.h5
  [200/8192] done
  [400/8192] done
  [600/8192] done
  [800/8192] done
  [1000/8192] done
  [1200/8192] done
  [1400/8192] done
  [1600/8192] done
  [1800/8192] done
  [2000/8192] done
  [2200/8192] done
  [2400/8192] done
  [2600/8192] done
  [2800/8192] done
  [3000/8192] done
  [3200/8192] done
  [3400/8192] done
  [3600/8192] done
  [3800/8192] done
  [4000/8192] done
  [4200/8192] done
  [4400/8192] done
  [4600/8192] done
  [4800/8192] done
  [5000/8192] done
  [5200/8192] done
  [5400/8192] done
  [5600/8192] done
  [5800/8192] done
  [6000/8192] done
  [6200/8192] done
  [6400/8192] done
  [6600/8192] done
  [6800/8192] done
  [7000/8192] done
  [7200/8192] done
  [7400/8192] done
  [7600/8192] done
  [7800/8192] done
  [8000/8192] done
  [8192/8192] done
Wrote /sdf/home/m/miaed/tmo_exp/tmo101347625/scratch/miaed_mnis_data/mrco_h5_svd/1d_svd_r28_train/even-dist_Files.004_processed_svd1d_r28.h5
Processing 8192 groups: /sdf/home/m/miaed/tmo_exp/tmo101347625/scratch/miaed_mnis_data/mrco_h5/train/even-dist_Files.005_processed.h5 -> /sdf/home/m/miaed/tmo_exp/tmo101347625/scratch/miaed_mnis_data/mrco_h5_svd/1d_svd_r28_train/even-dist_Files.005_processed_svd1d_r28.h5
  [200/8192] done
  [400/8192] done
  [600/8192] done
  [800/8192] done
  [1000/8192] done
  [1200/8192] done
  [1400/8192] done
  [1600/8192] done
  [1800/8192] done
  [2000/8192] done
  [2200/8192] done
  [2400/8192] done
  [2600/8192] done
  [2800/8192] done
  [3000/8192] done
  [3200/8192] done
  [3400/8192] done
  [3600/8192] done
  [3800/8192] done
  [4000/8192] done
  [4200/8192] done
  [4400/8192] done
  [4600/8192] done
  [4800/8192] done
  [5000/8192] done
  [5200/8192] done
  [5400/8192] done
  [5600/8192] done
  [5800/8192] done
  [6000/8192] done
  [6200/8192] done
  [6400/8192] done
  [6600/8192] done
  [6800/8192] done
  [7000/8192] done
  [7200/8192] done
  [7400/8192] done
  [7600/8192] done
  [7800/8192] done
  [8000/8192] done
  [8192/8192] done
Wrote /sdf/home/m/miaed/tmo_exp/tmo101347625/scratch/miaed_mnis_data/mrco_h5_svd/1d_svd_r28_train/even-dist_Files.005_processed_svd1d_r28.h5
Processing 8192 groups: /sdf/home/m/miaed/tmo_exp/tmo101347625/scratch/miaed_mnis_data/mrco_h5/train/even-dist_Files.006_processed.h5 -> /sdf/home/m/miaed/tmo_exp/tmo101347625/scratch/miaed_mnis_data/mrco_h5_svd/1d_svd_r28_train/even-dist_Files.006_processed_svd1d_r28.h5
  [200/8192] done
  [400/8192] done
  [600/8192] done
  [800/8192] done
  [1000/8192] done
  [1200/8192] done
  [1400/8192] done
  [1600/8192] done
  [1800/8192] done
  [2000/8192] done
  [2200/8192] done
  [2400/8192] done
  [2600/8192] done
  [2800/8192] done
  [3000/8192] done
  [3200/8192] done
  [3400/8192] done
  [3600/8192] done
  [3800/8192] done
  [4000/8192] done
  [4200/8192] done
  [4400/8192] done
  [4600/8192] done
  [4800/8192] done
  [5000/8192] done
  [5200/8192] done
  [5400/8192] done
  [5600/8192] done
  [5800/8192] done
  [6000/8192] done
  [6200/8192] done
  [6400/8192] done
  [6600/8192] done
  [6800/8192] done
  [7000/8192] done
  [7200/8192] done
  [7400/8192] done
  [7600/8192] done
  [7800/8192] done
  [8000/8192] done
  [8192/8192] done
Wrote /sdf/home/m/miaed/tmo_exp/tmo101347625/scratch/miaed_mnis_data/mrco_h5_svd/1d_svd_r28_train/even-dist_Files.006_processed_svd1d_r28.h5
Processing 8192 groups: /sdf/home/m/miaed/tmo_exp/tmo101347625/scratch/miaed_mnis_data/mrco_h5/train/even-dist_Files.007_processed.h5 -> /sdf/home/m/miaed/tmo_exp/tmo101347625/scratch/miaed_mnis_data/mrco_h5_svd/1d_svd_r28_train/even-dist_Files.007_processed_svd1d_r28.h5
  [200/8192] done
  [400/8192] done
  [600/8192] done
  [800/8192] done
  [1000/8192] done
  [1200/8192] done
  [1400/8192] done
  [1600/8192] done
  [1800/8192] done
  [2000/8192] done
  [2200/8192] done
  [2400/8192] done
  [2600/8192] done
  [2800/8192] done
  [3000/8192] done
  [3200/8192] done
  [3400/8192] done
  [3600/8192] done
  [3800/8192] done
  [4000/8192] done
  [4200/8192] done
  [4400/8192] done
  [4600/8192] done
  [4800/8192] done
  [5000/8192] done
  [5200/8192] done
  [5400/8192] done
  [5600/8192] done
  [5800/8192] done
  [6000/8192] done
  [6200/8192] done
  [6400/8192] done
  [6600/8192] done
  [6800/8192] done
  [7000/8192] done
  [7200/8192] done
  [7400/8192] done
  [7600/8192] done
  [7800/8192] done
  [8000/8192] done
  [8192/8192] done
Wrote /sdf/home/m/miaed/tmo_exp/tmo101347625/scratch/miaed_mnis_data/mrco_h5_svd/1d_svd_r28_train/even-dist_Files.007_processed_svd1d_r28.h5
Processing 8192 groups: /sdf/home/m/miaed/tmo_exp/tmo101347625/scratch/miaed_mnis_data/mrco_h5/train/even-dist_Files.008_processed.h5 -> /sdf/home/m/miaed/tmo_exp/tmo101347625/scratch/miaed_mnis_data/mrco_h5_svd/1d_svd_r28_train/even-dist_Files.008_processed_svd1d_r28.h5
  [200/8192] done
  [400/8192] done
  [600/8192] done
  [800/8192] done
  [1000/8192] done
  [1200/8192] done
  [1400/8192] done
  [1600/8192] done
  [1800/8192] done
  [2000/8192] done
  [2200/8192] done
  [2400/8192] done
  [2600/8192] done
  [2800/8192] done
  [3000/8192] done
  [3200/8192] done
  [3400/8192] done
  [3600/8192] done
  [3800/8192] done
  [4000/8192] done
  [4200/8192] done
  [4400/8192] done
  [4600/8192] done
  [4800/8192] done
  [5000/8192] done
  [5200/8192] done
  [5400/8192] done
  [5600/8192] done
  [5800/8192] done
  [6000/8192] done
  [6200/8192] done
  [6400/8192] done
  [6600/8192] done
  [6800/8192] done
  [7000/8192] done
  [7200/8192] done
  [7400/8192] done
  [7600/8192] done
  [7800/8192] done
  [8000/8192] done
  [8192/8192] done
Wrote /sdf/home/m/miaed/tmo_exp/tmo101347625/scratch/miaed_mnis_data/mrco_h5_svd/1d_svd_r28_train/even-dist_Files.008_processed_svd1d_r28.h5
Processing 8192 groups: /sdf/home/m/miaed/tmo_exp/tmo101347625/scratch/miaed_mnis_data/mrco_h5/train/even-dist_Files.016_processed.h5 -> /sdf/home/m/miaed/tmo_exp/tmo101347625/scratch/miaed_mnis_data/mrco_h5_svd/1d_svd_r28_train/even-dist_Files.016_processed_svd1d_r28.h5
  [200/8192] done
  [400/8192] done
  [600/8192] done
  [800/8192] done
  [1000/8192] done
  [1200/8192] done
  [1400/8192] done
  [1600/8192] done
  [1800/8192] done
  [2000/8192] done
  [2200/8192] done
  [2400/8192] done
  [2600/8192] done
  [2800/8192] done
  [3000/8192] done
  [3200/8192] done
  [3400/8192] done
  [3600/8192] done
  [3800/8192] done
  [4000/8192] done
  [4200/8192] done
  [4400/8192] done
  [4600/8192] done
  [4800/8192] done
  [5000/8192] done
  [5200/8192] done
  [5400/8192] done
  [5600/8192] done
  [5800/8192] done
  [6000/8192] done
  [6200/8192] done
  [6400/8192] done
  [6600/8192] done
  [6800/8192] done
  [7000/8192] done
  [7200/8192] done
  [7400/8192] done
  [7600/8192] done
  [7800/8192] done
  [8000/8192] done
  [8192/8192] done
Wrote /sdf/home/m/miaed/tmo_exp/tmo101347625/scratch/miaed_mnis_data/mrco_h5_svd/1d_svd_r28_train/even-dist_Files.016_processed_svd1d_r28.h5
Processing 8192 groups: /sdf/home/m/miaed/tmo_exp/tmo101347625/scratch/miaed_mnis_data/mrco_h5/train/even-dist_Files.009_processed.h5 -> /sdf/home/m/miaed/tmo_exp/tmo101347625/scratch/miaed_mnis_data/mrco_h5_svd/1d_svd_r28_train/even-dist_Files.009_processed_svd1d_r28.h5
  [200/8192] done
  [400/8192] done
  [600/8192] done
  [800/8192] done
  [1000/8192] done
  [1200/8192] done
  [1400/8192] done
  [1600/8192] done
  [1800/8192] done
  [2000/8192] done
  [2200/8192] done
  [2400/8192] done
  [2600/8192] done
  [2800/8192] done
  [3000/8192] done
  [3200/8192] done
  [3400/8192] done
  [3600/8192] done
  [3800/8192] done
  [4000/8192] done
  [4200/8192] done
  [4400/8192] done
  [4600/8192] done
  [4800/8192] done
  [5000/8192] done
  [5200/8192] done
  [5400/8192] done
  [5600/8192] done
  [5800/8192] done
  [6000/8192] done
  [6200/8192] done
  [6400/8192] done
  [6600/8192] done
  [6800/8192] done
  [7000/8192] done
  [7200/8192] done
  [7400/8192] done
  [7600/8192] done
  [7800/8192] done
  [8000/8192] done
  [8192/8192] done
Wrote /sdf/home/m/miaed/tmo_exp/tmo101347625/scratch/miaed_mnis_data/mrco_h5_svd/1d_svd_r28_train/even-dist_Files.009_processed_svd1d_r28.h5
Processing 8192 groups: /sdf/home/m/miaed/tmo_exp/tmo101347625/scratch/miaed_mnis_data/mrco_h5/train/even-dist_Files.018_processed.h5 -> /sdf/home/m/miaed/tmo_exp/tmo101347625/scratch/miaed_mnis_data/mrco_h5_svd/1d_svd_r28_train/even-dist_Files.018_processed_svd1d_r28.h5
  [200/8192] done
  [400/8192] done
  [600/8192] done
  [800/8192] done
  [1000/8192] done
  [1200/8192] done
  [1400/8192] done
  [1600/8192] done
  [1800/8192] done
  [2000/8192] done
  [2200/8192] done
  [2400/8192] done
  [2600/8192] done
  [2800/8192] done
  [3000/8192] done
  [3200/8192] done
  [3400/8192] done
  [3600/8192] done
  [3800/8192] done
  [4000/8192] done
  [4200/8192] done
  [4400/8192] done
  [4600/8192] done
  [4800/8192] done
  [5000/8192] done
  [5200/8192] done
  [5400/8192] done
  [5600/8192] done
  [5800/8192] done
  [6000/8192] done
  [6200/8192] done
  [6400/8192] done
  [6600/8192] done
  [6800/8192] done
  [7000/8192] done
  [7200/8192] done
  [7400/8192] done
  [7600/8192] done
  [7800/8192] done
  [8000/8192] done
  [8192/8192] done
Wrote /sdf/home/m/miaed/tmo_exp/tmo101347625/scratch/miaed_mnis_data/mrco_h5_svd/1d_svd_r28_train/even-dist_Files.018_processed_svd1d_r28.h5
Processing 8192 groups: /sdf/home/m/miaed/tmo_exp/tmo101347625/scratch/miaed_mnis_data/mrco_h5/train/even-dist_Files.017_processed.h5 -> /sdf/home/m/miaed/tmo_exp/tmo101347625/scratch/miaed_mnis_data/mrco_h5_svd/1d_svd_r28_train/even-dist_Files.017_processed_svd1d_r28.h5
  [200/8192] done
  [400/8192] done
  [600/8192] done
  [800/8192] done
  [1000/8192] done
  [1200/8192] done
  [1400/8192] done
  [1600/8192] done
  [1800/8192] done
  [2000/8192] done
  [2200/8192] done
  [2400/8192] done
  [2600/8192] done
  [2800/8192] done
  [3000/8192] done
  [3200/8192] done
  [3400/8192] done
  [3600/8192] done
  [3800/8192] done
  [4000/8192] done
  [4200/8192] done
  [4400/8192] done
  [4600/8192] done
  [4800/8192] done
  [5000/8192] done
  [5200/8192] done
  [5400/8192] done
  [5600/8192] done
  [5800/8192] done
  [6000/8192] done
  [6200/8192] done
  [6400/8192] done
  [6600/8192] done
  [6800/8192] done
  [7000/8192] done
  [7200/8192] done
  [7400/8192] done
  [7600/8192] done
  [7800/8192] done
  [8000/8192] done
  [8192/8192] done
Wrote /sdf/home/m/miaed/tmo_exp/tmo101347625/scratch/miaed_mnis_data/mrco_h5_svd/1d_svd_r28_train/even-dist_Files.017_processed_svd1d_r28.h5
Processing 8192 groups: /sdf/home/m/miaed/tmo_exp/tmo101347625/scratch/miaed_mnis_data/mrco_h5/train/even-dist_Files.019_processed.h5 -> /sdf/home/m/miaed/tmo_exp/tmo101347625/scratch/miaed_mnis_data/mrco_h5_svd/1d_svd_r28_train/even-dist_Files.019_processed_svd1d_r28.h5
  [200/8192] done
  [400/8192] done
  [600/8192] done
  [800/8192] done
  [1000/8192] done
  [1200/8192] done
  [1400/8192] done
  [1600/8192] done
  [1800/8192] done
  [2000/8192] done
  [2200/8192] done
  [2400/8192] done
  [2600/8192] done
  [2800/8192] done
  [3000/8192] done
  [3200/8192] done
  [3400/8192] done
  [3600/8192] done
  [3800/8192] done
  [4000/8192] done
  [4200/8192] done
  [4400/8192] done
  [4600/8192] done
  [4800/8192] done
  [5000/8192] done
  [5200/8192] done
  [5400/8192] done
  [5600/8192] done
  [5800/8192] done
  [6000/8192] done
  [6200/8192] done
  [6400/8192] done
  [6600/8192] done
  [6800/8192] done
  [7000/8192] done
  [7200/8192] done
  [7400/8192] done
  [7600/8192] done
  [7800/8192] done
  [8000/8192] done
  [8192/8192] done
Wrote /sdf/home/m/miaed/tmo_exp/tmo101347625/scratch/miaed_mnis_data/mrco_h5_svd/1d_svd_r28_train/even-dist_Files.019_processed_svd1d_r28.h5
Processing 8192 groups: /sdf/home/m/miaed/tmo_exp/tmo101347625/scratch/miaed_mnis_data/mrco_h5/train/even-dist_Files.020_processed.h5 -> /sdf/home/m/miaed/tmo_exp/tmo101347625/scratch/miaed_mnis_data/mrco_h5_svd/1d_svd_r28_train/even-dist_Files.020_processed_svd1d_r28.h5
  [200/8192] done
  [400/8192] done
  [600/8192] done
  [800/8192] done
  [1000/8192] done
  [1200/8192] done
  [1400/8192] done
  [1600/8192] done
  [1800/8192] done
  [2000/8192] done
  [2200/8192] done
  [2400/8192] done
  [2600/8192] done
  [2800/8192] done
  [3000/8192] done
  [3200/8192] done
  [3400/8192] done
  [3600/8192] done
  [3800/8192] done
  [4000/8192] done
  [4200/8192] done
  [4400/8192] done
  [4600/8192] done
  [4800/8192] done
  [5000/8192] done
  [5200/8192] done
  [5400/8192] done
  [5600/8192] done
  [5800/8192] done
  [6000/8192] done
  [6200/8192] done
  [6400/8192] done
  [6600/8192] done
  [6800/8192] done
  [7000/8192] done
  [7200/8192] done
  [7400/8192] done
  [7600/8192] done
  [7800/8192] done
  [8000/8192] done
  [8192/8192] done
Wrote /sdf/home/m/miaed/tmo_exp/tmo101347625/scratch/miaed_mnis_data/mrco_h5_svd/1d_svd_r28_train/even-dist_Files.020_processed_svd1d_r28.h5
Processing 8192 groups: /sdf/home/m/miaed/tmo_exp/tmo101347625/scratch/miaed_mnis_data/mrco_h5/train/even-dist_Files.021_processed.h5 -> /sdf/home/m/miaed/tmo_exp/tmo101347625/scratch/miaed_mnis_data/mrco_h5_svd/1d_svd_r28_train/even-dist_Files.021_processed_svd1d_r28.h5
  [200/8192] done
  [400/8192] done
  [600/8192] done
  [800/8192] done
  [1000/8192] done
  [1200/8192] done
  [1400/8192] done
  [1600/8192] done
  [1800/8192] done
  [2000/8192] done
  [2200/8192] done
  [2400/8192] done
  [2600/8192] done
  [2800/8192] done
  [3000/8192] done
  [3200/8192] done
  [3400/8192] done
  [3600/8192] done
  [3800/8192] done
  [4000/8192] done
  [4200/8192] done
  [4400/8192] done
  [4600/8192] done
  [4800/8192] done
  [5000/8192] done
  [5200/8192] done
  [5400/8192] done
  [5600/8192] done
  [5800/8192] done
  [6000/8192] done
  [6200/8192] done
  [6400/8192] done
  [6600/8192] done
  [6800/8192] done
  [7000/8192] done
  [7200/8192] done
  [7400/8192] done
  [7600/8192] done
  [7800/8192] done
  [8000/8192] done
  [8192/8192] done
Wrote /sdf/home/m/miaed/tmo_exp/tmo101347625/scratch/miaed_mnis_data/mrco_h5_svd/1d_svd_r28_train/even-dist_Files.021_processed_svd1d_r28.h5
Processing 8192 groups: /sdf/home/m/miaed/tmo_exp/tmo101347625/scratch/miaed_mnis_data/mrco_h5/train/even-dist_Files.022_processed.h5 -> /sdf/home/m/miaed/tmo_exp/tmo101347625/scratch/miaed_mnis_data/mrco_h5_svd/1d_svd_r28_train/even-dist_Files.022_processed_svd1d_r28.h5
  [200/8192] done
  [400/8192] done
  [600/8192] done
  [800/8192] done
  [1000/8192] done
  [1200/8192] done
  [1400/8192] done
  [1600/8192] done
  [1800/8192] done
  [2000/8192] done
  [2200/8192] done
  [2400/8192] done
  [2600/8192] done
  [2800/8192] done
  [3000/8192] done
  [3200/8192] done
  [3400/8192] done
  [3600/8192] done
  [3800/8192] done
  [4000/8192] done
  [4200/8192] done
  [4400/8192] done
  [4600/8192] done
  [4800/8192] done
  [5000/8192] done
  [5200/8192] done
  [5400/8192] done
  [5600/8192] done
  [5800/8192] done
  [6000/8192] done
  [6200/8192] done
  [6400/8192] done
  [6600/8192] done
  [6800/8192] done
  [7000/8192] done
  [7200/8192] done
  [7400/8192] done
  [7600/8192] done
  [7800/8192] done
  [8000/8192] done
  [8192/8192] done
Wrote /sdf/home/m/miaed/tmo_exp/tmo101347625/scratch/miaed_mnis_data/mrco_h5_svd/1d_svd_r28_train/even-dist_Files.022_processed_svd1d_r28.h5
Processing 8192 groups: /sdf/home/m/miaed/tmo_exp/tmo101347625/scratch/miaed_mnis_data/mrco_h5/train/even-dist_Files.023_processed.h5 -> /sdf/home/m/miaed/tmo_exp/tmo101347625/scratch/miaed_mnis_data/mrco_h5_svd/1d_svd_r28_train/even-dist_Files.023_processed_svd1d_r28.h5
  [200/8192] done
  [400/8192] done
  [600/8192] done
  [800/8192] done
  [1000/8192] done
  [1200/8192] done
  [1400/8192] done
  [1600/8192] done
  [1800/8192] done
  [2000/8192] done
  [2200/8192] done
  [2400/8192] done
  [2600/8192] done
  [2800/8192] done
  [3000/8192] done
  [3200/8192] done
  [3400/8192] done
  [3600/8192] done
  [3800/8192] done
  [4000/8192] done
  [4200/8192] done
  [4400/8192] done
  [4600/8192] done
  [4800/8192] done
  [5000/8192] done
  [5200/8192] done
  [5400/8192] done
  [5600/8192] done
  [5800/8192] done
  [6000/8192] done
  [6200/8192] done
  [6400/8192] done
  [6600/8192] done
  [6800/8192] done
  [7000/8192] done
  [7200/8192] done
  [7400/8192] done
  [7600/8192] done
  [7800/8192] done
  [8000/8192] done
  [8192/8192] done
Wrote /sdf/home/m/miaed/tmo_exp/tmo101347625/scratch/miaed_mnis_data/mrco_h5_svd/1d_svd_r28_train/even-dist_Files.023_processed_svd1d_r28.h5
Processing 8192 groups: /sdf/home/m/miaed/tmo_exp/tmo101347625/scratch/miaed_mnis_data/mrco_h5/train/even-dist_Files.024_processed.h5 -> /sdf/home/m/miaed/tmo_exp/tmo101347625/scratch/miaed_mnis_data/mrco_h5_svd/1d_svd_r28_train/even-dist_Files.024_processed_svd1d_r28.h5
  [200/8192] done
  [400/8192] done
  [600/8192] done
  [800/8192] done
  [1000/8192] done
  [1200/8192] done
  [1400/8192] done
  [1600/8192] done
  [1800/8192] done
  [2000/8192] done
  [2200/8192] done
  [2400/8192] done
  [2600/8192] done
  [2800/8192] done
  [3000/8192] done
  [3200/8192] done
  [3400/8192] done
  [3600/8192] done
  [3800/8192] done
  [4000/8192] done
  [4200/8192] done
  [4400/8192] done
  [4600/8192] done
  [4800/8192] done
  [5000/8192] done
  [5200/8192] done
  [5400/8192] done
  [5600/8192] done
  [5800/8192] done
  [6000/8192] done
  [6200/8192] done
  [6400/8192] done
  [6600/8192] done
  [6800/8192] done
  [7000/8192] done
  [7200/8192] done
  [7400/8192] done
  [7600/8192] done
  [7800/8192] done
  [8000/8192] done
  [8192/8192] done
Wrote /sdf/home/m/miaed/tmo_exp/tmo101347625/scratch/miaed_mnis_data/mrco_h5_svd/1d_svd_r28_train/even-dist_Files.024_processed_svd1d_r28.h5
Processing 8192 groups: /sdf/home/m/miaed/tmo_exp/tmo101347625/scratch/miaed_mnis_data/mrco_h5/train/even-dist_Files.026_processed.h5 -> /sdf/home/m/miaed/tmo_exp/tmo101347625/scratch/miaed_mnis_data/mrco_h5_svd/1d_svd_r28_train/even-dist_Files.026_processed_svd1d_r28.h5
  [200/8192] done
  [400/8192] done
  [600/8192] done
  [800/8192] done
  [1000/8192] done
  [1200/8192] done
  [1400/8192] done
  [1600/8192] done
  [1800/8192] done
  [2000/8192] done
  [2200/8192] done
  [2400/8192] done
  [2600/8192] done
  [2800/8192] done
  [3000/8192] done
  [3200/8192] done
  [3400/8192] done
  [3600/8192] done
  [3800/8192] done
  [4000/8192] done
  [4200/8192] done
  [4400/8192] done
  [4600/8192] done
  [4800/8192] done
  [5000/8192] done
  [5200/8192] done
  [5400/8192] done
  [5600/8192] done
  [5800/8192] done
  [6000/8192] done
  [6200/8192] done
  [6400/8192] done
  [6600/8192] done
  [6800/8192] done
  [7000/8192] done
  [7200/8192] done
  [7400/8192] done
  [7600/8192] done
  [7800/8192] done
  [8000/8192] done
  [8192/8192] done
Wrote /sdf/home/m/miaed/tmo_exp/tmo101347625/scratch/miaed_mnis_data/mrco_h5_svd/1d_svd_r28_train/even-dist_Files.026_processed_svd1d_r28.h5
Processing 8192 groups: /sdf/home/m/miaed/tmo_exp/tmo101347625/scratch/miaed_mnis_data/mrco_h5/train/even-dist_Files.025_processed.h5 -> /sdf/home/m/miaed/tmo_exp/tmo101347625/scratch/miaed_mnis_data/mrco_h5_svd/1d_svd_r28_train/even-dist_Files.025_processed_svd1d_r28.h5
  [200/8192] done
  [400/8192] done
  [600/8192] done
  [800/8192] done
  [1000/8192] done
  [1200/8192] done
  [1400/8192] done
  [1600/8192] done
  [1800/8192] done
  [2000/8192] done
  [2200/8192] done
  [2400/8192] done
  [2600/8192] done
  [2800/8192] done
  [3000/8192] done
  [3200/8192] done
  [3400/8192] done
  [3600/8192] done
  [3800/8192] done
  [4000/8192] done
  [4200/8192] done
  [4400/8192] done
  [4600/8192] done
  [4800/8192] done
  [5000/8192] done
  [5200/8192] done
  [5400/8192] done
  [5600/8192] done
  [5800/8192] done
  [6000/8192] done
  [6200/8192] done
  [6400/8192] done
  [6600/8192] done
  [6800/8192] done
  [7000/8192] done
  [7200/8192] done
  [7400/8192] done
  [7600/8192] done
  [7800/8192] done
  [8000/8192] done
  [8192/8192] done
Wrote /sdf/home/m/miaed/tmo_exp/tmo101347625/scratch/miaed_mnis_data/mrco_h5_svd/1d_svd_r28_train/even-dist_Files.025_processed_svd1d_r28.h5
Processing 8192 groups: /sdf/home/m/miaed/tmo_exp/tmo101347625/scratch/miaed_mnis_data/mrco_h5/train/even-dist_Files.028_processed.h5 -> /sdf/home/m/miaed/tmo_exp/tmo101347625/scratch/miaed_mnis_data/mrco_h5_svd/1d_svd_r28_train/even-dist_Files.028_processed_svd1d_r28.h5
  [200/8192] done
  [400/8192] done
  [600/8192] done
  [800/8192] done
  [1000/8192] done
  [1200/8192] done
  [1400/8192] done
  [1600/8192] done
  [1800/8192] done
  [2000/8192] done
  [2200/8192] done
  [2400/8192] done
  [2600/8192] done
  [2800/8192] done
  [3000/8192] done
  [3200/8192] done
  [3400/8192] done
  [3600/8192] done
  [3800/8192] done
  [4000/8192] done
  [4200/8192] done
  [4400/8192] done
  [4600/8192] done
  [4800/8192] done
  [5000/8192] done
  [5200/8192] done
  [5400/8192] done
  [5600/8192] done
  [5800/8192] done
  [6000/8192] done
  [6200/8192] done
  [6400/8192] done
  [6600/8192] done
  [6800/8192] done
  [7000/8192] done
  [7200/8192] done
  [7400/8192] done
  [7600/8192] done
  [7800/8192] done
  [8000/8192] done
  [8192/8192] done
Wrote /sdf/home/m/miaed/tmo_exp/tmo101347625/scratch/miaed_mnis_data/mrco_h5_svd/1d_svd_r28_train/even-dist_Files.028_processed_svd1d_r28.h5
Processing 8192 groups: /sdf/home/m/miaed/tmo_exp/tmo101347625/scratch/miaed_mnis_data/mrco_h5/train/even-dist_Files.027_processed.h5 -> /sdf/home/m/miaed/tmo_exp/tmo101347625/scratch/miaed_mnis_data/mrco_h5_svd/1d_svd_r28_train/even-dist_Files.027_processed_svd1d_r28.h5
  [200/8192] done
  [400/8192] done
  [600/8192] done
  [800/8192] done
  [1000/8192] done
  [1200/8192] done
  [1400/8192] done
  [1600/8192] done
  [1800/8192] done
  [2000/8192] done
  [2200/8192] done
  [2400/8192] done
  [2600/8192] done
  [2800/8192] done
  [3000/8192] done
  [3200/8192] done
  [3400/8192] done
  [3600/8192] done
  [3800/8192] done
  [4000/8192] done
  [4200/8192] done
  [4400/8192] done
  [4600/8192] done
  [4800/8192] done
  [5000/8192] done
  [5200/8192] done
  [5400/8192] done
  [5600/8192] done
  [5800/8192] done
  [6000/8192] done
  [6200/8192] done
  [6400/8192] done
  [6600/8192] done
  [6800/8192] done
  [7000/8192] done
  [7200/8192] done
  [7400/8192] done
  [7600/8192] done
  [7800/8192] done
  [8000/8192] done
  [8192/8192] done
Wrote /sdf/home/m/miaed/tmo_exp/tmo101347625/scratch/miaed_mnis_data/mrco_h5_svd/1d_svd_r28_train/even-dist_Files.027_processed_svd1d_r28.h5
Processing 8192 groups: /sdf/home/m/miaed/tmo_exp/tmo101347625/scratch/miaed_mnis_data/mrco_h5/train/even-dist_Files.029_processed.h5 -> /sdf/home/m/miaed/tmo_exp/tmo101347625/scratch/miaed_mnis_data/mrco_h5_svd/1d_svd_r28_train/even-dist_Files.029_processed_svd1d_r28.h5
  [200/8192] done
  [400/8192] done
  [600/8192] done
  [800/8192] done
  [1000/8192] done
  [1200/8192] done
  [1400/8192] done
  [1600/8192] done
  [1800/8192] done
  [2000/8192] done
  [2200/8192] done
  [2400/8192] done
  [2600/8192] done
  [2800/8192] done
  [3000/8192] done
  [3200/8192] done
  [3400/8192] done
  [3600/8192] done
  [3800/8192] done
  [4000/8192] done
  [4200/8192] done
  [4400/8192] done
  [4600/8192] done
  [4800/8192] done
  [5000/8192] done
  [5200/8192] done
  [5400/8192] done
  [5600/8192] done
  [5800/8192] done
  [6000/8192] done
  [6200/8192] done
  [6400/8192] done
  [6600/8192] done
  [6800/8192] done
  [7000/8192] done
  [7200/8192] done
  [7400/8192] done
  [7600/8192] done
  [7800/8192] done
  [8000/8192] done
  [8192/8192] done
Wrote /sdf/home/m/miaed/tmo_exp/tmo101347625/scratch/miaed_mnis_data/mrco_h5_svd/1d_svd_r28_train/even-dist_Files.029_processed_svd1d_r28.h5
Processing 8192 groups: /sdf/home/m/miaed/tmo_exp/tmo101347625/scratch/miaed_mnis_data/mrco_h5/train/even-dist_Files.030_processed.h5 -> /sdf/home/m/miaed/tmo_exp/tmo101347625/scratch/miaed_mnis_data/mrco_h5_svd/1d_svd_r28_train/even-dist_Files.030_processed_svd1d_r28.h5
  [200/8192] done
  [400/8192] done
  [600/8192] done
  [800/8192] done
  [1000/8192] done
  [1200/8192] done
  [1400/8192] done
  [1600/8192] done
  [1800/8192] done
  [2000/8192] done
  [2200/8192] done
  [2400/8192] done
  [2600/8192] done
  [2800/8192] done
  [3000/8192] done
  [3200/8192] done
  [3400/8192] done
  [3600/8192] done
  [3800/8192] done
  [4000/8192] done
  [4200/8192] done
  [4400/8192] done
  [4600/8192] done
  [4800/8192] done
  [5000/8192] done
  [5200/8192] done
  [5400/8192] done
  [5600/8192] done
  [5800/8192] done
  [6000/8192] done
  [6200/8192] done
  [6400/8192] done
  [6600/8192] done
  [6800/8192] done
  [7000/8192] done
  [7200/8192] done
  [7400/8192] done
  [7600/8192] done
  [7800/8192] done
  [8000/8192] done
  [8192/8192] done
Wrote /sdf/home/m/miaed/tmo_exp/tmo101347625/scratch/miaed_mnis_data/mrco_h5_svd/1d_svd_r28_train/even-dist_Files.030_processed_svd1d_r28.h5
Processing 8192 groups: /sdf/home/m/miaed/tmo_exp/tmo101347625/scratch/miaed_mnis_data/mrco_h5/train/even-dist_Files.032_processed.h5 -> /sdf/home/m/miaed/tmo_exp/tmo101347625/scratch/miaed_mnis_data/mrco_h5_svd/1d_svd_r28_train/even-dist_Files.032_processed_svd1d_r28.h5
  [200/8192] done
  [400/8192] done
  [600/8192] done
  [800/8192] done
  [1000/8192] done
  [1200/8192] done
  [1400/8192] done
  [1600/8192] done
  [1800/8192] done
  [2000/8192] done
  [2200/8192] done
  [2400/8192] done
  [2600/8192] done
  [2800/8192] done
  [3000/8192] done
  [3200/8192] done
  [3400/8192] done
  [3600/8192] done
  [3800/8192] done
  [4000/8192] done
  [4200/8192] done
  [4400/8192] done
  [4600/8192] done
  [4800/8192] done
  [5000/8192] done
  [5200/8192] done
  [5400/8192] done
  [5600/8192] done
  [5800/8192] done
  [6000/8192] done
  [6200/8192] done
  [6400/8192] done
  [6600/8192] done
  [6800/8192] done
  [7000/8192] done
  [7200/8192] done
  [7400/8192] done
  [7600/8192] done
  [7800/8192] done
  [8000/8192] done
  [8192/8192] done
Wrote /sdf/home/m/miaed/tmo_exp/tmo101347625/scratch/miaed_mnis_data/mrco_h5_svd/1d_svd_r28_train/even-dist_Files.032_processed_svd1d_r28.h5
Processing 8192 groups: /sdf/home/m/miaed/tmo_exp/tmo101347625/scratch/miaed_mnis_data/mrco_h5/train/even-dist_Files.031_processed.h5 -> /sdf/home/m/miaed/tmo_exp/tmo101347625/scratch/miaed_mnis_data/mrco_h5_svd/1d_svd_r28_train/even-dist_Files.031_processed_svd1d_r28.h5
  [200/8192] done
  [400/8192] done
  [600/8192] done
  [800/8192] done
  [1000/8192] done
  [1200/8192] done
  [1400/8192] done
  [1600/8192] done
  [1800/8192] done
  [2000/8192] done
  [2200/8192] done
  [2400/8192] done
  [2600/8192] done
  [2800/8192] done
  [3000/8192] done
  [3200/8192] done
  [3400/8192] done
  [3600/8192] done
  [3800/8192] done
  [4000/8192] done
  [4200/8192] done
  [4400/8192] done
  [4600/8192] done
  [4800/8192] done
  [5000/8192] done
  [5200/8192] done
  [5400/8192] done
  [5600/8192] done
  [5800/8192] done
  [6000/8192] done
  [6200/8192] done
  [6400/8192] done
  [6600/8192] done
  [6800/8192] done
  [7000/8192] done
  [7200/8192] done
  [7400/8192] done
  [7600/8192] done
  [7800/8192] done
  [8000/8192] done
  [8192/8192] done
Wrote /sdf/home/m/miaed/tmo_exp/tmo101347625/scratch/miaed_mnis_data/mrco_h5_svd/1d_svd_r28_train/even-dist_Files.031_processed_svd1d_r28.h5
Processing 8192 groups: /sdf/home/m/miaed/tmo_exp/tmo101347625/scratch/miaed_mnis_data/mrco_h5/train/even-dist_Files.034_processed.h5 -> /sdf/home/m/miaed/tmo_exp/tmo101347625/scratch/miaed_mnis_data/mrco_h5_svd/1d_svd_r28_train/even-dist_Files.034_processed_svd1d_r28.h5
  [200/8192] done
  [400/8192] done
  [600/8192] done
  [800/8192] done
  [1000/8192] done
  [1200/8192] done
  [1400/8192] done
  [1600/8192] done
  [1800/8192] done
  [2000/8192] done
  [2200/8192] done
  [2400/8192] done
  [2600/8192] done
  [2800/8192] done
  [3000/8192] done
  [3200/8192] done
  [3400/8192] done
  [3600/8192] done
  [3800/8192] done
  [4000/8192] done
  [4200/8192] done
  [4400/8192] done
  [4600/8192] done
  [4800/8192] done
  [5000/8192] done
  [5200/8192] done
  [5400/8192] done
  [5600/8192] done
  [5800/8192] done
  [6000/8192] done
  [6200/8192] done
  [6400/8192] done
  [6600/8192] done
  [6800/8192] done
  [7000/8192] done
  [7200/8192] done
  [7400/8192] done
  [7600/8192] done
  [7800/8192] done
  [8000/8192] done
  [8192/8192] done
Wrote /sdf/home/m/miaed/tmo_exp/tmo101347625/scratch/miaed_mnis_data/mrco_h5_svd/1d_svd_r28_train/even-dist_Files.034_processed_svd1d_r28.h5
Processing 8192 groups: /sdf/home/m/miaed/tmo_exp/tmo101347625/scratch/miaed_mnis_data/mrco_h5/train/even-dist_Files.033_processed.h5 -> /sdf/home/m/miaed/tmo_exp/tmo101347625/scratch/miaed_mnis_data/mrco_h5_svd/1d_svd_r28_train/even-dist_Files.033_processed_svd1d_r28.h5
  [200/8192] done
  [400/8192] done
  [600/8192] done
  [800/8192] done
  [1000/8192] done
  [1200/8192] done
  [1400/8192] done
  [1600/8192] done
  [1800/8192] done
  [2000/8192] done
  [2200/8192] done
  [2400/8192] done
  [2600/8192] done
  [2800/8192] done
  [3000/8192] done
  [3200/8192] done
  [3400/8192] done
  [3600/8192] done
  [3800/8192] done
  [4000/8192] done
  [4200/8192] done
  [4400/8192] done
  [4600/8192] done
  [4800/8192] done
  [5000/8192] done
  [5200/8192] done
  [5400/8192] done
  [5600/8192] done
  [5800/8192] done
  [6000/8192] done
  [6200/8192] done
  [6400/8192] done
  [6600/8192] done
  [6800/8192] done
  [7000/8192] done
  [7200/8192] done
  [7400/8192] done
  [7600/8192] done
  [7800/8192] done
  [8000/8192] done
  [8192/8192] done
Wrote /sdf/home/m/miaed/tmo_exp/tmo101347625/scratch/miaed_mnis_data/mrco_h5_svd/1d_svd_r28_train/even-dist_Files.033_processed_svd1d_r28.h5
Processing 8192 groups: /sdf/home/m/miaed/tmo_exp/tmo101347625/scratch/miaed_mnis_data/mrco_h5/train/Even_Distribution_Pulses_Processed_train_even-dist_Files.000_processed.h5 -> /sdf/home/m/miaed/tmo_exp/tmo101347625/scratch/miaed_mnis_data/mrco_h5_svd/1d_svd_r28_train/Even_Distribution_Pulses_Processed_train_even-dist_Files.000_processed_svd1d_r28.h5
  [200/8192] done
  [400/8192] done
  [600/8192] done
  [800/8192] done
  [1000/8192] done
  [1200/8192] done
  [1400/8192] done
  [1600/8192] done
  [1800/8192] done
  [2000/8192] done
  [2200/8192] done
  [2400/8192] done
  [2600/8192] done
  [2800/8192] done
  [3000/8192] done
  [3200/8192] done
  [3400/8192] done
  [3600/8192] done
  [3800/8192] done
  [4000/8192] done
  [4200/8192] done
  [4400/8192] done
  [4600/8192] done
  [4800/8192] done
  [5000/8192] done
  [5200/8192] done
  [5400/8192] done
  [5600/8192] done
  [5800/8192] done
  [6000/8192] done
  [6200/8192] done
  [6400/8192] done
  [6600/8192] done
  [6800/8192] done
  [7000/8192] done
  [7200/8192] done
  [7400/8192] done
  [7600/8192] done
  [7800/8192] done
  [8000/8192] done
  [8192/8192] done
Wrote /sdf/home/m/miaed/tmo_exp/tmo101347625/scratch/miaed_mnis_data/mrco_h5_svd/1d_svd_r28_train/Even_Distribution_Pulses_Processed_train_even-dist_Files.000_processed_svd1d_r28.h5
Processing 8192 groups: /sdf/home/m/miaed/tmo_exp/tmo101347625/scratch/miaed_mnis_data/mrco_h5/train/even-dist_Files.035_processed.h5 -> /sdf/home/m/miaed/tmo_exp/tmo101347625/scratch/miaed_mnis_data/mrco_h5_svd/1d_svd_r28_train/even-dist_Files.035_processed_svd1d_r28.h5
  [200/8192] done
  [400/8192] done
  [600/8192] done
  [800/8192] done
  [1000/8192] done
  [1200/8192] done
  [1400/8192] done
  [1600/8192] done
  [1800/8192] done
  [2000/8192] done
  [2200/8192] done
  [2400/8192] done
  [2600/8192] done
  [2800/8192] done
  [3000/8192] done
  [3200/8192] done
  [3400/8192] done
  [3600/8192] done
  [3800/8192] done
  [4000/8192] done
  [4200/8192] done
  [4400/8192] done
  [4600/8192] done
  [4800/8192] done
  [5000/8192] done
  [5200/8192] done
  [5400/8192] done
  [5600/8192] done
  [5800/8192] done
  [6000/8192] done
  [6200/8192] done
  [6400/8192] done
  [6600/8192] done
  [6800/8192] done
  [7000/8192] done
  [7200/8192] done
  [7400/8192] done
  [7600/8192] done
  [7800/8192] done
  [8000/8192] done
  [8192/8192] done
Wrote /sdf/home/m/miaed/tmo_exp/tmo101347625/scratch/miaed_mnis_data/mrco_h5_svd/1d_svd_r28_train/even-dist_Files.035_processed_svd1d_r28.h5
=== mode=2d rank=2 split=test: /sdf/home/m/miaed/tmo_exp/tmo101347625/scratch/miaed_mnis_data/mrco_h5/test -> /sdf/home/m/miaed/tmo_exp/tmo101347625/scratch/miaed_mnis_data/mrco_h5_svd/2d_svd_r2_test ===
Processing 8192 groups: /sdf/home/m/miaed/tmo_exp/tmo101347625/scratch/miaed_mnis_data/mrco_h5/test/even-dist_Files.031_processed.h5 -> /sdf/home/m/miaed/tmo_exp/tmo101347625/scratch/miaed_mnis_data/mrco_h5_svd/2d_svd_r2_test/even-dist_Files.031_processed_svd2d_r2.h5
  [200/8192] done
  [400/8192] done
  [600/8192] done
  [800/8192] done
  [1000/8192] done
  [1200/8192] done
  [1400/8192] done
  [1600/8192] done
  [1800/8192] done
  [2000/8192] done
  [2200/8192] done
  [2400/8192] done
  [2600/8192] done
  [2800/8192] done
  [3000/8192] done
  [3200/8192] done
  [3400/8192] done
  [3600/8192] done
  [3800/8192] done
  [4000/8192] done
  [4200/8192] done
  [4400/8192] done
  [4600/8192] done
  [4800/8192] done
  [5000/8192] done
  [5200/8192] done
  [5400/8192] done
  [5600/8192] done
  [5800/8192] done
  [6000/8192] done
  [6200/8192] done
  [6400/8192] done
  [6600/8192] done
  [6800/8192] done
  [7000/8192] done
  [7200/8192] done
  [7400/8192] done
  [7600/8192] done
  [7800/8192] done
  [8000/8192] done
  [8192/8192] done
Wrote /sdf/home/m/miaed/tmo_exp/tmo101347625/scratch/miaed_mnis_data/mrco_h5_svd/2d_svd_r2_test/even-dist_Files.031_processed_svd2d_r2.h5
Processing 8192 groups: /sdf/home/m/miaed/tmo_exp/tmo101347625/scratch/miaed_mnis_data/mrco_h5/test/even-dist_Files.027_processed.h5 -> /sdf/home/m/miaed/tmo_exp/tmo101347625/scratch/miaed_mnis_data/mrco_h5_svd/2d_svd_r2_test/even-dist_Files.027_processed_svd2d_r2.h5
  [200/8192] done
  [400/8192] done
  [600/8192] done
  [800/8192] done
  [1000/8192] done
  [1200/8192] done
  [1400/8192] done
  [1600/8192] done
  [1800/8192] done
  [2000/8192] done
  [2200/8192] done
  [2400/8192] done
  [2600/8192] done
  [2800/8192] done
  [3000/8192] done
  [3200/8192] done
  [3400/8192] done
  [3600/8192] done
  [3800/8192] done
  [4000/8192] done
  [4200/8192] done
  [4400/8192] done
  [4600/8192] done
  [4800/8192] done
  [5000/8192] done
  [5200/8192] done
  [5400/8192] done
  [5600/8192] done
  [5800/8192] done
  [6000/8192] done
  [6200/8192] done
  [6400/8192] done
  [6600/8192] done
  [6800/8192] done
  [7000/8192] done
  [7200/8192] done
  [7400/8192] done
  [7600/8192] done
  [7800/8192] done
  [8000/8192] done
  [8192/8192] done
Wrote /sdf/home/m/miaed/tmo_exp/tmo101347625/scratch/miaed_mnis_data/mrco_h5_svd/2d_svd_r2_test/even-dist_Files.027_processed_svd2d_r2.h5
Processing 8192 groups: /sdf/home/m/miaed/tmo_exp/tmo101347625/scratch/miaed_mnis_data/mrco_h5/test/even-dist_Files.022_processed.h5 -> /sdf/home/m/miaed/tmo_exp/tmo101347625/scratch/miaed_mnis_data/mrco_h5_svd/2d_svd_r2_test/even-dist_Files.022_processed_svd2d_r2.h5
  [200/8192] done
  [400/8192] done
  [600/8192] done
  [800/8192] done
  [1000/8192] done
  [1200/8192] done
  [1400/8192] done
  [1600/8192] done
  [1800/8192] done
  [2000/8192] done
  [2200/8192] done
  [2400/8192] done
  [2600/8192] done
  [2800/8192] done
  [3000/8192] done
  [3200/8192] done
  [3400/8192] done
  [3600/8192] done
  [3800/8192] done
  [4000/8192] done
  [4200/8192] done
  [4400/8192] done
  [4600/8192] done
  [4800/8192] done
  [5000/8192] done
  [5200/8192] done
  [5400/8192] done
  [5600/8192] done
  [5800/8192] done
  [6000/8192] done
  [6200/8192] done
  [6400/8192] done
  [6600/8192] done
  [6800/8192] done
  [7000/8192] done
  [7200/8192] done
  [7400/8192] done
  [7600/8192] done
  [7800/8192] done
  [8000/8192] done
  [8192/8192] done
Wrote /sdf/home/m/miaed/tmo_exp/tmo101347625/scratch/miaed_mnis_data/mrco_h5_svd/2d_svd_r2_test/even-dist_Files.022_processed_svd2d_r2.h5
Processing 8192 groups: /sdf/home/m/miaed/tmo_exp/tmo101347625/scratch/miaed_mnis_data/mrco_h5/test/even-dist_Files.037_processed.h5 -> /sdf/home/m/miaed/tmo_exp/tmo101347625/scratch/miaed_mnis_data/mrco_h5_svd/2d_svd_r2_test/even-dist_Files.037_processed_svd2d_r2.h5
  [200/8192] done
  [400/8192] done
  [600/8192] done
  [800/8192] done
  [1000/8192] done
  [1200/8192] done
  [1400/8192] done
  [1600/8192] done
  [1800/8192] done
  [2000/8192] done
  [2200/8192] done
  [2400/8192] done
  [2600/8192] done
  [2800/8192] done
  [3000/8192] done
  [3200/8192] done
  [3400/8192] done
  [3600/8192] done
  [3800/8192] done
  [4000/8192] done
  [4200/8192] done
  [4400/8192] done
  [4600/8192] done
  [4800/8192] done
  [5000/8192] done
  [5200/8192] done
  [5400/8192] done
  [5600/8192] done
  [5800/8192] done
  [6000/8192] done
  [6200/8192] done
  [6400/8192] done
  [6600/8192] done
  [6800/8192] done
  [7000/8192] done
  [7200/8192] done
  [7400/8192] done
  [7600/8192] done
  [7800/8192] done
  [8000/8192] done
  [8192/8192] done
Wrote /sdf/home/m/miaed/tmo_exp/tmo101347625/scratch/miaed_mnis_data/mrco_h5_svd/2d_svd_r2_test/even-dist_Files.037_processed_svd2d_r2.h5
Processing 8192 groups: /sdf/home/m/miaed/tmo_exp/tmo101347625/scratch/miaed_mnis_data/mrco_h5/test/even-dist_Files.040_processed.h5 -> /sdf/home/m/miaed/tmo_exp/tmo101347625/scratch/miaed_mnis_data/mrco_h5_svd/2d_svd_r2_test/even-dist_Files.040_processed_svd2d_r2.h5
  [200/8192] done
  [400/8192] done
  [600/8192] done
  [800/8192] done
  [1000/8192] done
  [1200/8192] done
  [1400/8192] done
  [1600/8192] done
  [1800/8192] done
  [2000/8192] done
  [2200/8192] done
  [2400/8192] done
  [2600/8192] done
  [2800/8192] done
  [3000/8192] done
  [3200/8192] done
  [3400/8192] done
  [3600/8192] done
  [3800/8192] done
  [4000/8192] done
  [4200/8192] done
  [4400/8192] done
  [4600/8192] done
  [4800/8192] done
  [5000/8192] done
  [5200/8192] done
  [5400/8192] done
  [5600/8192] done
  [5800/8192] done
  [6000/8192] done
  [6200/8192] done
  [6400/8192] done
  [6600/8192] done
  [6800/8192] done
  [7000/8192] done
  [7200/8192] done
  [7400/8192] done
  [7600/8192] done
  [7800/8192] done
  [8000/8192] done
  [8192/8192] done
Wrote /sdf/home/m/miaed/tmo_exp/tmo101347625/scratch/miaed_mnis_data/mrco_h5_svd/2d_svd_r2_test/even-dist_Files.040_processed_svd2d_r2.h5
Processing 8192 groups: /sdf/home/m/miaed/tmo_exp/tmo101347625/scratch/miaed_mnis_data/mrco_h5/test/even-dist_Files.045_processed.h5 -> /sdf/home/m/miaed/tmo_exp/tmo101347625/scratch/miaed_mnis_data/mrco_h5_svd/2d_svd_r2_test/even-dist_Files.045_processed_svd2d_r2.h5
  [200/8192] done
  [400/8192] done
  [600/8192] done
  [800/8192] done
  [1000/8192] done
  [1200/8192] done
  [1400/8192] done
  [1600/8192] done
  [1800/8192] done
  [2000/8192] done
  [2200/8192] done
  [2400/8192] done
  [2600/8192] done
  [2800/8192] done
  [3000/8192] done
  [3200/8192] done
  [3400/8192] done
  [3600/8192] done
  [3800/8192] done
  [4000/8192] done
  [4200/8192] done
  [4400/8192] done
  [4600/8192] done
  [4800/8192] done
  [5000/8192] done
  [5200/8192] done
  [5400/8192] done
  [5600/8192] done
  [5800/8192] done
  [6000/8192] done
  [6200/8192] done
  [6400/8192] done
  [6600/8192] done
  [6800/8192] done
  [7000/8192] done
  [7200/8192] done
  [7400/8192] done
  [7600/8192] done
  [7800/8192] done
  [8000/8192] done
  [8192/8192] done
Wrote /sdf/home/m/miaed/tmo_exp/tmo101347625/scratch/miaed_mnis_data/mrco_h5_svd/2d_svd_r2_test/even-dist_Files.045_processed_svd2d_r2.h5
Processing 8192 groups: /sdf/home/m/miaed/tmo_exp/tmo101347625/scratch/miaed_mnis_data/mrco_h5/test/even-dist_Files.050_processed.h5 -> /sdf/home/m/miaed/tmo_exp/tmo101347625/scratch/miaed_mnis_data/mrco_h5_svd/2d_svd_r2_test/even-dist_Files.050_processed_svd2d_r2.h5
  [200/8192] done
  [400/8192] done
  [600/8192] done
  [800/8192] done
  [1000/8192] done
  [1200/8192] done
  [1400/8192] done
  [1600/8192] done
  [1800/8192] done
  [2000/8192] done
  [2200/8192] done
  [2400/8192] done
  [2600/8192] done
  [2800/8192] done
  [3000/8192] done
  [3200/8192] done
  [3400/8192] done
  [3600/8192] done
  [3800/8192] done
  [4000/8192] done
  [4200/8192] done
  [4400/8192] done
  [4600/8192] done
  [4800/8192] done
  [5000/8192] done
  [5200/8192] done
  [5400/8192] done
  [5600/8192] done
  [5800/8192] done
  [6000/8192] done
  [6200/8192] done
  [6400/8192] done
  [6600/8192] done
  [6800/8192] done
  [7000/8192] done
  [7200/8192] done
  [7400/8192] done
  [7600/8192] done
  [7800/8192] done
  [8000/8192] done
  [8192/8192] done
Wrote /sdf/home/m/miaed/tmo_exp/tmo101347625/scratch/miaed_mnis_data/mrco_h5_svd/2d_svd_r2_test/even-dist_Files.050_processed_svd2d_r2.h5
Processing 8192 groups: /sdf/home/m/miaed/tmo_exp/tmo101347625/scratch/miaed_mnis_data/mrco_h5/test/even-dist_Files.048_processed.h5 -> /sdf/home/m/miaed/tmo_exp/tmo101347625/scratch/miaed_mnis_data/mrco_h5_svd/2d_svd_r2_test/even-dist_Files.048_processed_svd2d_r2.h5
  [200/8192] done
  [400/8192] done
  [600/8192] done
  [800/8192] done
  [1000/8192] done
  [1200/8192] done
  [1400/8192] done
  [1600/8192] done
  [1800/8192] done
  [2000/8192] done
  [2200/8192] done
  [2400/8192] done
  [2600/8192] done
  [2800/8192] done
  [3000/8192] done
  [3200/8192] done
  [3400/8192] done
  [3600/8192] done
  [3800/8192] done
  [4000/8192] done
  [4200/8192] done
  [4400/8192] done
  [4600/8192] done
  [4800/8192] done
  [5000/8192] done
  [5200/8192] done
  [5400/8192] done
  [5600/8192] done
  [5800/8192] done
  [6000/8192] done
  [6200/8192] done
  [6400/8192] done
  [6600/8192] done
  [6800/8192] done
  [7000/8192] done
  [7200/8192] done
  [7400/8192] done
  [7600/8192] done
  [7800/8192] done
  [8000/8192] done
  [8192/8192] done
Wrote /sdf/home/m/miaed/tmo_exp/tmo101347625/scratch/miaed_mnis_data/mrco_h5_svd/2d_svd_r2_test/even-dist_Files.048_processed_svd2d_r2.h5
Processing 8192 groups: /sdf/home/m/miaed/tmo_exp/tmo101347625/scratch/miaed_mnis_data/mrco_h5/test/even-dist_Files.052_processed.h5 -> /sdf/home/m/miaed/tmo_exp/tmo101347625/scratch/miaed_mnis_data/mrco_h5_svd/2d_svd_r2_test/even-dist_Files.052_processed_svd2d_r2.h5
  [200/8192] done
  [400/8192] done
  [600/8192] done
  [800/8192] done
  [1000/8192] done
  [1200/8192] done
  [1400/8192] done
  [1600/8192] done
  [1800/8192] done
  [2000/8192] done
  [2200/8192] done
  [2400/8192] done
  [2600/8192] done
  [2800/8192] done
  [3000/8192] done
  [3200/8192] done
  [3400/8192] done
  [3600/8192] done
  [3800/8192] done
  [4000/8192] done
  [4200/8192] done
  [4400/8192] done
  [4600/8192] done
  [4800/8192] done
  [5000/8192] done
  [5200/8192] done
  [5400/8192] done
  [5600/8192] done
  [5800/8192] done
  [6000/8192] done
  [6200/8192] done
  [6400/8192] done
  [6600/8192] done
  [6800/8192] done
  [7000/8192] done
  [7200/8192] done
  [7400/8192] done
  [7600/8192] done
  [7800/8192] done
  [8000/8192] done
  [8192/8192] done
Wrote /sdf/home/m/miaed/tmo_exp/tmo101347625/scratch/miaed_mnis_data/mrco_h5_svd/2d_svd_r2_test/even-dist_Files.052_processed_svd2d_r2.h5
Processing 8192 groups: /sdf/home/m/miaed/tmo_exp/tmo101347625/scratch/miaed_mnis_data/mrco_h5/test/Even_Distribution_Pulses_Processed_test_even-dist_Files.003_processed.h5 -> /sdf/home/m/miaed/tmo_exp/tmo101347625/scratch/miaed_mnis_data/mrco_h5_svd/2d_svd_r2_test/Even_Distribution_Pulses_Processed_test_even-dist_Files.003_processed_svd2d_r2.h5
  [200/8192] done
  [400/8192] done
  [600/8192] done
  [800/8192] done
  [1000/8192] done
  [1200/8192] done
  [1400/8192] done
  [1600/8192] done
  [1800/8192] done
  [2000/8192] done
  [2200/8192] done
  [2400/8192] done
  [2600/8192] done
  [2800/8192] done
  [3000/8192] done
  [3200/8192] done
  [3400/8192] done
  [3600/8192] done
  [3800/8192] done
  [4000/8192] done
  [4200/8192] done
  [4400/8192] done
  [4600/8192] done
  [4800/8192] done
  [5000/8192] done
  [5200/8192] done
  [5400/8192] done
  [5600/8192] done
  [5800/8192] done
  [6000/8192] done
  [6200/8192] done
  [6400/8192] done
  [6600/8192] done
  [6800/8192] done
  [7000/8192] done
  [7200/8192] done
  [7400/8192] done
  [7600/8192] done
  [7800/8192] done
  [8000/8192] done
  [8192/8192] done
Wrote /sdf/home/m/miaed/tmo_exp/tmo101347625/scratch/miaed_mnis_data/mrco_h5_svd/2d_svd_r2_test/Even_Distribution_Pulses_Processed_test_even-dist_Files.003_processed_svd2d_r2.h5
=== mode=2d rank=2 split=train: /sdf/home/m/miaed/tmo_exp/tmo101347625/scratch/miaed_mnis_data/mrco_h5/train -> /sdf/home/m/miaed/tmo_exp/tmo101347625/scratch/miaed_mnis_data/mrco_h5_svd/2d_svd_r2_train ===
Processing 8192 groups: /sdf/home/m/miaed/tmo_exp/tmo101347625/scratch/miaed_mnis_data/mrco_h5/train/even-dist_Files.002_processed.h5 -> /sdf/home/m/miaed/tmo_exp/tmo101347625/scratch/miaed_mnis_data/mrco_h5_svd/2d_svd_r2_train/even-dist_Files.002_processed_svd2d_r2.h5
  [200/8192] done
  [400/8192] done
  [600/8192] done
  [800/8192] done
  [1000/8192] done
  [1200/8192] done
  [1400/8192] done
  [1600/8192] done
  [1800/8192] done
  [2000/8192] done
  [2200/8192] done
  [2400/8192] done
  [2600/8192] done
  [2800/8192] done
  [3000/8192] done
  [3200/8192] done
  [3400/8192] done
  [3600/8192] done
  [3800/8192] done
  [4000/8192] done
  [4200/8192] done
  [4400/8192] done
  [4600/8192] done
  [4800/8192] done
  [5000/8192] done
  [5200/8192] done
  [5400/8192] done
  [5600/8192] done
  [5800/8192] done
  [6000/8192] done
  [6200/8192] done
  [6400/8192] done
  [6600/8192] done
  [6800/8192] done
  [7000/8192] done
  [7200/8192] done
  [7400/8192] done
  [7600/8192] done
  [7800/8192] done
  [8000/8192] done
  [8192/8192] done
Wrote /sdf/home/m/miaed/tmo_exp/tmo101347625/scratch/miaed_mnis_data/mrco_h5_svd/2d_svd_r2_train/even-dist_Files.002_processed_svd2d_r2.h5
Processing 8192 groups: /sdf/home/m/miaed/tmo_exp/tmo101347625/scratch/miaed_mnis_data/mrco_h5/train/even-dist_Files.004_processed.h5 -> /sdf/home/m/miaed/tmo_exp/tmo101347625/scratch/miaed_mnis_data/mrco_h5_svd/2d_svd_r2_train/even-dist_Files.004_processed_svd2d_r2.h5
  [200/8192] done
  [400/8192] done
  [600/8192] done
  [800/8192] done
  [1000/8192] done
  [1200/8192] done
  [1400/8192] done
  [1600/8192] done
  [1800/8192] done
  [2000/8192] done
  [2200/8192] done
  [2400/8192] done
  [2600/8192] done
  [2800/8192] done
  [3000/8192] done
  [3200/8192] done
  [3400/8192] done
  [3600/8192] done
  [3800/8192] done
  [4000/8192] done
  [4200/8192] done
  [4400/8192] done
  [4600/8192] done
  [4800/8192] done
  [5000/8192] done
  [5200/8192] done
  [5400/8192] done
  [5600/8192] done
  [5800/8192] done
  [6000/8192] done
  [6200/8192] done
  [6400/8192] done
  [6600/8192] done
  [6800/8192] done
  [7000/8192] done
  [7200/8192] done
  [7400/8192] done
  [7600/8192] done
  [7800/8192] done
  [8000/8192] done
  [8192/8192] done
Wrote /sdf/home/m/miaed/tmo_exp/tmo101347625/scratch/miaed_mnis_data/mrco_h5_svd/2d_svd_r2_train/even-dist_Files.004_processed_svd2d_r2.h5
Processing 8192 groups: /sdf/home/m/miaed/tmo_exp/tmo101347625/scratch/miaed_mnis_data/mrco_h5/train/even-dist_Files.003_processed.h5 -> /sdf/home/m/miaed/tmo_exp/tmo101347625/scratch/miaed_mnis_data/mrco_h5_svd/2d_svd_r2_train/even-dist_Files.003_processed_svd2d_r2.h5
  [200/8192] done
  [400/8192] done
  [600/8192] done
  [800/8192] done
  [1000/8192] done
  [1200/8192] done
  [1400/8192] done
  [1600/8192] done
  [1800/8192] done
  [2000/8192] done
  [2200/8192] done
  [2400/8192] done
  [2600/8192] done
  [2800/8192] done
  [3000/8192] done
  [3200/8192] done
  [3400/8192] done
  [3600/8192] done
  [3800/8192] done
  [4000/8192] done
  [4200/8192] done
  [4400/8192] done
  [4600/8192] done
  [4800/8192] done
  [5000/8192] done
  [5200/8192] done
  [5400/8192] done
  [5600/8192] done
  [5800/8192] done
  [6000/8192] done
  [6200/8192] done
  [6400/8192] done
  [6600/8192] done
  [6800/8192] done
  [7000/8192] done
  [7200/8192] done
  [7400/8192] done
  [7600/8192] done
  [7800/8192] done
  [8000/8192] done
  [8192/8192] done
Wrote /sdf/home/m/miaed/tmo_exp/tmo101347625/scratch/miaed_mnis_data/mrco_h5_svd/2d_svd_r2_train/even-dist_Files.003_processed_svd2d_r2.h5
Processing 8192 groups: /sdf/home/m/miaed/tmo_exp/tmo101347625/scratch/miaed_mnis_data/mrco_h5/train/even-dist_Files.001_processed.h5 -> /sdf/home/m/miaed/tmo_exp/tmo101347625/scratch/miaed_mnis_data/mrco_h5_svd/2d_svd_r2_train/even-dist_Files.001_processed_svd2d_r2.h5
  [200/8192] done
  [400/8192] done
  [600/8192] done
  [800/8192] done
  [1000/8192] done
  [1200/8192] done
  [1400/8192] done
  [1600/8192] done
  [1800/8192] done
  [2000/8192] done
  [2200/8192] done
  [2400/8192] done
  [2600/8192] done
  [2800/8192] done
  [3000/8192] done
  [3200/8192] done
  [3400/8192] done
  [3600/8192] done
  [3800/8192] done
  [4000/8192] done
  [4200/8192] done
  [4400/8192] done
  [4600/8192] done
  [4800/8192] done
  [5000/8192] done
  [5200/8192] done
  [5400/8192] done
  [5600/8192] done
  [5800/8192] done
  [6000/8192] done
  [6200/8192] done
  [6400/8192] done
  [6600/8192] done
  [6800/8192] done
  [7000/8192] done
  [7200/8192] done
  [7400/8192] done
  [7600/8192] done
  [7800/8192] done
  [8000/8192] done
  [8192/8192] done
Wrote /sdf/home/m/miaed/tmo_exp/tmo101347625/scratch/miaed_mnis_data/mrco_h5_svd/2d_svd_r2_train/even-dist_Files.001_processed_svd2d_r2.h5
Processing 8192 groups: /sdf/home/m/miaed/tmo_exp/tmo101347625/scratch/miaed_mnis_data/mrco_h5/train/even-dist_Files.006_processed.h5 -> /sdf/home/m/miaed/tmo_exp/tmo101347625/scratch/miaed_mnis_data/mrco_h5_svd/2d_svd_r2_train/even-dist_Files.006_processed_svd2d_r2.h5
  [200/8192] done
  [400/8192] done
  [600/8192] done
  [800/8192] done
  [1000/8192] done
  [1200/8192] done
  [1400/8192] done
  [1600/8192] done
  [1800/8192] done
  [2000/8192] done
  [2200/8192] done
  [2400/8192] done
  [2600/8192] done
  [2800/8192] done
  [3000/8192] done
  [3200/8192] done
  [3400/8192] done
  [3600/8192] done
  [3800/8192] done
  [4000/8192] done
  [4200/8192] done
  [4400/8192] done
  [4600/8192] done
  [4800/8192] done
  [5000/8192] done
  [5200/8192] done
  [5400/8192] done
  [5600/8192] done
  [5800/8192] done
  [6000/8192] done
  [6200/8192] done
  [6400/8192] done
  [6600/8192] done
  [6800/8192] done
  [7000/8192] done
  [7200/8192] done
  [7400/8192] done
  [7600/8192] done
  [7800/8192] done
  [8000/8192] done
  [8192/8192] done
Wrote /sdf/home/m/miaed/tmo_exp/tmo101347625/scratch/miaed_mnis_data/mrco_h5_svd/2d_svd_r2_train/even-dist_Files.006_processed_svd2d_r2.h5
Processing 8192 groups: /sdf/home/m/miaed/tmo_exp/tmo101347625/scratch/miaed_mnis_data/mrco_h5/train/even-dist_Files.005_processed.h5 -> /sdf/home/m/miaed/tmo_exp/tmo101347625/scratch/miaed_mnis_data/mrco_h5_svd/2d_svd_r2_train/even-dist_Files.005_processed_svd2d_r2.h5
  [200/8192] done
  [400/8192] done
  [600/8192] done
  [800/8192] done
  [1000/8192] done
  [1200/8192] done
  [1400/8192] done
  [1600/8192] done
  [1800/8192] done
  [2000/8192] done
  [2200/8192] done
  [2400/8192] done
  [2600/8192] done
  [2800/8192] done
  [3000/8192] done
  [3200/8192] done
  [3400/8192] done
  [3600/8192] done
  [3800/8192] done
  [4000/8192] done
  [4200/8192] done
  [4400/8192] done
  [4600/8192] done
  [4800/8192] done
  [5000/8192] done
  [5200/8192] done
  [5400/8192] done
  [5600/8192] done
  [5800/8192] done
  [6000/8192] done
  [6200/8192] done
  [6400/8192] done
  [6600/8192] done
  [6800/8192] done
  [7000/8192] done
  [7200/8192] done
  [7400/8192] done
  [7600/8192] done
  [7800/8192] done
  [8000/8192] done
  [8192/8192] done
Wrote /sdf/home/m/miaed/tmo_exp/tmo101347625/scratch/miaed_mnis_data/mrco_h5_svd/2d_svd_r2_train/even-dist_Files.005_processed_svd2d_r2.h5
Processing 8192 groups: /sdf/home/m/miaed/tmo_exp/tmo101347625/scratch/miaed_mnis_data/mrco_h5/train/even-dist_Files.007_processed.h5 -> /sdf/home/m/miaed/tmo_exp/tmo101347625/scratch/miaed_mnis_data/mrco_h5_svd/2d_svd_r2_train/even-dist_Files.007_processed_svd2d_r2.h5
  [200/8192] done
  [400/8192] done
  [600/8192] done
  [800/8192] done
  [1000/8192] done
  [1200/8192] done
  [1400/8192] done
  [1600/8192] done
  [1800/8192] done
  [2000/8192] done
  [2200/8192] done
  [2400/8192] done
  [2600/8192] done
  [2800/8192] done
  [3000/8192] done
  [3200/8192] done
  [3400/8192] done
  [3600/8192] done
  [3800/8192] done
  [4000/8192] done
  [4200/8192] done
  [4400/8192] done
  [4600/8192] done
  [4800/8192] done
  [5000/8192] done
  [5200/8192] done
  [5400/8192] done
  [5600/8192] done
  [5800/8192] done
  [6000/8192] done
  [6200/8192] done
  [6400/8192] done
  [6600/8192] done
  [6800/8192] done
  [7000/8192] done
  [7200/8192] done
  [7400/8192] done
  [7600/8192] done
  [7800/8192] done
  [8000/8192] done
  [8192/8192] done
Wrote /sdf/home/m/miaed/tmo_exp/tmo101347625/scratch/miaed_mnis_data/mrco_h5_svd/2d_svd_r2_train/even-dist_Files.007_processed_svd2d_r2.h5
Processing 8192 groups: /sdf/home/m/miaed/tmo_exp/tmo101347625/scratch/miaed_mnis_data/mrco_h5/train/even-dist_Files.008_processed.h5 -> /sdf/home/m/miaed/tmo_exp/tmo101347625/scratch/miaed_mnis_data/mrco_h5_svd/2d_svd_r2_train/even-dist_Files.008_processed_svd2d_r2.h5
  [200/8192] done
  [400/8192] done
  [600/8192] done
  [800/8192] done
  [1000/8192] done
  [1200/8192] done
  [1400/8192] done
  [1600/8192] done
  [1800/8192] done
  [2000/8192] done
  [2200/8192] done
  [2400/8192] done
  [2600/8192] done
  [2800/8192] done
  [3000/8192] done
  [3200/8192] done
  [3400/8192] done
  [3600/8192] done
  [3800/8192] done
  [4000/8192] done
  [4200/8192] done
  [4400/8192] done
  [4600/8192] done
  [4800/8192] done
  [5000/8192] done
  [5200/8192] done
  [5400/8192] done
  [5600/8192] done
  [5800/8192] done
  [6000/8192] done
  [6200/8192] done
  [6400/8192] done
  [6600/8192] done
  [6800/8192] done
  [7000/8192] done
  [7200/8192] done
  [7400/8192] done
  [7600/8192] done
  [7800/8192] done
  [8000/8192] done
  [8192/8192] done
Wrote /sdf/home/m/miaed/tmo_exp/tmo101347625/scratch/miaed_mnis_data/mrco_h5_svd/2d_svd_r2_train/even-dist_Files.008_processed_svd2d_r2.h5
Processing 8192 groups: /sdf/home/m/miaed/tmo_exp/tmo101347625/scratch/miaed_mnis_data/mrco_h5/train/even-dist_Files.009_processed.h5 -> /sdf/home/m/miaed/tmo_exp/tmo101347625/scratch/miaed_mnis_data/mrco_h5_svd/2d_svd_r2_train/even-dist_Files.009_processed_svd2d_r2.h5
  [200/8192] done
  [400/8192] done
  [600/8192] done
  [800/8192] done
  [1000/8192] done
  [1200/8192] done
  [1400/8192] done
  [1600/8192] done
  [1800/8192] done
  [2000/8192] done
  [2200/8192] done
  [2400/8192] done
  [2600/8192] done
  [2800/8192] done
  [3000/8192] done
  [3200/8192] done
  [3400/8192] done
  [3600/8192] done
  [3800/8192] done
  [4000/8192] done
  [4200/8192] done
  [4400/8192] done
  [4600/8192] done
  [4800/8192] done
  [5000/8192] done
  [5200/8192] done
  [5400/8192] done
  [5600/8192] done
  [5800/8192] done
  [6000/8192] done
  [6200/8192] done
  [6400/8192] done
  [6600/8192] done
  [6800/8192] done
  [7000/8192] done
  [7200/8192] done
  [7400/8192] done
  [7600/8192] done
  [7800/8192] done
  [8000/8192] done
  [8192/8192] done
Wrote /sdf/home/m/miaed/tmo_exp/tmo101347625/scratch/miaed_mnis_data/mrco_h5_svd/2d_svd_r2_train/even-dist_Files.009_processed_svd2d_r2.h5
Processing 8192 groups: /sdf/home/m/miaed/tmo_exp/tmo101347625/scratch/miaed_mnis_data/mrco_h5/train/even-dist_Files.017_processed.h5 -> /sdf/home/m/miaed/tmo_exp/tmo101347625/scratch/miaed_mnis_data/mrco_h5_svd/2d_svd_r2_train/even-dist_Files.017_processed_svd2d_r2.h5
  [200/8192] done
  [400/8192] done
  [600/8192] done
  [800/8192] done
  [1000/8192] done
  [1200/8192] done
  [1400/8192] done
  [1600/8192] done
  [1800/8192] done
  [2000/8192] done
  [2200/8192] done
  [2400/8192] done
  [2600/8192] done
  [2800/8192] done
  [3000/8192] done
  [3200/8192] done
  [3400/8192] done
  [3600/8192] done
  [3800/8192] done
  [4000/8192] done
  [4200/8192] done
  [4400/8192] done
  [4600/8192] done
  [4800/8192] done
  [5000/8192] done
  [5200/8192] done
  [5400/8192] done
  [5600/8192] done
  [5800/8192] done
  [6000/8192] done
  [6200/8192] done
  [6400/8192] done
  [6600/8192] done
  [6800/8192] done
  [7000/8192] done
  [7200/8192] done
  [7400/8192] done
  [7600/8192] done
  [7800/8192] done
  [8000/8192] done
  [8192/8192] done
Wrote /sdf/home/m/miaed/tmo_exp/tmo101347625/scratch/miaed_mnis_data/mrco_h5_svd/2d_svd_r2_train/even-dist_Files.017_processed_svd2d_r2.h5
Processing 8192 groups: /sdf/home/m/miaed/tmo_exp/tmo101347625/scratch/miaed_mnis_data/mrco_h5/train/even-dist_Files.016_processed.h5 -> /sdf/home/m/miaed/tmo_exp/tmo101347625/scratch/miaed_mnis_data/mrco_h5_svd/2d_svd_r2_train/even-dist_Files.016_processed_svd2d_r2.h5
  [200/8192] done
  [400/8192] done
  [600/8192] done
  [800/8192] done
  [1000/8192] done
  [1200/8192] done
  [1400/8192] done
  [1600/8192] done
  [1800/8192] done
  [2000/8192] done
  [2200/8192] done
  [2400/8192] done
  [2600/8192] done
  [2800/8192] done
  [3000/8192] done
  [3200/8192] done
  [3400/8192] done
  [3600/8192] done
  [3800/8192] done
  [4000/8192] done
  [4200/8192] done
  [4400/8192] done
  [4600/8192] done
  [4800/8192] done
  [5000/8192] done
  [5200/8192] done
  [5400/8192] done
  [5600/8192] done
  [5800/8192] done
  [6000/8192] done
  [6200/8192] done
  [6400/8192] done
  [6600/8192] done
  [6800/8192] done
  [7000/8192] done
  [7200/8192] done
  [7400/8192] done
  [7600/8192] done
  [7800/8192] done
  [8000/8192] done
  [8192/8192] done
Wrote /sdf/home/m/miaed/tmo_exp/tmo101347625/scratch/miaed_mnis_data/mrco_h5_svd/2d_svd_r2_train/even-dist_Files.016_processed_svd2d_r2.h5
Processing 8192 groups: /sdf/home/m/miaed/tmo_exp/tmo101347625/scratch/miaed_mnis_data/mrco_h5/train/even-dist_Files.018_processed.h5 -> /sdf/home/m/miaed/tmo_exp/tmo101347625/scratch/miaed_mnis_data/mrco_h5_svd/2d_svd_r2_train/even-dist_Files.018_processed_svd2d_r2.h5
  [200/8192] done
  [400/8192] done
  [600/8192] done
  [800/8192] done
  [1000/8192] done
  [1200/8192] done
  [1400/8192] done
  [1600/8192] done
  [1800/8192] done
  [2000/8192] done
  [2200/8192] done
  [2400/8192] done
  [2600/8192] done
  [2800/8192] done
  [3000/8192] done
  [3200/8192] done
  [3400/8192] done
  [3600/8192] done
  [3800/8192] done
  [4000/8192] done
  [4200/8192] done
  [4400/8192] done
  [4600/8192] done
  [4800/8192] done
  [5000/8192] done
  [5200/8192] done
  [5400/8192] done
  [5600/8192] done
  [5800/8192] done
  [6000/8192] done
  [6200/8192] done
  [6400/8192] done
  [6600/8192] done
  [6800/8192] done
  [7000/8192] done
  [7200/8192] done
  [7400/8192] done
  [7600/8192] done
  [7800/8192] done
  [8000/8192] done
  [8192/8192] done
Wrote /sdf/home/m/miaed/tmo_exp/tmo101347625/scratch/miaed_mnis_data/mrco_h5_svd/2d_svd_r2_train/even-dist_Files.018_processed_svd2d_r2.h5
Processing 8192 groups: /sdf/home/m/miaed/tmo_exp/tmo101347625/scratch/miaed_mnis_data/mrco_h5/train/even-dist_Files.019_processed.h5 -> /sdf/home/m/miaed/tmo_exp/tmo101347625/scratch/miaed_mnis_data/mrco_h5_svd/2d_svd_r2_train/even-dist_Files.019_processed_svd2d_r2.h5
  [200/8192] done
  [400/8192] done
  [600/8192] done
  [800/8192] done
  [1000/8192] done
  [1200/8192] done
  [1400/8192] done
  [1600/8192] done
  [1800/8192] done
  [2000/8192] done
  [2200/8192] done
  [2400/8192] done
  [2600/8192] done
  [2800/8192] done
  [3000/8192] done
  [3200/8192] done
  [3400/8192] done
  [3600/8192] done
  [3800/8192] done
  [4000/8192] done
  [4200/8192] done
  [4400/8192] done
  [4600/8192] done
  [4800/8192] done
  [5000/8192] done
  [5200/8192] done
  [5400/8192] done
  [5600/8192] done
  [5800/8192] done
  [6000/8192] done
  [6200/8192] done
  [6400/8192] done
  [6600/8192] done
  [6800/8192] done
  [7000/8192] done
  [7200/8192] done
  [7400/8192] done
  [7600/8192] done
  [7800/8192] done
  [8000/8192] done
  [8192/8192] done
Wrote /sdf/home/m/miaed/tmo_exp/tmo101347625/scratch/miaed_mnis_data/mrco_h5_svd/2d_svd_r2_train/even-dist_Files.019_processed_svd2d_r2.h5
Processing 8192 groups: /sdf/home/m/miaed/tmo_exp/tmo101347625/scratch/miaed_mnis_data/mrco_h5/train/even-dist_Files.021_processed.h5 -> /sdf/home/m/miaed/tmo_exp/tmo101347625/scratch/miaed_mnis_data/mrco_h5_svd/2d_svd_r2_train/even-dist_Files.021_processed_svd2d_r2.h5
  [200/8192] done
  [400/8192] done
  [600/8192] done
  [800/8192] done
  [1000/8192] done
  [1200/8192] done
  [1400/8192] done
  [1600/8192] done
  [1800/8192] done
  [2000/8192] done
  [2200/8192] done
  [2400/8192] done
  [2600/8192] done
  [2800/8192] done
  [3000/8192] done
  [3200/8192] done
  [3400/8192] done
  [3600/8192] done
  [3800/8192] done
  [4000/8192] done
  [4200/8192] done
  [4400/8192] done
  [4600/8192] done
  [4800/8192] done
  [5000/8192] done
  [5200/8192] done
  [5400/8192] done
  [5600/8192] done
  [5800/8192] done
  [6000/8192] done
  [6200/8192] done
  [6400/8192] done
  [6600/8192] done
  [6800/8192] done
  [7000/8192] done
  [7200/8192] done
  [7400/8192] done
  [7600/8192] done
  [7800/8192] done
  [8000/8192] done
  [8192/8192] done
Wrote /sdf/home/m/miaed/tmo_exp/tmo101347625/scratch/miaed_mnis_data/mrco_h5_svd/2d_svd_r2_train/even-dist_Files.021_processed_svd2d_r2.h5
Processing 8192 groups: /sdf/home/m/miaed/tmo_exp/tmo101347625/scratch/miaed_mnis_data/mrco_h5/train/even-dist_Files.020_processed.h5 -> /sdf/home/m/miaed/tmo_exp/tmo101347625/scratch/miaed_mnis_data/mrco_h5_svd/2d_svd_r2_train/even-dist_Files.020_processed_svd2d_r2.h5
  [200/8192] done
  [400/8192] done
  [600/8192] done
  [800/8192] done
  [1000/8192] done
  [1200/8192] done
  [1400/8192] done
  [1600/8192] done
  [1800/8192] done
  [2000/8192] done
  [2200/8192] done
  [2400/8192] done
  [2600/8192] done
  [2800/8192] done
  [3000/8192] done
  [3200/8192] done
  [3400/8192] done
  [3600/8192] done
  [3800/8192] done
  [4000/8192] done
  [4200/8192] done
  [4400/8192] done
  [4600/8192] done
  [4800/8192] done
  [5000/8192] done
  [5200/8192] done
  [5400/8192] done
  [5600/8192] done
  [5800/8192] done
  [6000/8192] done
  [6200/8192] done
  [6400/8192] done
  [6600/8192] done
  [6800/8192] done
  [7000/8192] done
  [7200/8192] done
  [7400/8192] done
  [7600/8192] done
  [7800/8192] done
  [8000/8192] done
  [8192/8192] done
Wrote /sdf/home/m/miaed/tmo_exp/tmo101347625/scratch/miaed_mnis_data/mrco_h5_svd/2d_svd_r2_train/even-dist_Files.020_processed_svd2d_r2.h5
Processing 8192 groups: /sdf/home/m/miaed/tmo_exp/tmo101347625/scratch/miaed_mnis_data/mrco_h5/train/even-dist_Files.022_processed.h5 -> /sdf/home/m/miaed/tmo_exp/tmo101347625/scratch/miaed_mnis_data/mrco_h5_svd/2d_svd_r2_train/even-dist_Files.022_processed_svd2d_r2.h5
  [200/8192] done
  [400/8192] done
  [600/8192] done
  [800/8192] done
  [1000/8192] done
  [1200/8192] done
  [1400/8192] done
  [1600/8192] done
  [1800/8192] done
  [2000/8192] done
  [2200/8192] done
  [2400/8192] done
  [2600/8192] done
  [2800/8192] done
  [3000/8192] done
  [3200/8192] done
  [3400/8192] done
  [3600/8192] done
  [3800/8192] done
  [4000/8192] done
  [4200/8192] done
  [4400/8192] done
  [4600/8192] done
  [4800/8192] done
  [5000/8192] done
  [5200/8192] done
  [5400/8192] done
  [5600/8192] done
  [5800/8192] done
  [6000/8192] done
  [6200/8192] done
  [6400/8192] done
  [6600/8192] done
  [6800/8192] done
  [7000/8192] done
  [7200/8192] done
  [7400/8192] done
  [7600/8192] done
  [7800/8192] done
  [8000/8192] done
  [8192/8192] done
Wrote /sdf/home/m/miaed/tmo_exp/tmo101347625/scratch/miaed_mnis_data/mrco_h5_svd/2d_svd_r2_train/even-dist_Files.022_processed_svd2d_r2.h5
Processing 8192 groups: /sdf/home/m/miaed/tmo_exp/tmo101347625/scratch/miaed_mnis_data/mrco_h5/train/even-dist_Files.023_processed.h5 -> /sdf/home/m/miaed/tmo_exp/tmo101347625/scratch/miaed_mnis_data/mrco_h5_svd/2d_svd_r2_train/even-dist_Files.023_processed_svd2d_r2.h5
  [200/8192] done
  [400/8192] done
  [600/8192] done
  [800/8192] done
  [1000/8192] done
  [1200/8192] done
  [1400/8192] done
  [1600/8192] done
  [1800/8192] done
  [2000/8192] done
  [2200/8192] done
  [2400/8192] done
  [2600/8192] done
  [2800/8192] done
  [3000/8192] done
  [3200/8192] done
  [3400/8192] done
  [3600/8192] done
  [3800/8192] done
  [4000/8192] done
  [4200/8192] done
  [4400/8192] done
  [4600/8192] done
  [4800/8192] done
  [5000/8192] done
  [5200/8192] done
  [5400/8192] done
  [5600/8192] done
  [5800/8192] done
  [6000/8192] done
  [6200/8192] done
  [6400/8192] done
  [6600/8192] done
  [6800/8192] done
  [7000/8192] done
  [7200/8192] done
  [7400/8192] done
  [7600/8192] done
  [7800/8192] done
  [8000/8192] done
  [8192/8192] done
Wrote /sdf/home/m/miaed/tmo_exp/tmo101347625/scratch/miaed_mnis_data/mrco_h5_svd/2d_svd_r2_train/even-dist_Files.023_processed_svd2d_r2.h5
Processing 8192 groups: /sdf/home/m/miaed/tmo_exp/tmo101347625/scratch/miaed_mnis_data/mrco_h5/train/even-dist_Files.024_processed.h5 -> /sdf/home/m/miaed/tmo_exp/tmo101347625/scratch/miaed_mnis_data/mrco_h5_svd/2d_svd_r2_train/even-dist_Files.024_processed_svd2d_r2.h5
  [200/8192] done
  [400/8192] done
  [600/8192] done
  [800/8192] done
  [1000/8192] done
  [1200/8192] done
  [1400/8192] done
  [1600/8192] done
  [1800/8192] done
  [2000/8192] done
  [2200/8192] done
  [2400/8192] done
  [2600/8192] done
  [2800/8192] done
  [3000/8192] done
  [3200/8192] done
  [3400/8192] done
  [3600/8192] done
  [3800/8192] done
  [4000/8192] done
  [4200/8192] done
  [4400/8192] done
  [4600/8192] done
  [4800/8192] done
  [5000/8192] done
  [5200/8192] done
  [5400/8192] done
  [5600/8192] done
  [5800/8192] done
  [6000/8192] done
  [6200/8192] done
  [6400/8192] done
  [6600/8192] done
  [6800/8192] done
  [7000/8192] done
  [7200/8192] done
  [7400/8192] done
  [7600/8192] done
  [7800/8192] done
  [8000/8192] done
  [8192/8192] done
Wrote /sdf/home/m/miaed/tmo_exp/tmo101347625/scratch/miaed_mnis_data/mrco_h5_svd/2d_svd_r2_train/even-dist_Files.024_processed_svd2d_r2.h5
Processing 8192 groups: /sdf/home/m/miaed/tmo_exp/tmo101347625/scratch/miaed_mnis_data/mrco_h5/train/even-dist_Files.025_processed.h5 -> /sdf/home/m/miaed/tmo_exp/tmo101347625/scratch/miaed_mnis_data/mrco_h5_svd/2d_svd_r2_train/even-dist_Files.025_processed_svd2d_r2.h5
  [200/8192] done
  [400/8192] done
  [600/8192] done
  [800/8192] done
  [1000/8192] done
  [1200/8192] done
  [1400/8192] done
  [1600/8192] done
  [1800/8192] done
  [2000/8192] done
  [2200/8192] done
  [2400/8192] done
  [2600/8192] done
  [2800/8192] done
  [3000/8192] done
  [3200/8192] done
  [3400/8192] done
  [3600/8192] done
  [3800/8192] done
  [4000/8192] done
  [4200/8192] done
  [4400/8192] done
  [4600/8192] done
  [4800/8192] done
  [5000/8192] done
  [5200/8192] done
  [5400/8192] done
  [5600/8192] done
  [5800/8192] done
  [6000/8192] done
  [6200/8192] done
  [6400/8192] done
  [6600/8192] done
  [6800/8192] done
  [7000/8192] done
  [7200/8192] done
  [7400/8192] done
  [7600/8192] done
  [7800/8192] done
  [8000/8192] done
  [8192/8192] done
Wrote /sdf/home/m/miaed/tmo_exp/tmo101347625/scratch/miaed_mnis_data/mrco_h5_svd/2d_svd_r2_train/even-dist_Files.025_processed_svd2d_r2.h5
Processing 8192 groups: /sdf/home/m/miaed/tmo_exp/tmo101347625/scratch/miaed_mnis_data/mrco_h5/train/even-dist_Files.026_processed.h5 -> /sdf/home/m/miaed/tmo_exp/tmo101347625/scratch/miaed_mnis_data/mrco_h5_svd/2d_svd_r2_train/even-dist_Files.026_processed_svd2d_r2.h5
  [200/8192] done
  [400/8192] done
  [600/8192] done
  [800/8192] done
  [1000/8192] done
  [1200/8192] done
  [1400/8192] done
  [1600/8192] done
  [1800/8192] done
  [2000/8192] done
  [2200/8192] done
  [2400/8192] done
  [2600/8192] done
  [2800/8192] done
  [3000/8192] done
  [3200/8192] done
  [3400/8192] done
  [3600/8192] done
  [3800/8192] done
  [4000/8192] done
  [4200/8192] done
  [4400/8192] done
  [4600/8192] done
  [4800/8192] done
  [5000/8192] done
  [5200/8192] done
  [5400/8192] done
  [5600/8192] done
  [5800/8192] done
  [6000/8192] done
  [6200/8192] done
  [6400/8192] done
  [6600/8192] done
  [6800/8192] done
  [7000/8192] done
  [7200/8192] done
  [7400/8192] done
  [7600/8192] done
  [7800/8192] done
  [8000/8192] done
  [8192/8192] done
Wrote /sdf/home/m/miaed/tmo_exp/tmo101347625/scratch/miaed_mnis_data/mrco_h5_svd/2d_svd_r2_train/even-dist_Files.026_processed_svd2d_r2.h5
Processing 8192 groups: /sdf/home/m/miaed/tmo_exp/tmo101347625/scratch/miaed_mnis_data/mrco_h5/train/even-dist_Files.027_processed.h5 -> /sdf/home/m/miaed/tmo_exp/tmo101347625/scratch/miaed_mnis_data/mrco_h5_svd/2d_svd_r2_train/even-dist_Files.027_processed_svd2d_r2.h5
  [200/8192] done
  [400/8192] done
  [600/8192] done
  [800/8192] done
  [1000/8192] done
  [1200/8192] done
  [1400/8192] done
  [1600/8192] done
  [1800/8192] done
  [2000/8192] done
  [2200/8192] done
  [2400/8192] done
  [2600/8192] done
  [2800/8192] done
  [3000/8192] done
  [3200/8192] done
  [3400/8192] done
  [3600/8192] done
  [3800/8192] done
  [4000/8192] done
  [4200/8192] done
  [4400/8192] done
  [4600/8192] done
  [4800/8192] done
  [5000/8192] done
  [5200/8192] done
  [5400/8192] done
  [5600/8192] done
  [5800/8192] done
  [6000/8192] done
  [6200/8192] done
  [6400/8192] done
  [6600/8192] done
  [6800/8192] done
  [7000/8192] done
  [7200/8192] done
  [7400/8192] done
  [7600/8192] done
  [7800/8192] done
  [8000/8192] done
  [8192/8192] done
Wrote /sdf/home/m/miaed/tmo_exp/tmo101347625/scratch/miaed_mnis_data/mrco_h5_svd/2d_svd_r2_train/even-dist_Files.027_processed_svd2d_r2.h5
Processing 8192 groups: /sdf/home/m/miaed/tmo_exp/tmo101347625/scratch/miaed_mnis_data/mrco_h5/train/even-dist_Files.029_processed.h5 -> /sdf/home/m/miaed/tmo_exp/tmo101347625/scratch/miaed_mnis_data/mrco_h5_svd/2d_svd_r2_train/even-dist_Files.029_processed_svd2d_r2.h5
  [200/8192] done
  [400/8192] done
  [600/8192] done
  [800/8192] done
  [1000/8192] done
  [1200/8192] done
  [1400/8192] done
  [1600/8192] done
  [1800/8192] done
  [2000/8192] done
  [2200/8192] done
  [2400/8192] done
  [2600/8192] done
  [2800/8192] done
  [3000/8192] done
  [3200/8192] done
  [3400/8192] done
  [3600/8192] done
  [3800/8192] done
  [4000/8192] done
  [4200/8192] done
  [4400/8192] done
  [4600/8192] done
  [4800/8192] done
  [5000/8192] done
  [5200/8192] done
  [5400/8192] done
  [5600/8192] done
  [5800/8192] done
  [6000/8192] done
  [6200/8192] done
  [6400/8192] done
  [6600/8192] done
  [6800/8192] done
  [7000/8192] done
  [7200/8192] done
  [7400/8192] done
  [7600/8192] done
  [7800/8192] done
  [8000/8192] done
  [8192/8192] done
Wrote /sdf/home/m/miaed/tmo_exp/tmo101347625/scratch/miaed_mnis_data/mrco_h5_svd/2d_svd_r2_train/even-dist_Files.029_processed_svd2d_r2.h5
Processing 8192 groups: /sdf/home/m/miaed/tmo_exp/tmo101347625/scratch/miaed_mnis_data/mrco_h5/train/even-dist_Files.028_processed.h5 -> /sdf/home/m/miaed/tmo_exp/tmo101347625/scratch/miaed_mnis_data/mrco_h5_svd/2d_svd_r2_train/even-dist_Files.028_processed_svd2d_r2.h5
  [200/8192] done
  [400/8192] done
  [600/8192] done
  [800/8192] done
  [1000/8192] done
  [1200/8192] done
  [1400/8192] done
  [1600/8192] done
  [1800/8192] done
  [2000/8192] done
  [2200/8192] done
  [2400/8192] done
  [2600/8192] done
  [2800/8192] done
  [3000/8192] done
  [3200/8192] done
  [3400/8192] done
  [3600/8192] done
  [3800/8192] done
  [4000/8192] done
  [4200/8192] done
  [4400/8192] done
  [4600/8192] done
  [4800/8192] done
  [5000/8192] done
  [5200/8192] done
  [5400/8192] done
  [5600/8192] done
  [5800/8192] done
  [6000/8192] done
  [6200/8192] done
  [6400/8192] done
  [6600/8192] done
  [6800/8192] done
  [7000/8192] done
  [7200/8192] done
  [7400/8192] done
  [7600/8192] done
  [7800/8192] done
  [8000/8192] done
  [8192/8192] done
Wrote /sdf/home/m/miaed/tmo_exp/tmo101347625/scratch/miaed_mnis_data/mrco_h5_svd/2d_svd_r2_train/even-dist_Files.028_processed_svd2d_r2.h5
Processing 8192 groups: /sdf/home/m/miaed/tmo_exp/tmo101347625/scratch/miaed_mnis_data/mrco_h5/train/even-dist_Files.030_processed.h5 -> /sdf/home/m/miaed/tmo_exp/tmo101347625/scratch/miaed_mnis_data/mrco_h5_svd/2d_svd_r2_train/even-dist_Files.030_processed_svd2d_r2.h5
  [200/8192] done
  [400/8192] done
  [600/8192] done
  [800/8192] done
  [1000/8192] done
  [1200/8192] done
  [1400/8192] done
  [1600/8192] done
  [1800/8192] done
  [2000/8192] done
  [2200/8192] done
  [2400/8192] done
  [2600/8192] done
  [2800/8192] done
  [3000/8192] done
  [3200/8192] done
  [3400/8192] done
  [3600/8192] done
  [3800/8192] done
  [4000/8192] done
  [4200/8192] done
  [4400/8192] done
  [4600/8192] done
  [4800/8192] done
  [5000/8192] done
  [5200/8192] done
  [5400/8192] done
  [5600/8192] done
  [5800/8192] done
  [6000/8192] done
  [6200/8192] done
  [6400/8192] done
  [6600/8192] done
  [6800/8192] done
  [7000/8192] done
  [7200/8192] done
  [7400/8192] done
  [7600/8192] done
  [7800/8192] done
  [8000/8192] done
  [8192/8192] done
Wrote /sdf/home/m/miaed/tmo_exp/tmo101347625/scratch/miaed_mnis_data/mrco_h5_svd/2d_svd_r2_train/even-dist_Files.030_processed_svd2d_r2.h5
Processing 8192 groups: /sdf/home/m/miaed/tmo_exp/tmo101347625/scratch/miaed_mnis_data/mrco_h5/train/even-dist_Files.031_processed.h5 -> /sdf/home/m/miaed/tmo_exp/tmo101347625/scratch/miaed_mnis_data/mrco_h5_svd/2d_svd_r2_train/even-dist_Files.031_processed_svd2d_r2.h5
  [200/8192] done
  [400/8192] done
  [600/8192] done
  [800/8192] done
  [1000/8192] done
  [1200/8192] done
  [1400/8192] done
  [1600/8192] done
  [1800/8192] done
  [2000/8192] done
  [2200/8192] done
  [2400/8192] done
  [2600/8192] done
  [2800/8192] done
  [3000/8192] done
  [3200/8192] done
  [3400/8192] done
  [3600/8192] done
  [3800/8192] done
  [4000/8192] done
  [4200/8192] done
  [4400/8192] done
  [4600/8192] done
  [4800/8192] done
  [5000/8192] done
  [5200/8192] done
  [5400/8192] done
  [5600/8192] done
  [5800/8192] done
  [6000/8192] done
  [6200/8192] done
  [6400/8192] done
  [6600/8192] done
  [6800/8192] done
  [7000/8192] done
  [7200/8192] done
  [7400/8192] done
  [7600/8192] done
  [7800/8192] done
  [8000/8192] done
  [8192/8192] done
Wrote /sdf/home/m/miaed/tmo_exp/tmo101347625/scratch/miaed_mnis_data/mrco_h5_svd/2d_svd_r2_train/even-dist_Files.031_processed_svd2d_r2.h5
Processing 8192 groups: /sdf/home/m/miaed/tmo_exp/tmo101347625/scratch/miaed_mnis_data/mrco_h5/train/even-dist_Files.032_processed.h5 -> /sdf/home/m/miaed/tmo_exp/tmo101347625/scratch/miaed_mnis_data/mrco_h5_svd/2d_svd_r2_train/even-dist_Files.032_processed_svd2d_r2.h5
  [200/8192] done
  [400/8192] done
  [600/8192] done
  [800/8192] done
  [1000/8192] done
  [1200/8192] done
  [1400/8192] done
  [1600/8192] done
  [1800/8192] done
  [2000/8192] done
  [2200/8192] done
  [2400/8192] done
  [2600/8192] done
  [2800/8192] done
  [3000/8192] done
  [3200/8192] done
  [3400/8192] done
  [3600/8192] done
  [3800/8192] done
  [4000/8192] done
  [4200/8192] done
  [4400/8192] done
  [4600/8192] done
  [4800/8192] done
  [5000/8192] done
  [5200/8192] done
  [5400/8192] done
  [5600/8192] done
  [5800/8192] done
  [6000/8192] done
  [6200/8192] done
  [6400/8192] done
  [6600/8192] done
  [6800/8192] done
  [7000/8192] done
  [7200/8192] done
  [7400/8192] done
  [7600/8192] done
  [7800/8192] done
  [8000/8192] done
  [8192/8192] done
Wrote /sdf/home/m/miaed/tmo_exp/tmo101347625/scratch/miaed_mnis_data/mrco_h5_svd/2d_svd_r2_train/even-dist_Files.032_processed_svd2d_r2.h5
Processing 8192 groups: /sdf/home/m/miaed/tmo_exp/tmo101347625/scratch/miaed_mnis_data/mrco_h5/train/even-dist_Files.033_processed.h5 -> /sdf/home/m/miaed/tmo_exp/tmo101347625/scratch/miaed_mnis_data/mrco_h5_svd/2d_svd_r2_train/even-dist_Files.033_processed_svd2d_r2.h5
  [200/8192] done
  [400/8192] done
  [600/8192] done
  [800/8192] done
  [1000/8192] done
  [1200/8192] done
  [1400/8192] done
  [1600/8192] done
  [1800/8192] done
  [2000/8192] done
  [2200/8192] done
  [2400/8192] done
  [2600/8192] done
  [2800/8192] done
  [3000/8192] done
  [3200/8192] done
  [3400/8192] done
  [3600/8192] done
  [3800/8192] done
  [4000/8192] done
  [4200/8192] done
  [4400/8192] done
  [4600/8192] done
  [4800/8192] done
  [5000/8192] done
  [5200/8192] done
  [5400/8192] done
  [5600/8192] done
  [5800/8192] done
  [6000/8192] done
  [6200/8192] done
  [6400/8192] done
  [6600/8192] done
  [6800/8192] done
  [7000/8192] done
  [7200/8192] done
  [7400/8192] done
  [7600/8192] done
  [7800/8192] done
  [8000/8192] done
  [8192/8192] done
Wrote /sdf/home/m/miaed/tmo_exp/tmo101347625/scratch/miaed_mnis_data/mrco_h5_svd/2d_svd_r2_train/even-dist_Files.033_processed_svd2d_r2.h5
Processing 8192 groups: /sdf/home/m/miaed/tmo_exp/tmo101347625/scratch/miaed_mnis_data/mrco_h5/train/even-dist_Files.034_processed.h5 -> /sdf/home/m/miaed/tmo_exp/tmo101347625/scratch/miaed_mnis_data/mrco_h5_svd/2d_svd_r2_train/even-dist_Files.034_processed_svd2d_r2.h5
  [200/8192] done
  [400/8192] done
  [600/8192] done
  [800/8192] done
  [1000/8192] done
  [1200/8192] done
  [1400/8192] done
  [1600/8192] done
  [1800/8192] done
  [2000/8192] done
  [2200/8192] done
  [2400/8192] done
  [2600/8192] done
  [2800/8192] done
  [3000/8192] done
  [3200/8192] done
  [3400/8192] done
  [3600/8192] done
  [3800/8192] done
  [4000/8192] done
  [4200/8192] done
  [4400/8192] done
  [4600/8192] done
  [4800/8192] done
  [5000/8192] done
  [5200/8192] done
  [5400/8192] done
  [5600/8192] done
  [5800/8192] done
  [6000/8192] done
  [6200/8192] done
  [6400/8192] done
  [6600/8192] done
  [6800/8192] done
  [7000/8192] done
  [7200/8192] done
  [7400/8192] done
  [7600/8192] done
  [7800/8192] done
  [8000/8192] done
  [8192/8192] done
Wrote /sdf/home/m/miaed/tmo_exp/tmo101347625/scratch/miaed_mnis_data/mrco_h5_svd/2d_svd_r2_train/even-dist_Files.034_processed_svd2d_r2.h5
Processing 8192 groups: /sdf/home/m/miaed/tmo_exp/tmo101347625/scratch/miaed_mnis_data/mrco_h5/train/even-dist_Files.035_processed.h5 -> /sdf/home/m/miaed/tmo_exp/tmo101347625/scratch/miaed_mnis_data/mrco_h5_svd/2d_svd_r2_train/even-dist_Files.035_processed_svd2d_r2.h5
  [200/8192] done
  [400/8192] done
  [600/8192] done
  [800/8192] done
  [1000/8192] done
  [1200/8192] done
  [1400/8192] done
  [1600/8192] done
  [1800/8192] done
  [2000/8192] done
  [2200/8192] done
  [2400/8192] done
  [2600/8192] done
  [2800/8192] done
  [3000/8192] done
  [3200/8192] done
  [3400/8192] done
  [3600/8192] done
  [3800/8192] done
  [4000/8192] done
  [4200/8192] done
  [4400/8192] done
  [4600/8192] done
  [4800/8192] done
  [5000/8192] done
  [5200/8192] done
  [5400/8192] done
  [5600/8192] done
  [5800/8192] done
  [6000/8192] done
  [6200/8192] done
  [6400/8192] done
  [6600/8192] done
  [6800/8192] done
  [7000/8192] done
  [7200/8192] done
  [7400/8192] done
  [7600/8192] done
  [7800/8192] done
  [8000/8192] done
  [8192/8192] done
Wrote /sdf/home/m/miaed/tmo_exp/tmo101347625/scratch/miaed_mnis_data/mrco_h5_svd/2d_svd_r2_train/even-dist_Files.035_processed_svd2d_r2.h5
Processing 8192 groups: /sdf/home/m/miaed/tmo_exp/tmo101347625/scratch/miaed_mnis_data/mrco_h5/train/Even_Distribution_Pulses_Processed_train_even-dist_Files.000_processed.h5 -> /sdf/home/m/miaed/tmo_exp/tmo101347625/scratch/miaed_mnis_data/mrco_h5_svd/2d_svd_r2_train/Even_Distribution_Pulses_Processed_train_even-dist_Files.000_processed_svd2d_r2.h5
  [200/8192] done
  [400/8192] done
  [600/8192] done
  [800/8192] done
  [1000/8192] done
  [1200/8192] done
  [1400/8192] done
  [1600/8192] done
  [1800/8192] done
  [2000/8192] done
  [2200/8192] done
  [2400/8192] done
  [2600/8192] done
  [2800/8192] done
  [3000/8192] done
  [3200/8192] done
  [3400/8192] done
  [3600/8192] done
  [3800/8192] done
  [4000/8192] done
  [4200/8192] done
  [4400/8192] done
  [4600/8192] done
  [4800/8192] done
  [5000/8192] done
  [5200/8192] done
  [5400/8192] done
  [5600/8192] done
  [5800/8192] done
  [6000/8192] done
  [6200/8192] done
  [6400/8192] done
  [6600/8192] done
  [6800/8192] done
  [7000/8192] done
  [7200/8192] done
  [7400/8192] done
  [7600/8192] done
  [7800/8192] done
  [8000/8192] done
  [8192/8192] done
Wrote /sdf/home/m/miaed/tmo_exp/tmo101347625/scratch/miaed_mnis_data/mrco_h5_svd/2d_svd_r2_train/Even_Distribution_Pulses_Processed_train_even-dist_Files.000_processed_svd2d_r2.h5
=== mode=2d rank=4 split=test: /sdf/home/m/miaed/tmo_exp/tmo101347625/scratch/miaed_mnis_data/mrco_h5/test -> /sdf/home/m/miaed/tmo_exp/tmo101347625/scratch/miaed_mnis_data/mrco_h5_svd/2d_svd_r4_test ===
Processing 8192 groups: /sdf/home/m/miaed/tmo_exp/tmo101347625/scratch/miaed_mnis_data/mrco_h5/test/even-dist_Files.027_processed.h5 -> /sdf/home/m/miaed/tmo_exp/tmo101347625/scratch/miaed_mnis_data/mrco_h5_svd/2d_svd_r4_test/even-dist_Files.027_processed_svd2d_r4.h5
  [200/8192] done
  [400/8192] done
  [600/8192] done
  [800/8192] done
  [1000/8192] done
  [1200/8192] done
  [1400/8192] done
  [1600/8192] done
  [1800/8192] done
  [2000/8192] done
  [2200/8192] done
  [2400/8192] done
  [2600/8192] done
  [2800/8192] done
  [3000/8192] done
  [3200/8192] done
  [3400/8192] done
  [3600/8192] done
  [3800/8192] done
  [4000/8192] done
  [4200/8192] done
  [4400/8192] done
  [4600/8192] done
  [4800/8192] done
  [5000/8192] done
  [5200/8192] done
  [5400/8192] done
  [5600/8192] done
  [5800/8192] done
  [6000/8192] done
  [6200/8192] done
  [6400/8192] done
  [6600/8192] done
  [6800/8192] done
  [7000/8192] done
  [7200/8192] done
  [7400/8192] done
  [7600/8192] done
  [7800/8192] done
  [8000/8192] done
  [8192/8192] done
Wrote /sdf/home/m/miaed/tmo_exp/tmo101347625/scratch/miaed_mnis_data/mrco_h5_svd/2d_svd_r4_test/even-dist_Files.027_processed_svd2d_r4.h5
Processing 8192 groups: /sdf/home/m/miaed/tmo_exp/tmo101347625/scratch/miaed_mnis_data/mrco_h5/test/even-dist_Files.022_processed.h5 -> /sdf/home/m/miaed/tmo_exp/tmo101347625/scratch/miaed_mnis_data/mrco_h5_svd/2d_svd_r4_test/even-dist_Files.022_processed_svd2d_r4.h5
  [200/8192] done
  [400/8192] done
  [600/8192] done
  [800/8192] done
  [1000/8192] done
  [1200/8192] done
  [1400/8192] done
  [1600/8192] done
  [1800/8192] done
  [2000/8192] done
  [2200/8192] done
  [2400/8192] done
  [2600/8192] done
  [2800/8192] done
  [3000/8192] done
  [3200/8192] done
  [3400/8192] done
  [3600/8192] done
  [3800/8192] done
  [4000/8192] done
  [4200/8192] done
  [4400/8192] done
  [4600/8192] done
  [4800/8192] done
  [5000/8192] done
  [5200/8192] done
  [5400/8192] done
  [5600/8192] done
  [5800/8192] done
  [6000/8192] done
  [6200/8192] done
  [6400/8192] done
  [6600/8192] done
  [6800/8192] done
  [7000/8192] done
  [7200/8192] done
  [7400/8192] done
  [7600/8192] done
  [7800/8192] done
  [8000/8192] done
  [8192/8192] done
Wrote /sdf/home/m/miaed/tmo_exp/tmo101347625/scratch/miaed_mnis_data/mrco_h5_svd/2d_svd_r4_test/even-dist_Files.022_processed_svd2d_r4.h5
Processing 8192 groups: /sdf/home/m/miaed/tmo_exp/tmo101347625/scratch/miaed_mnis_data/mrco_h5/test/even-dist_Files.037_processed.h5 -> /sdf/home/m/miaed/tmo_exp/tmo101347625/scratch/miaed_mnis_data/mrco_h5_svd/2d_svd_r4_test/even-dist_Files.037_processed_svd2d_r4.h5
  [200/8192] done
  [400/8192] done
  [600/8192] done
  [800/8192] done
  [1000/8192] done
  [1200/8192] done
  [1400/8192] done
  [1600/8192] done
  [1800/8192] done
  [2000/8192] done
  [2200/8192] done
  [2400/8192] done
  [2600/8192] done
  [2800/8192] done
  [3000/8192] done
  [3200/8192] done
  [3400/8192] done
  [3600/8192] done
  [3800/8192] done
  [4000/8192] done
  [4200/8192] done
  [4400/8192] done
  [4600/8192] done
  [4800/8192] done
  [5000/8192] done
  [5200/8192] done
  [5400/8192] done
  [5600/8192] done
  [5800/8192] done
  [6000/8192] done
  [6200/8192] done
  [6400/8192] done
  [6600/8192] done
  [6800/8192] done
  [7000/8192] done
  [7200/8192] done
  [7400/8192] done
  [7600/8192] done
  [7800/8192] done
  [8000/8192] done
  [8192/8192] done
Wrote /sdf/home/m/miaed/tmo_exp/tmo101347625/scratch/miaed_mnis_data/mrco_h5_svd/2d_svd_r4_test/even-dist_Files.037_processed_svd2d_r4.h5
Processing 8192 groups: /sdf/home/m/miaed/tmo_exp/tmo101347625/scratch/miaed_mnis_data/mrco_h5/test/even-dist_Files.031_processed.h5 -> /sdf/home/m/miaed/tmo_exp/tmo101347625/scratch/miaed_mnis_data/mrco_h5_svd/2d_svd_r4_test/even-dist_Files.031_processed_svd2d_r4.h5
  [200/8192] done
  [400/8192] done
  [600/8192] done
  [800/8192] done
  [1000/8192] done
  [1200/8192] done
  [1400/8192] done
  [1600/8192] done
  [1800/8192] done
  [2000/8192] done
  [2200/8192] done
  [2400/8192] done
  [2600/8192] done
  [2800/8192] done
  [3000/8192] done
  [3200/8192] done
  [3400/8192] done
  [3600/8192] done
  [3800/8192] done
  [4000/8192] done
  [4200/8192] done
  [4400/8192] done
  [4600/8192] done
  [4800/8192] done
  [5000/8192] done
  [5200/8192] done
  [5400/8192] done
  [5600/8192] done
  [5800/8192] done
  [6000/8192] done
  [6200/8192] done
  [6400/8192] done
  [6600/8192] done
  [6800/8192] done
  [7000/8192] done
  [7200/8192] done
  [7400/8192] done
  [7600/8192] done
  [7800/8192] done
  [8000/8192] done
  [8192/8192] done
Wrote /sdf/home/m/miaed/tmo_exp/tmo101347625/scratch/miaed_mnis_data/mrco_h5_svd/2d_svd_r4_test/even-dist_Files.031_processed_svd2d_r4.h5
Processing 8192 groups: /sdf/home/m/miaed/tmo_exp/tmo101347625/scratch/miaed_mnis_data/mrco_h5/test/even-dist_Files.045_processed.h5 -> /sdf/home/m/miaed/tmo_exp/tmo101347625/scratch/miaed_mnis_data/mrco_h5_svd/2d_svd_r4_test/even-dist_Files.045_processed_svd2d_r4.h5
  [200/8192] done
  [400/8192] done
  [600/8192] done
  [800/8192] done
  [1000/8192] done
  [1200/8192] done
  [1400/8192] done
  [1600/8192] done
  [1800/8192] done
  [2000/8192] done
  [2200/8192] done
  [2400/8192] done
  [2600/8192] done
  [2800/8192] done
  [3000/8192] done
  [3200/8192] done
  [3400/8192] done
  [3600/8192] done
  [3800/8192] done
  [4000/8192] done
  [4200/8192] done
  [4400/8192] done
  [4600/8192] done
  [4800/8192] done
  [5000/8192] done
  [5200/8192] done
  [5400/8192] done
  [5600/8192] done
  [5800/8192] done
  [6000/8192] done
  [6200/8192] done
  [6400/8192] done
  [6600/8192] done
  [6800/8192] done
  [7000/8192] done
  [7200/8192] done
  [7400/8192] done
  [7600/8192] done
  [7800/8192] done
  [8000/8192] done
  [8192/8192] done
Wrote /sdf/home/m/miaed/tmo_exp/tmo101347625/scratch/miaed_mnis_data/mrco_h5_svd/2d_svd_r4_test/even-dist_Files.045_processed_svd2d_r4.h5
Processing 8192 groups: /sdf/home/m/miaed/tmo_exp/tmo101347625/scratch/miaed_mnis_data/mrco_h5/test/even-dist_Files.040_processed.h5 -> /sdf/home/m/miaed/tmo_exp/tmo101347625/scratch/miaed_mnis_data/mrco_h5_svd/2d_svd_r4_test/even-dist_Files.040_processed_svd2d_r4.h5
  [200/8192] done
  [400/8192] done
  [600/8192] done
  [800/8192] done
  [1000/8192] done
  [1200/8192] done
  [1400/8192] done
  [1600/8192] done
  [1800/8192] done
  [2000/8192] done
  [2200/8192] done
  [2400/8192] done
  [2600/8192] done
  [2800/8192] done
  [3000/8192] done
  [3200/8192] done
  [3400/8192] done
  [3600/8192] done
  [3800/8192] done
  [4000/8192] done
  [4200/8192] done
  [4400/8192] done
  [4600/8192] done
  [4800/8192] done
  [5000/8192] done
  [5200/8192] done
  [5400/8192] done
  [5600/8192] done
  [5800/8192] done
  [6000/8192] done
  [6200/8192] done
  [6400/8192] done
  [6600/8192] done
  [6800/8192] done
  [7000/8192] done
  [7200/8192] done
  [7400/8192] done
  [7600/8192] done
  [7800/8192] done
  [8000/8192] done
  [8192/8192] done
Wrote /sdf/home/m/miaed/tmo_exp/tmo101347625/scratch/miaed_mnis_data/mrco_h5_svd/2d_svd_r4_test/even-dist_Files.040_processed_svd2d_r4.h5
Processing 8192 groups: /sdf/home/m/miaed/tmo_exp/tmo101347625/scratch/miaed_mnis_data/mrco_h5/test/even-dist_Files.048_processed.h5 -> /sdf/home/m/miaed/tmo_exp/tmo101347625/scratch/miaed_mnis_data/mrco_h5_svd/2d_svd_r4_test/even-dist_Files.048_processed_svd2d_r4.h5
  [200/8192] done
  [400/8192] done
  [600/8192] done
  [800/8192] done
  [1000/8192] done
  [1200/8192] done
  [1400/8192] done
  [1600/8192] done
  [1800/8192] done
  [2000/8192] done
  [2200/8192] done
  [2400/8192] done
  [2600/8192] done
  [2800/8192] done
  [3000/8192] done
  [3200/8192] done
  [3400/8192] done
  [3600/8192] done
  [3800/8192] done
  [4000/8192] done
  [4200/8192] done
  [4400/8192] done
  [4600/8192] done
  [4800/8192] done
  [5000/8192] done
  [5200/8192] done
  [5400/8192] done
  [5600/8192] done
  [5800/8192] done
  [6000/8192] done
  [6200/8192] done
  [6400/8192] done
  [6600/8192] done
  [6800/8192] done
  [7000/8192] done
  [7200/8192] done
  [7400/8192] done
  [7600/8192] done
  [7800/8192] done
  [8000/8192] done
  [8192/8192] done
Wrote /sdf/home/m/miaed/tmo_exp/tmo101347625/scratch/miaed_mnis_data/mrco_h5_svd/2d_svd_r4_test/even-dist_Files.048_processed_svd2d_r4.h5
Processing 8192 groups: /sdf/home/m/miaed/tmo_exp/tmo101347625/scratch/miaed_mnis_data/mrco_h5/test/even-dist_Files.050_processed.h5 -> /sdf/home/m/miaed/tmo_exp/tmo101347625/scratch/miaed_mnis_data/mrco_h5_svd/2d_svd_r4_test/even-dist_Files.050_processed_svd2d_r4.h5
  [200/8192] done
  [400/8192] done
  [600/8192] done
  [800/8192] done
  [1000/8192] done
  [1200/8192] done
  [1400/8192] done
  [1600/8192] done
  [1800/8192] done
  [2000/8192] done
  [2200/8192] done
  [2400/8192] done
  [2600/8192] done
  [2800/8192] done
  [3000/8192] done
  [3200/8192] done
  [3400/8192] done
  [3600/8192] done
  [3800/8192] done
  [4000/8192] done
  [4200/8192] done
  [4400/8192] done
  [4600/8192] done
  [4800/8192] done
  [5000/8192] done
  [5200/8192] done
  [5400/8192] done
  [5600/8192] done
  [5800/8192] done
  [6000/8192] done
  [6200/8192] done
  [6400/8192] done
  [6600/8192] done
  [6800/8192] done
  [7000/8192] done
  [7200/8192] done
  [7400/8192] done
  [7600/8192] done
  [7800/8192] done
  [8000/8192] done
  [8192/8192] done
Wrote /sdf/home/m/miaed/tmo_exp/tmo101347625/scratch/miaed_mnis_data/mrco_h5_svd/2d_svd_r4_test/even-dist_Files.050_processed_svd2d_r4.h5
Processing 8192 groups: /sdf/home/m/miaed/tmo_exp/tmo101347625/scratch/miaed_mnis_data/mrco_h5/test/even-dist_Files.052_processed.h5 -> /sdf/home/m/miaed/tmo_exp/tmo101347625/scratch/miaed_mnis_data/mrco_h5_svd/2d_svd_r4_test/even-dist_Files.052_processed_svd2d_r4.h5
  [200/8192] done
  [400/8192] done
  [600/8192] done
  [800/8192] done
  [1000/8192] done
  [1200/8192] done
  [1400/8192] done
  [1600/8192] done
  [1800/8192] done
  [2000/8192] done
  [2200/8192] done
  [2400/8192] done
  [2600/8192] done
  [2800/8192] done
  [3000/8192] done
  [3200/8192] done
  [3400/8192] done
  [3600/8192] done
  [3800/8192] done
  [4000/8192] done
  [4200/8192] done
  [4400/8192] done
  [4600/8192] done
  [4800/8192] done
  [5000/8192] done
  [5200/8192] done
  [5400/8192] done
  [5600/8192] done
  [5800/8192] done
  [6000/8192] done
  [6200/8192] done
  [6400/8192] done
  [6600/8192] done
  [6800/8192] done
  [7000/8192] done
  [7200/8192] done
  [7400/8192] done
  [7600/8192] done
  [7800/8192] done
  [8000/8192] done
  [8192/8192] done
Wrote /sdf/home/m/miaed/tmo_exp/tmo101347625/scratch/miaed_mnis_data/mrco_h5_svd/2d_svd_r4_test/even-dist_Files.052_processed_svd2d_r4.h5
Processing 8192 groups: /sdf/home/m/miaed/tmo_exp/tmo101347625/scratch/miaed_mnis_data/mrco_h5/test/Even_Distribution_Pulses_Processed_test_even-dist_Files.003_processed.h5 -> /sdf/home/m/miaed/tmo_exp/tmo101347625/scratch/miaed_mnis_data/mrco_h5_svd/2d_svd_r4_test/Even_Distribution_Pulses_Processed_test_even-dist_Files.003_processed_svd2d_r4.h5
  [200/8192] done
  [400/8192] done
  [600/8192] done
  [800/8192] done
  [1000/8192] done
  [1200/8192] done
  [1400/8192] done
  [1600/8192] done
  [1800/8192] done
  [2000/8192] done
  [2200/8192] done
  [2400/8192] done
  [2600/8192] done
  [2800/8192] done
  [3000/8192] done
  [3200/8192] done
  [3400/8192] done
  [3600/8192] done
  [3800/8192] done
  [4000/8192] done
  [4200/8192] done
  [4400/8192] done
  [4600/8192] done
  [4800/8192] done
  [5000/8192] done
  [5200/8192] done
  [5400/8192] done
  [5600/8192] done
  [5800/8192] done
  [6000/8192] done
  [6200/8192] done
  [6400/8192] done
  [6600/8192] done
  [6800/8192] done
  [7000/8192] done
  [7200/8192] done
  [7400/8192] done
  [7600/8192] done
  [7800/8192] done
  [8000/8192] done
  [8192/8192] done
Wrote /sdf/home/m/miaed/tmo_exp/tmo101347625/scratch/miaed_mnis_data/mrco_h5_svd/2d_svd_r4_test/Even_Distribution_Pulses_Processed_test_even-dist_Files.003_processed_svd2d_r4.h5
=== mode=2d rank=4 split=train: /sdf/home/m/miaed/tmo_exp/tmo101347625/scratch/miaed_mnis_data/mrco_h5/train -> /sdf/home/m/miaed/tmo_exp/tmo101347625/scratch/miaed_mnis_data/mrco_h5_svd/2d_svd_r4_train ===
Processing 8192 groups: /sdf/home/m/miaed/tmo_exp/tmo101347625/scratch/miaed_mnis_data/mrco_h5/train/even-dist_Files.003_processed.h5 -> /sdf/home/m/miaed/tmo_exp/tmo101347625/scratch/miaed_mnis_data/mrco_h5_svd/2d_svd_r4_train/even-dist_Files.003_processed_svd2d_r4.h5
  [200/8192] done
  [400/8192] done
  [600/8192] done
  [800/8192] done
  [1000/8192] done
  [1200/8192] done
  [1400/8192] done
  [1600/8192] done
  [1800/8192] done
  [2000/8192] done
  [2200/8192] done
  [2400/8192] done
  [2600/8192] done
  [2800/8192] done
  [3000/8192] done
  [3200/8192] done
  [3400/8192] done
  [3600/8192] done
  [3800/8192] done
  [4000/8192] done
  [4200/8192] done
  [4400/8192] done
  [4600/8192] done
  [4800/8192] done
  [5000/8192] done
  [5200/8192] done
  [5400/8192] done
  [5600/8192] done
  [5800/8192] done
  [6000/8192] done
  [6200/8192] done
  [6400/8192] done
  [6600/8192] done
  [6800/8192] done
  [7000/8192] done
  [7200/8192] done
  [7400/8192] done
  [7600/8192] done
  [7800/8192] done
  [8000/8192] done
  [8192/8192] done
Wrote /sdf/home/m/miaed/tmo_exp/tmo101347625/scratch/miaed_mnis_data/mrco_h5_svd/2d_svd_r4_train/even-dist_Files.003_processed_svd2d_r4.h5
Processing 8192 groups: /sdf/home/m/miaed/tmo_exp/tmo101347625/scratch/miaed_mnis_data/mrco_h5/train/even-dist_Files.001_processed.h5 -> /sdf/home/m/miaed/tmo_exp/tmo101347625/scratch/miaed_mnis_data/mrco_h5_svd/2d_svd_r4_train/even-dist_Files.001_processed_svd2d_r4.h5
  [200/8192] done
  [400/8192] done
  [600/8192] done
  [800/8192] done
  [1000/8192] done
  [1200/8192] done
  [1400/8192] done
  [1600/8192] done
  [1800/8192] done
  [2000/8192] done
  [2200/8192] done
  [2400/8192] done
  [2600/8192] done
  [2800/8192] done
  [3000/8192] done
  [3200/8192] done
  [3400/8192] done
  [3600/8192] done
  [3800/8192] done
  [4000/8192] done
  [4200/8192] done
  [4400/8192] done
  [4600/8192] done
  [4800/8192] done
  [5000/8192] done
  [5200/8192] done
  [5400/8192] done
  [5600/8192] done
  [5800/8192] done
  [6000/8192] done
  [6200/8192] done
  [6400/8192] done
  [6600/8192] done
  [6800/8192] done
  [7000/8192] done
  [7200/8192] done
  [7400/8192] done
  [7600/8192] done
  [7800/8192] done
  [8000/8192] done
  [8192/8192] done
Wrote /sdf/home/m/miaed/tmo_exp/tmo101347625/scratch/miaed_mnis_data/mrco_h5_svd/2d_svd_r4_train/even-dist_Files.001_processed_svd2d_r4.h5
Processing 8192 groups: /sdf/home/m/miaed/tmo_exp/tmo101347625/scratch/miaed_mnis_data/mrco_h5/train/even-dist_Files.004_processed.h5 -> /sdf/home/m/miaed/tmo_exp/tmo101347625/scratch/miaed_mnis_data/mrco_h5_svd/2d_svd_r4_train/even-dist_Files.004_processed_svd2d_r4.h5
  [200/8192] done
  [400/8192] done
  [600/8192] done
  [800/8192] done
  [1000/8192] done
  [1200/8192] done
  [1400/8192] done
  [1600/8192] done
  [1800/8192] done
  [2000/8192] done
  [2200/8192] done
  [2400/8192] done
  [2600/8192] done
  [2800/8192] done
  [3000/8192] done
  [3200/8192] done
  [3400/8192] done
  [3600/8192] done
  [3800/8192] done
  [4000/8192] done
  [4200/8192] done
  [4400/8192] done
  [4600/8192] done
  [4800/8192] done
  [5000/8192] done
  [5200/8192] done
  [5400/8192] done
  [5600/8192] done
  [5800/8192] done
  [6000/8192] done
  [6200/8192] done
  [6400/8192] done
  [6600/8192] done
  [6800/8192] done
  [7000/8192] done
  [7200/8192] done
  [7400/8192] done
  [7600/8192] done
  [7800/8192] done
  [8000/8192] done
  [8192/8192] done
Wrote /sdf/home/m/miaed/tmo_exp/tmo101347625/scratch/miaed_mnis_data/mrco_h5_svd/2d_svd_r4_train/even-dist_Files.004_processed_svd2d_r4.h5
Processing 8192 groups: /sdf/home/m/miaed/tmo_exp/tmo101347625/scratch/miaed_mnis_data/mrco_h5/train/even-dist_Files.002_processed.h5 -> /sdf/home/m/miaed/tmo_exp/tmo101347625/scratch/miaed_mnis_data/mrco_h5_svd/2d_svd_r4_train/even-dist_Files.002_processed_svd2d_r4.h5
  [200/8192] done
  [400/8192] done
  [600/8192] done
  [800/8192] done
  [1000/8192] done
  [1200/8192] done
  [1400/8192] done
  [1600/8192] done
  [1800/8192] done
  [2000/8192] done
  [2200/8192] done
  [2400/8192] done
  [2600/8192] done
  [2800/8192] done
  [3000/8192] done
  [3200/8192] done
  [3400/8192] done
  [3600/8192] done
  [3800/8192] done
  [4000/8192] done
  [4200/8192] done
  [4400/8192] done
  [4600/8192] done
  [4800/8192] done
  [5000/8192] done
  [5200/8192] done
  [5400/8192] done
  [5600/8192] done
  [5800/8192] done
  [6000/8192] done
  [6200/8192] done
  [6400/8192] done
  [6600/8192] done
  [6800/8192] done
  [7000/8192] done
  [7200/8192] done
  [7400/8192] done
  [7600/8192] done
  [7800/8192] done
  [8000/8192] done
  [8192/8192] done
Wrote /sdf/home/m/miaed/tmo_exp/tmo101347625/scratch/miaed_mnis_data/mrco_h5_svd/2d_svd_r4_train/even-dist_Files.002_processed_svd2d_r4.h5
Processing 8192 groups: /sdf/home/m/miaed/tmo_exp/tmo101347625/scratch/miaed_mnis_data/mrco_h5/train/even-dist_Files.007_processed.h5 -> /sdf/home/m/miaed/tmo_exp/tmo101347625/scratch/miaed_mnis_data/mrco_h5_svd/2d_svd_r4_train/even-dist_Files.007_processed_svd2d_r4.h5
  [200/8192] done
  [400/8192] done
  [600/8192] done
  [800/8192] done
  [1000/8192] done
  [1200/8192] done
  [1400/8192] done
  [1600/8192] done
  [1800/8192] done
  [2000/8192] done
  [2200/8192] done
  [2400/8192] done
  [2600/8192] done
  [2800/8192] done
  [3000/8192] done
  [3200/8192] done
  [3400/8192] done
  [3600/8192] done
  [3800/8192] done
  [4000/8192] done
  [4200/8192] done
  [4400/8192] done
  [4600/8192] done
  [4800/8192] done
  [5000/8192] done
  [5200/8192] done
  [5400/8192] done
  [5600/8192] done
  [5800/8192] done
  [6000/8192] done
  [6200/8192] done
  [6400/8192] done
  [6600/8192] done
  [6800/8192] done
  [7000/8192] done
  [7200/8192] done
  [7400/8192] done
  [7600/8192] done
  [7800/8192] done
  [8000/8192] done
  [8192/8192] done
Wrote /sdf/home/m/miaed/tmo_exp/tmo101347625/scratch/miaed_mnis_data/mrco_h5_svd/2d_svd_r4_train/even-dist_Files.007_processed_svd2d_r4.h5
Processing 8192 groups: /sdf/home/m/miaed/tmo_exp/tmo101347625/scratch/miaed_mnis_data/mrco_h5/train/even-dist_Files.005_processed.h5 -> /sdf/home/m/miaed/tmo_exp/tmo101347625/scratch/miaed_mnis_data/mrco_h5_svd/2d_svd_r4_train/even-dist_Files.005_processed_svd2d_r4.h5
  [200/8192] done
  [400/8192] done
  [600/8192] done
  [800/8192] done
  [1000/8192] done
  [1200/8192] done
  [1400/8192] done
  [1600/8192] done
  [1800/8192] done
  [2000/8192] done
  [2200/8192] done
  [2400/8192] done
  [2600/8192] done
  [2800/8192] done
  [3000/8192] done
  [3200/8192] done
  [3400/8192] done
  [3600/8192] done
  [3800/8192] done
  [4000/8192] done
  [4200/8192] done
  [4400/8192] done
  [4600/8192] done
  [4800/8192] done
  [5000/8192] done
  [5200/8192] done
  [5400/8192] done
  [5600/8192] done
  [5800/8192] done
  [6000/8192] done
  [6200/8192] done
  [6400/8192] done
  [6600/8192] done
  [6800/8192] done
  [7000/8192] done
  [7200/8192] done
  [7400/8192] done
  [7600/8192] done
  [7800/8192] done
  [8000/8192] done
  [8192/8192] done
Wrote /sdf/home/m/miaed/tmo_exp/tmo101347625/scratch/miaed_mnis_data/mrco_h5_svd/2d_svd_r4_train/even-dist_Files.005_processed_svd2d_r4.h5
Processing 8192 groups: /sdf/home/m/miaed/tmo_exp/tmo101347625/scratch/miaed_mnis_data/mrco_h5/train/even-dist_Files.008_processed.h5 -> /sdf/home/m/miaed/tmo_exp/tmo101347625/scratch/miaed_mnis_data/mrco_h5_svd/2d_svd_r4_train/even-dist_Files.008_processed_svd2d_r4.h5
  [200/8192] done
  [400/8192] done
  [600/8192] done
  [800/8192] done
  [1000/8192] done
  [1200/8192] done
  [1400/8192] done
  [1600/8192] done
  [1800/8192] done
  [2000/8192] done
  [2200/8192] done
  [2400/8192] done
  [2600/8192] done
  [2800/8192] done
  [3000/8192] done
  [3200/8192] done
  [3400/8192] done
  [3600/8192] done
  [3800/8192] done
  [4000/8192] done
  [4200/8192] done
  [4400/8192] done
  [4600/8192] done
  [4800/8192] done
  [5000/8192] done
  [5200/8192] done
  [5400/8192] done
  [5600/8192] done
  [5800/8192] done
  [6000/8192] done
  [6200/8192] done
  [6400/8192] done
  [6600/8192] done
  [6800/8192] done
  [7000/8192] done
  [7200/8192] done
  [7400/8192] done
  [7600/8192] done
  [7800/8192] done
  [8000/8192] done
  [8192/8192] done
Wrote /sdf/home/m/miaed/tmo_exp/tmo101347625/scratch/miaed_mnis_data/mrco_h5_svd/2d_svd_r4_train/even-dist_Files.008_processed_svd2d_r4.h5
Processing 8192 groups: /sdf/home/m/miaed/tmo_exp/tmo101347625/scratch/miaed_mnis_data/mrco_h5/train/even-dist_Files.006_processed.h5 -> /sdf/home/m/miaed/tmo_exp/tmo101347625/scratch/miaed_mnis_data/mrco_h5_svd/2d_svd_r4_train/even-dist_Files.006_processed_svd2d_r4.h5
  [200/8192] done
  [400/8192] done
  [600/8192] done
  [800/8192] done
  [1000/8192] done
  [1200/8192] done
  [1400/8192] done
  [1600/8192] done
  [1800/8192] done
  [2000/8192] done
  [2200/8192] done
  [2400/8192] done
  [2600/8192] done
  [2800/8192] done
  [3000/8192] done
  [3200/8192] done
  [3400/8192] done
  [3600/8192] done
  [3800/8192] done
  [4000/8192] done
  [4200/8192] done
  [4400/8192] done
  [4600/8192] done
  [4800/8192] done
  [5000/8192] done
  [5200/8192] done
  [5400/8192] done
  [5600/8192] done
  [5800/8192] done
  [6000/8192] done
  [6200/8192] done
  [6400/8192] done
  [6600/8192] done
  [6800/8192] done
  [7000/8192] done
  [7200/8192] done
  [7400/8192] done
  [7600/8192] done
  [7800/8192] done
  [8000/8192] done
  [8192/8192] done
Wrote /sdf/home/m/miaed/tmo_exp/tmo101347625/scratch/miaed_mnis_data/mrco_h5_svd/2d_svd_r4_train/even-dist_Files.006_processed_svd2d_r4.h5
Processing 8192 groups: /sdf/home/m/miaed/tmo_exp/tmo101347625/scratch/miaed_mnis_data/mrco_h5/train/even-dist_Files.016_processed.h5 -> /sdf/home/m/miaed/tmo_exp/tmo101347625/scratch/miaed_mnis_data/mrco_h5_svd/2d_svd_r4_train/even-dist_Files.016_processed_svd2d_r4.h5
  [200/8192] done
  [400/8192] done
  [600/8192] done
  [800/8192] done
  [1000/8192] done
  [1200/8192] done
  [1400/8192] done
  [1600/8192] done
  [1800/8192] done
  [2000/8192] done
  [2200/8192] done
  [2400/8192] done
  [2600/8192] done
  [2800/8192] done
  [3000/8192] done
  [3200/8192] done
  [3400/8192] done
  [3600/8192] done
  [3800/8192] done
  [4000/8192] done
  [4200/8192] done
  [4400/8192] done
  [4600/8192] done
  [4800/8192] done
  [5000/8192] done
  [5200/8192] done
  [5400/8192] done
  [5600/8192] done
  [5800/8192] done
  [6000/8192] done
  [6200/8192] done
  [6400/8192] done
  [6600/8192] done
  [6800/8192] done
  [7000/8192] done
  [7200/8192] done
  [7400/8192] done
  [7600/8192] done
  [7800/8192] done
  [8000/8192] done
  [8192/8192] done
Wrote /sdf/home/m/miaed/tmo_exp/tmo101347625/scratch/miaed_mnis_data/mrco_h5_svd/2d_svd_r4_train/even-dist_Files.016_processed_svd2d_r4.h5
Processing 8192 groups: /sdf/home/m/miaed/tmo_exp/tmo101347625/scratch/miaed_mnis_data/mrco_h5/train/even-dist_Files.009_processed.h5 -> /sdf/home/m/miaed/tmo_exp/tmo101347625/scratch/miaed_mnis_data/mrco_h5_svd/2d_svd_r4_train/even-dist_Files.009_processed_svd2d_r4.h5
  [200/8192] done
  [400/8192] done
  [600/8192] done
  [800/8192] done
  [1000/8192] done
  [1200/8192] done
  [1400/8192] done
  [1600/8192] done
  [1800/8192] done
  [2000/8192] done
  [2200/8192] done
  [2400/8192] done
  [2600/8192] done
  [2800/8192] done
  [3000/8192] done
  [3200/8192] done
  [3400/8192] done
  [3600/8192] done
  [3800/8192] done
  [4000/8192] done
  [4200/8192] done
  [4400/8192] done
  [4600/8192] done
  [4800/8192] done
  [5000/8192] done
  [5200/8192] done
  [5400/8192] done
  [5600/8192] done
  [5800/8192] done
  [6000/8192] done
  [6200/8192] done
  [6400/8192] done
  [6600/8192] done
  [6800/8192] done
  [7000/8192] done
  [7200/8192] done
  [7400/8192] done
  [7600/8192] done
  [7800/8192] done
  [8000/8192] done
  [8192/8192] done
Wrote /sdf/home/m/miaed/tmo_exp/tmo101347625/scratch/miaed_mnis_data/mrco_h5_svd/2d_svd_r4_train/even-dist_Files.009_processed_svd2d_r4.h5
Processing 8192 groups: /sdf/home/m/miaed/tmo_exp/tmo101347625/scratch/miaed_mnis_data/mrco_h5/train/even-dist_Files.017_processed.h5 -> /sdf/home/m/miaed/tmo_exp/tmo101347625/scratch/miaed_mnis_data/mrco_h5_svd/2d_svd_r4_train/even-dist_Files.017_processed_svd2d_r4.h5
  [200/8192] done
  [400/8192] done
  [600/8192] done
  [800/8192] done
  [1000/8192] done
  [1200/8192] done
  [1400/8192] done
  [1600/8192] done
  [1800/8192] done
  [2000/8192] done
  [2200/8192] done
  [2400/8192] done
  [2600/8192] done
  [2800/8192] done
  [3000/8192] done
  [3200/8192] done
  [3400/8192] done
  [3600/8192] done
  [3800/8192] done
  [4000/8192] done
  [4200/8192] done
  [4400/8192] done
  [4600/8192] done
  [4800/8192] done
  [5000/8192] done
  [5200/8192] done
  [5400/8192] done
  [5600/8192] done
  [5800/8192] done
  [6000/8192] done
  [6200/8192] done
  [6400/8192] done
  [6600/8192] done
  [6800/8192] done
  [7000/8192] done
  [7200/8192] done
  [7400/8192] done
  [7600/8192] done
  [7800/8192] done
  [8000/8192] done
  [8192/8192] done
Wrote /sdf/home/m/miaed/tmo_exp/tmo101347625/scratch/miaed_mnis_data/mrco_h5_svd/2d_svd_r4_train/even-dist_Files.017_processed_svd2d_r4.h5
Processing 8192 groups: /sdf/home/m/miaed/tmo_exp/tmo101347625/scratch/miaed_mnis_data/mrco_h5/train/even-dist_Files.018_processed.h5 -> /sdf/home/m/miaed/tmo_exp/tmo101347625/scratch/miaed_mnis_data/mrco_h5_svd/2d_svd_r4_train/even-dist_Files.018_processed_svd2d_r4.h5
  [200/8192] done
  [400/8192] done
  [600/8192] done
  [800/8192] done
  [1000/8192] done
  [1200/8192] done
  [1400/8192] done
  [1600/8192] done
  [1800/8192] done
  [2000/8192] done
  [2200/8192] done
  [2400/8192] done
  [2600/8192] done
  [2800/8192] done
  [3000/8192] done
  [3200/8192] done
  [3400/8192] done
  [3600/8192] done
  [3800/8192] done
  [4000/8192] done
  [4200/8192] done
  [4400/8192] done
  [4600/8192] done
  [4800/8192] done
  [5000/8192] done
  [5200/8192] done
  [5400/8192] done
  [5600/8192] done
  [5800/8192] done
  [6000/8192] done
  [6200/8192] done
  [6400/8192] done
  [6600/8192] done
  [6800/8192] done
  [7000/8192] done
  [7200/8192] done
  [7400/8192] done
  [7600/8192] done
  [7800/8192] done
  [8000/8192] done
  [8192/8192] done
Wrote /sdf/home/m/miaed/tmo_exp/tmo101347625/scratch/miaed_mnis_data/mrco_h5_svd/2d_svd_r4_train/even-dist_Files.018_processed_svd2d_r4.h5
Processing 8192 groups: /sdf/home/m/miaed/tmo_exp/tmo101347625/scratch/miaed_mnis_data/mrco_h5/train/even-dist_Files.021_processed.h5 -> /sdf/home/m/miaed/tmo_exp/tmo101347625/scratch/miaed_mnis_data/mrco_h5_svd/2d_svd_r4_train/even-dist_Files.021_processed_svd2d_r4.h5
  [200/8192] done
  [400/8192] done
  [600/8192] done
  [800/8192] done
  [1000/8192] done
  [1200/8192] done
  [1400/8192] done
  [1600/8192] done
  [1800/8192] done
  [2000/8192] done
  [2200/8192] done
  [2400/8192] done
  [2600/8192] done
  [2800/8192] done
  [3000/8192] done
  [3200/8192] done
  [3400/8192] done
  [3600/8192] done
  [3800/8192] done
  [4000/8192] done
  [4200/8192] done
  [4400/8192] done
  [4600/8192] done
  [4800/8192] done
  [5000/8192] done
  [5200/8192] done
  [5400/8192] done
  [5600/8192] done
  [5800/8192] done
  [6000/8192] done
  [6200/8192] done
  [6400/8192] done
  [6600/8192] done
  [6800/8192] done
  [7000/8192] done
  [7200/8192] done
  [7400/8192] done
  [7600/8192] done
  [7800/8192] done
  [8000/8192] done
  [8192/8192] done
Wrote /sdf/home/m/miaed/tmo_exp/tmo101347625/scratch/miaed_mnis_data/mrco_h5_svd/2d_svd_r4_train/even-dist_Files.021_processed_svd2d_r4.h5
Processing 8192 groups: /sdf/home/m/miaed/tmo_exp/tmo101347625/scratch/miaed_mnis_data/mrco_h5/train/even-dist_Files.019_processed.h5 -> /sdf/home/m/miaed/tmo_exp/tmo101347625/scratch/miaed_mnis_data/mrco_h5_svd/2d_svd_r4_train/even-dist_Files.019_processed_svd2d_r4.h5
  [200/8192] done
  [400/8192] done
  [600/8192] done
  [800/8192] done
  [1000/8192] done
  [1200/8192] done
  [1400/8192] done
  [1600/8192] done
  [1800/8192] done
  [2000/8192] done
  [2200/8192] done
  [2400/8192] done
  [2600/8192] done
  [2800/8192] done
  [3000/8192] done
  [3200/8192] done
  [3400/8192] done
  [3600/8192] done
  [3800/8192] done
  [4000/8192] done
  [4200/8192] done
  [4400/8192] done
  [4600/8192] done
  [4800/8192] done
  [5000/8192] done
  [5200/8192] done
  [5400/8192] done
  [5600/8192] done
  [5800/8192] done
  [6000/8192] done
  [6200/8192] done
  [6400/8192] done
  [6600/8192] done
  [6800/8192] done
  [7000/8192] done
  [7200/8192] done
  [7400/8192] done
  [7600/8192] done
  [7800/8192] done
  [8000/8192] done
  [8192/8192] done
Wrote /sdf/home/m/miaed/tmo_exp/tmo101347625/scratch/miaed_mnis_data/mrco_h5_svd/2d_svd_r4_train/even-dist_Files.019_processed_svd2d_r4.h5
Processing 8192 groups: /sdf/home/m/miaed/tmo_exp/tmo101347625/scratch/miaed_mnis_data/mrco_h5/train/even-dist_Files.020_processed.h5 -> /sdf/home/m/miaed/tmo_exp/tmo101347625/scratch/miaed_mnis_data/mrco_h5_svd/2d_svd_r4_train/even-dist_Files.020_processed_svd2d_r4.h5
  [200/8192] done
  [400/8192] done
  [600/8192] done
  [800/8192] done
  [1000/8192] done
  [1200/8192] done
  [1400/8192] done
  [1600/8192] done
  [1800/8192] done
  [2000/8192] done
  [2200/8192] done
  [2400/8192] done
  [2600/8192] done
  [2800/8192] done
  [3000/8192] done
  [3200/8192] done
  [3400/8192] done
  [3600/8192] done
  [3800/8192] done
  [4000/8192] done
  [4200/8192] done
  [4400/8192] done
  [4600/8192] done
  [4800/8192] done
  [5000/8192] done
  [5200/8192] done
  [5400/8192] done
  [5600/8192] done
  [5800/8192] done
  [6000/8192] done
  [6200/8192] done
  [6400/8192] done
  [6600/8192] done
  [6800/8192] done
  [7000/8192] done
  [7200/8192] done
  [7400/8192] done
  [7600/8192] done
  [7800/8192] done
  [8000/8192] done
  [8192/8192] done
Wrote /sdf/home/m/miaed/tmo_exp/tmo101347625/scratch/miaed_mnis_data/mrco_h5_svd/2d_svd_r4_train/even-dist_Files.020_processed_svd2d_r4.h5
Processing 8192 groups: /sdf/home/m/miaed/tmo_exp/tmo101347625/scratch/miaed_mnis_data/mrco_h5/train/even-dist_Files.022_processed.h5 -> /sdf/home/m/miaed/tmo_exp/tmo101347625/scratch/miaed_mnis_data/mrco_h5_svd/2d_svd_r4_train/even-dist_Files.022_processed_svd2d_r4.h5
  [200/8192] done
  [400/8192] done
  [600/8192] done
  [800/8192] done
  [1000/8192] done
  [1200/8192] done
  [1400/8192] done
  [1600/8192] done
  [1800/8192] done
  [2000/8192] done
  [2200/8192] done
  [2400/8192] done
  [2600/8192] done
  [2800/8192] done
  [3000/8192] done
  [3200/8192] done
  [3400/8192] done
  [3600/8192] done
  [3800/8192] done
  [4000/8192] done
  [4200/8192] done
  [4400/8192] done
  [4600/8192] done
  [4800/8192] done
  [5000/8192] done
  [5200/8192] done
  [5400/8192] done
  [5600/8192] done
  [5800/8192] done
  [6000/8192] done
  [6200/8192] done
  [6400/8192] done
  [6600/8192] done
  [6800/8192] done
  [7000/8192] done
  [7200/8192] done
  [7400/8192] done
  [7600/8192] done
  [7800/8192] done
  [8000/8192] done
  [8192/8192] done
Wrote /sdf/home/m/miaed/tmo_exp/tmo101347625/scratch/miaed_mnis_data/mrco_h5_svd/2d_svd_r4_train/even-dist_Files.022_processed_svd2d_r4.h5
Processing 8192 groups: /sdf/home/m/miaed/tmo_exp/tmo101347625/scratch/miaed_mnis_data/mrco_h5/train/even-dist_Files.023_processed.h5 -> /sdf/home/m/miaed/tmo_exp/tmo101347625/scratch/miaed_mnis_data/mrco_h5_svd/2d_svd_r4_train/even-dist_Files.023_processed_svd2d_r4.h5
  [200/8192] done
  [400/8192] done
  [600/8192] done
  [800/8192] done
  [1000/8192] done
  [1200/8192] done
  [1400/8192] done
  [1600/8192] done
  [1800/8192] done
  [2000/8192] done
  [2200/8192] done
  [2400/8192] done
  [2600/8192] done
  [2800/8192] done
  [3000/8192] done
  [3200/8192] done
  [3400/8192] done
  [3600/8192] done
  [3800/8192] done
  [4000/8192] done
  [4200/8192] done
  [4400/8192] done
  [4600/8192] done
  [4800/8192] done
  [5000/8192] done
  [5200/8192] done
  [5400/8192] done
  [5600/8192] done
  [5800/8192] done
  [6000/8192] done
  [6200/8192] done
  [6400/8192] done
  [6600/8192] done
  [6800/8192] done
  [7000/8192] done
  [7200/8192] done
  [7400/8192] done
  [7600/8192] done
  [7800/8192] done
  [8000/8192] done
  [8192/8192] done
Wrote /sdf/home/m/miaed/tmo_exp/tmo101347625/scratch/miaed_mnis_data/mrco_h5_svd/2d_svd_r4_train/even-dist_Files.023_processed_svd2d_r4.h5
Processing 8192 groups: /sdf/home/m/miaed/tmo_exp/tmo101347625/scratch/miaed_mnis_data/mrco_h5/train/even-dist_Files.024_processed.h5 -> /sdf/home/m/miaed/tmo_exp/tmo101347625/scratch/miaed_mnis_data/mrco_h5_svd/2d_svd_r4_train/even-dist_Files.024_processed_svd2d_r4.h5
  [200/8192] done
  [400/8192] done
  [600/8192] done
  [800/8192] done
  [1000/8192] done
  [1200/8192] done
  [1400/8192] done
  [1600/8192] done
  [1800/8192] done
  [2000/8192] done
  [2200/8192] done
  [2400/8192] done
  [2600/8192] done
  [2800/8192] done
  [3000/8192] done
  [3200/8192] done
  [3400/8192] done
  [3600/8192] done
  [3800/8192] done
  [4000/8192] done
  [4200/8192] done
  [4400/8192] done
  [4600/8192] done
  [4800/8192] done
  [5000/8192] done
  [5200/8192] done
  [5400/8192] done
  [5600/8192] done
  [5800/8192] done
  [6000/8192] done
  [6200/8192] done
  [6400/8192] done
  [6600/8192] done
  [6800/8192] done
  [7000/8192] done
  [7200/8192] done
  [7400/8192] done
  [7600/8192] done
  [7800/8192] done
  [8000/8192] done
  [8192/8192] done
Wrote /sdf/home/m/miaed/tmo_exp/tmo101347625/scratch/miaed_mnis_data/mrco_h5_svd/2d_svd_r4_train/even-dist_Files.024_processed_svd2d_r4.h5
Processing 8192 groups: /sdf/home/m/miaed/tmo_exp/tmo101347625/scratch/miaed_mnis_data/mrco_h5/train/even-dist_Files.025_processed.h5 -> /sdf/home/m/miaed/tmo_exp/tmo101347625/scratch/miaed_mnis_data/mrco_h5_svd/2d_svd_r4_train/even-dist_Files.025_processed_svd2d_r4.h5
  [200/8192] done
  [400/8192] done
  [600/8192] done
  [800/8192] done
  [1000/8192] done
  [1200/8192] done
  [1400/8192] done
  [1600/8192] done
  [1800/8192] done
  [2000/8192] done
  [2200/8192] done
  [2400/8192] done
  [2600/8192] done
  [2800/8192] done
  [3000/8192] done
  [3200/8192] done
  [3400/8192] done
  [3600/8192] done
  [3800/8192] done
  [4000/8192] done
  [4200/8192] done
  [4400/8192] done
  [4600/8192] done
  [4800/8192] done
  [5000/8192] done
  [5200/8192] done
  [5400/8192] done
  [5600/8192] done
  [5800/8192] done
  [6000/8192] done
  [6200/8192] done
  [6400/8192] done
  [6600/8192] done
  [6800/8192] done
  [7000/8192] done
  [7200/8192] done
  [7400/8192] done
  [7600/8192] done
  [7800/8192] done
  [8000/8192] done
  [8192/8192] done
Wrote /sdf/home/m/miaed/tmo_exp/tmo101347625/scratch/miaed_mnis_data/mrco_h5_svd/2d_svd_r4_train/even-dist_Files.025_processed_svd2d_r4.h5
Processing 8192 groups: /sdf/home/m/miaed/tmo_exp/tmo101347625/scratch/miaed_mnis_data/mrco_h5/train/even-dist_Files.026_processed.h5 -> /sdf/home/m/miaed/tmo_exp/tmo101347625/scratch/miaed_mnis_data/mrco_h5_svd/2d_svd_r4_train/even-dist_Files.026_processed_svd2d_r4.h5
  [200/8192] done
  [400/8192] done
  [600/8192] done
  [800/8192] done
  [1000/8192] done
  [1200/8192] done
  [1400/8192] done
  [1600/8192] done
  [1800/8192] done
  [2000/8192] done
  [2200/8192] done
  [2400/8192] done
  [2600/8192] done
  [2800/8192] done
  [3000/8192] done
  [3200/8192] done
  [3400/8192] done
  [3600/8192] done
  [3800/8192] done
  [4000/8192] done
  [4200/8192] done
  [4400/8192] done
  [4600/8192] done
  [4800/8192] done
  [5000/8192] done
  [5200/8192] done
  [5400/8192] done
  [5600/8192] done
  [5800/8192] done
  [6000/8192] done
  [6200/8192] done
  [6400/8192] done
  [6600/8192] done
  [6800/8192] done
  [7000/8192] done
  [7200/8192] done
  [7400/8192] done
  [7600/8192] done
  [7800/8192] done
  [8000/8192] done
  [8192/8192] done
Wrote /sdf/home/m/miaed/tmo_exp/tmo101347625/scratch/miaed_mnis_data/mrco_h5_svd/2d_svd_r4_train/even-dist_Files.026_processed_svd2d_r4.h5
Processing 8192 groups: /sdf/home/m/miaed/tmo_exp/tmo101347625/scratch/miaed_mnis_data/mrco_h5/train/even-dist_Files.028_processed.h5 -> /sdf/home/m/miaed/tmo_exp/tmo101347625/scratch/miaed_mnis_data/mrco_h5_svd/2d_svd_r4_train/even-dist_Files.028_processed_svd2d_r4.h5
  [200/8192] done
  [400/8192] done
  [600/8192] done
  [800/8192] done
  [1000/8192] done
  [1200/8192] done
  [1400/8192] done
  [1600/8192] done
  [1800/8192] done
  [2000/8192] done
  [2200/8192] done
  [2400/8192] done
  [2600/8192] done
  [2800/8192] done
  [3000/8192] done
  [3200/8192] done
  [3400/8192] done
  [3600/8192] done
  [3800/8192] done
  [4000/8192] done
  [4200/8192] done
  [4400/8192] done
  [4600/8192] done
  [4800/8192] done
  [5000/8192] done
  [5200/8192] done
  [5400/8192] done
  [5600/8192] done
  [5800/8192] done
  [6000/8192] done
  [6200/8192] done
  [6400/8192] done
  [6600/8192] done
  [6800/8192] done
  [7000/8192] done
  [7200/8192] done
  [7400/8192] done
  [7600/8192] done
  [7800/8192] done
  [8000/8192] done
  [8192/8192] done
Wrote /sdf/home/m/miaed/tmo_exp/tmo101347625/scratch/miaed_mnis_data/mrco_h5_svd/2d_svd_r4_train/even-dist_Files.028_processed_svd2d_r4.h5
Processing 8192 groups: /sdf/home/m/miaed/tmo_exp/tmo101347625/scratch/miaed_mnis_data/mrco_h5/train/even-dist_Files.027_processed.h5 -> /sdf/home/m/miaed/tmo_exp/tmo101347625/scratch/miaed_mnis_data/mrco_h5_svd/2d_svd_r4_train/even-dist_Files.027_processed_svd2d_r4.h5
  [200/8192] done
  [400/8192] done
  [600/8192] done
  [800/8192] done
  [1000/8192] done
  [1200/8192] done
  [1400/8192] done
  [1600/8192] done
  [1800/8192] done
  [2000/8192] done
  [2200/8192] done
  [2400/8192] done
  [2600/8192] done
  [2800/8192] done
  [3000/8192] done
  [3200/8192] done
  [3400/8192] done
  [3600/8192] done
  [3800/8192] done
  [4000/8192] done
  [4200/8192] done
  [4400/8192] done
  [4600/8192] done
  [4800/8192] done
  [5000/8192] done
  [5200/8192] done
  [5400/8192] done
  [5600/8192] done
  [5800/8192] done
  [6000/8192] done
  [6200/8192] done
  [6400/8192] done
  [6600/8192] done
  [6800/8192] done
  [7000/8192] done
  [7200/8192] done
  [7400/8192] done
  [7600/8192] done
  [7800/8192] done
  [8000/8192] done
  [8192/8192] done
Wrote /sdf/home/m/miaed/tmo_exp/tmo101347625/scratch/miaed_mnis_data/mrco_h5_svd/2d_svd_r4_train/even-dist_Files.027_processed_svd2d_r4.h5
Processing 8192 groups: /sdf/home/m/miaed/tmo_exp/tmo101347625/scratch/miaed_mnis_data/mrco_h5/train/even-dist_Files.029_processed.h5 -> /sdf/home/m/miaed/tmo_exp/tmo101347625/scratch/miaed_mnis_data/mrco_h5_svd/2d_svd_r4_train/even-dist_Files.029_processed_svd2d_r4.h5
  [200/8192] done
  [400/8192] done
  [600/8192] done
  [800/8192] done
  [1000/8192] done
  [1200/8192] done
  [1400/8192] done
  [1600/8192] done
  [1800/8192] done
  [2000/8192] done
  [2200/8192] done
  [2400/8192] done
  [2600/8192] done
  [2800/8192] done
  [3000/8192] done
  [3200/8192] done
  [3400/8192] done
  [3600/8192] done
  [3800/8192] done
  [4000/8192] done
  [4200/8192] done
  [4400/8192] done
  [4600/8192] done
  [4800/8192] done
  [5000/8192] done
  [5200/8192] done
  [5400/8192] done
  [5600/8192] done
  [5800/8192] done
  [6000/8192] done
  [6200/8192] done
  [6400/8192] done
  [6600/8192] done
  [6800/8192] done
  [7000/8192] done
  [7200/8192] done
  [7400/8192] done
  [7600/8192] done
  [7800/8192] done
  [8000/8192] done
  [8192/8192] done
Wrote /sdf/home/m/miaed/tmo_exp/tmo101347625/scratch/miaed_mnis_data/mrco_h5_svd/2d_svd_r4_train/even-dist_Files.029_processed_svd2d_r4.h5
Processing 8192 groups: /sdf/home/m/miaed/tmo_exp/tmo101347625/scratch/miaed_mnis_data/mrco_h5/train/even-dist_Files.030_processed.h5 -> /sdf/home/m/miaed/tmo_exp/tmo101347625/scratch/miaed_mnis_data/mrco_h5_svd/2d_svd_r4_train/even-dist_Files.030_processed_svd2d_r4.h5
  [200/8192] done
  [400/8192] done
  [600/8192] done
  [800/8192] done
  [1000/8192] done
  [1200/8192] done
  [1400/8192] done
  [1600/8192] done
  [1800/8192] done
  [2000/8192] done
  [2200/8192] done
  [2400/8192] done
  [2600/8192] done
  [2800/8192] done
  [3000/8192] done
  [3200/8192] done
  [3400/8192] done
  [3600/8192] done
  [3800/8192] done
  [4000/8192] done
  [4200/8192] done
  [4400/8192] done
  [4600/8192] done
  [4800/8192] done
  [5000/8192] done
  [5200/8192] done
  [5400/8192] done
  [5600/8192] done
  [5800/8192] done
  [6000/8192] done
  [6200/8192] done
  [6400/8192] done
  [6600/8192] done
  [6800/8192] done
  [7000/8192] done
  [7200/8192] done
  [7400/8192] done
  [7600/8192] done
  [7800/8192] done
  [8000/8192] done
  [8192/8192] done
Wrote /sdf/home/m/miaed/tmo_exp/tmo101347625/scratch/miaed_mnis_data/mrco_h5_svd/2d_svd_r4_train/even-dist_Files.030_processed_svd2d_r4.h5
Processing 8192 groups: /sdf/home/m/miaed/tmo_exp/tmo101347625/scratch/miaed_mnis_data/mrco_h5/train/even-dist_Files.032_processed.h5 -> /sdf/home/m/miaed/tmo_exp/tmo101347625/scratch/miaed_mnis_data/mrco_h5_svd/2d_svd_r4_train/even-dist_Files.032_processed_svd2d_r4.h5
  [200/8192] done
  [400/8192] done
  [600/8192] done
  [800/8192] done
  [1000/8192] done
  [1200/8192] done
  [1400/8192] done
  [1600/8192] done
  [1800/8192] done
  [2000/8192] done
  [2200/8192] done
  [2400/8192] done
  [2600/8192] done
  [2800/8192] done
  [3000/8192] done
  [3200/8192] done
  [3400/8192] done
  [3600/8192] done
  [3800/8192] done
  [4000/8192] done
  [4200/8192] done
  [4400/8192] done
  [4600/8192] done
  [4800/8192] done
  [5000/8192] done
  [5200/8192] done
  [5400/8192] done
  [5600/8192] done
  [5800/8192] done
  [6000/8192] done
  [6200/8192] done
  [6400/8192] done
  [6600/8192] done
  [6800/8192] done
  [7000/8192] done
  [7200/8192] done
  [7400/8192] done
  [7600/8192] done
  [7800/8192] done
  [8000/8192] done
  [8192/8192] done
Wrote /sdf/home/m/miaed/tmo_exp/tmo101347625/scratch/miaed_mnis_data/mrco_h5_svd/2d_svd_r4_train/even-dist_Files.032_processed_svd2d_r4.h5
Processing 8192 groups: /sdf/home/m/miaed/tmo_exp/tmo101347625/scratch/miaed_mnis_data/mrco_h5/train/even-dist_Files.031_processed.h5 -> /sdf/home/m/miaed/tmo_exp/tmo101347625/scratch/miaed_mnis_data/mrco_h5_svd/2d_svd_r4_train/even-dist_Files.031_processed_svd2d_r4.h5
  [200/8192] done
  [400/8192] done
  [600/8192] done
  [800/8192] done
  [1000/8192] done
  [1200/8192] done
  [1400/8192] done
  [1600/8192] done
  [1800/8192] done
  [2000/8192] done
  [2200/8192] done
  [2400/8192] done
  [2600/8192] done
  [2800/8192] done
  [3000/8192] done
  [3200/8192] done
  [3400/8192] done
  [3600/8192] done
  [3800/8192] done
  [4000/8192] done
  [4200/8192] done
  [4400/8192] done
  [4600/8192] done
  [4800/8192] done
  [5000/8192] done
  [5200/8192] done
  [5400/8192] done
  [5600/8192] done
  [5800/8192] done
  [6000/8192] done
  [6200/8192] done
  [6400/8192] done
  [6600/8192] done
  [6800/8192] done
  [7000/8192] done
  [7200/8192] done
  [7400/8192] done
  [7600/8192] done
  [7800/8192] done
  [8000/8192] done
  [8192/8192] done
Wrote /sdf/home/m/miaed/tmo_exp/tmo101347625/scratch/miaed_mnis_data/mrco_h5_svd/2d_svd_r4_train/even-dist_Files.031_processed_svd2d_r4.h5
Processing 8192 groups: /sdf/home/m/miaed/tmo_exp/tmo101347625/scratch/miaed_mnis_data/mrco_h5/train/even-dist_Files.033_processed.h5 -> /sdf/home/m/miaed/tmo_exp/tmo101347625/scratch/miaed_mnis_data/mrco_h5_svd/2d_svd_r4_train/even-dist_Files.033_processed_svd2d_r4.h5
  [200/8192] done
  [400/8192] done
  [600/8192] done
  [800/8192] done
  [1000/8192] done
  [1200/8192] done
  [1400/8192] done
  [1600/8192] done
  [1800/8192] done
  [2000/8192] done
  [2200/8192] done
  [2400/8192] done
  [2600/8192] done
  [2800/8192] done
  [3000/8192] done
  [3200/8192] done
  [3400/8192] done
  [3600/8192] done
  [3800/8192] done
  [4000/8192] done
  [4200/8192] done
  [4400/8192] done
  [4600/8192] done
  [4800/8192] done
  [5000/8192] done
  [5200/8192] done
  [5400/8192] done
  [5600/8192] done
  [5800/8192] done
  [6000/8192] done
  [6200/8192] done
  [6400/8192] done
  [6600/8192] done
  [6800/8192] done
  [7000/8192] done
  [7200/8192] done
  [7400/8192] done
  [7600/8192] done
  [7800/8192] done
  [8000/8192] done
  [8192/8192] done
Wrote /sdf/home/m/miaed/tmo_exp/tmo101347625/scratch/miaed_mnis_data/mrco_h5_svd/2d_svd_r4_train/even-dist_Files.033_processed_svd2d_r4.h5
Processing 8192 groups: /sdf/home/m/miaed/tmo_exp/tmo101347625/scratch/miaed_mnis_data/mrco_h5/train/even-dist_Files.034_processed.h5 -> /sdf/home/m/miaed/tmo_exp/tmo101347625/scratch/miaed_mnis_data/mrco_h5_svd/2d_svd_r4_train/even-dist_Files.034_processed_svd2d_r4.h5
  [200/8192] done
  [400/8192] done
  [600/8192] done
  [800/8192] done
  [1000/8192] done
  [1200/8192] done
  [1400/8192] done
  [1600/8192] done
  [1800/8192] done
  [2000/8192] done
  [2200/8192] done
  [2400/8192] done
  [2600/8192] done
  [2800/8192] done
  [3000/8192] done
  [3200/8192] done
  [3400/8192] done
  [3600/8192] done
  [3800/8192] done
  [4000/8192] done
  [4200/8192] done
  [4400/8192] done
  [4600/8192] done
  [4800/8192] done
  [5000/8192] done
  [5200/8192] done
  [5400/8192] done
  [5600/8192] done
  [5800/8192] done
  [6000/8192] done
  [6200/8192] done
  [6400/8192] done
  [6600/8192] done
  [6800/8192] done
  [7000/8192] done
  [7200/8192] done
  [7400/8192] done
  [7600/8192] done
  [7800/8192] done
  [8000/8192] done
  [8192/8192] done
Wrote /sdf/home/m/miaed/tmo_exp/tmo101347625/scratch/miaed_mnis_data/mrco_h5_svd/2d_svd_r4_train/even-dist_Files.034_processed_svd2d_r4.h5
Processing 8192 groups: /sdf/home/m/miaed/tmo_exp/tmo101347625/scratch/miaed_mnis_data/mrco_h5/train/even-dist_Files.035_processed.h5 -> /sdf/home/m/miaed/tmo_exp/tmo101347625/scratch/miaed_mnis_data/mrco_h5_svd/2d_svd_r4_train/even-dist_Files.035_processed_svd2d_r4.h5
  [200/8192] done
  [400/8192] done
  [600/8192] done
  [800/8192] done
  [1000/8192] done
  [1200/8192] done
  [1400/8192] done
  [1600/8192] done
  [1800/8192] done
  [2000/8192] done
  [2200/8192] done
  [2400/8192] done
  [2600/8192] done
  [2800/8192] done
  [3000/8192] done
  [3200/8192] done
  [3400/8192] done
  [3600/8192] done
  [3800/8192] done
  [4000/8192] done
  [4200/8192] done
  [4400/8192] done
  [4600/8192] done
  [4800/8192] done
  [5000/8192] done
  [5200/8192] done
  [5400/8192] done
  [5600/8192] done
  [5800/8192] done
  [6000/8192] done
  [6200/8192] done
  [6400/8192] done
  [6600/8192] done
  [6800/8192] done
  [7000/8192] done
  [7200/8192] done
  [7400/8192] done
  [7600/8192] done
  [7800/8192] done
  [8000/8192] done
  [8192/8192] done
Wrote /sdf/home/m/miaed/tmo_exp/tmo101347625/scratch/miaed_mnis_data/mrco_h5_svd/2d_svd_r4_train/even-dist_Files.035_processed_svd2d_r4.h5
Processing 8192 groups: /sdf/home/m/miaed/tmo_exp/tmo101347625/scratch/miaed_mnis_data/mrco_h5/train/Even_Distribution_Pulses_Processed_train_even-dist_Files.000_processed.h5 -> /sdf/home/m/miaed/tmo_exp/tmo101347625/scratch/miaed_mnis_data/mrco_h5_svd/2d_svd_r4_train/Even_Distribution_Pulses_Processed_train_even-dist_Files.000_processed_svd2d_r4.h5
  [200/8192] done
  [400/8192] done
  [600/8192] done
  [800/8192] done
  [1000/8192] done
  [1200/8192] done
  [1400/8192] done
  [1600/8192] done
  [1800/8192] done
  [2000/8192] done
  [2200/8192] done
  [2400/8192] done
  [2600/8192] done
  [2800/8192] done
  [3000/8192] done
  [3200/8192] done
  [3400/8192] done
  [3600/8192] done
  [3800/8192] done
  [4000/8192] done
  [4200/8192] done
  [4400/8192] done
  [4600/8192] done
  [4800/8192] done
  [5000/8192] done
  [5200/8192] done
  [5400/8192] done
  [5600/8192] done
  [5800/8192] done
  [6000/8192] done
  [6200/8192] done
  [6400/8192] done
  [6600/8192] done
  [6800/8192] done
  [7000/8192] done
  [7200/8192] done
  [7400/8192] done
  [7600/8192] done
  [7800/8192] done
  [8000/8192] done
  [8192/8192] done
Wrote /sdf/home/m/miaed/tmo_exp/tmo101347625/scratch/miaed_mnis_data/mrco_h5_svd/2d_svd_r4_train/Even_Distribution_Pulses_Processed_train_even-dist_Files.000_processed_svd2d_r4.h5
=== mode=2d rank=16 split=test: /sdf/home/m/miaed/tmo_exp/tmo101347625/scratch/miaed_mnis_data/mrco_h5/test -> /sdf/home/m/miaed/tmo_exp/tmo101347625/scratch/miaed_mnis_data/mrco_h5_svd/2d_svd_r16_test ===
Processing 8192 groups: /sdf/home/m/miaed/tmo_exp/tmo101347625/scratch/miaed_mnis_data/mrco_h5/test/even-dist_Files.031_processed.h5 -> /sdf/home/m/miaed/tmo_exp/tmo101347625/scratch/miaed_mnis_data/mrco_h5_svd/2d_svd_r16_test/even-dist_Files.031_processed_svd2d_r16.h5
  [200/8192] done
  [400/8192] done
  [600/8192] done
  [800/8192] done
  [1000/8192] done
  [1200/8192] done
  [1400/8192] done
  [1600/8192] done
  [1800/8192] done
  [2000/8192] done
  [2200/8192] done
  [2400/8192] done
  [2600/8192] done
  [2800/8192] done
  [3000/8192] done
  [3200/8192] done
  [3400/8192] done
  [3600/8192] done
  [3800/8192] done
  [4000/8192] done
  [4200/8192] done
  [4400/8192] done
  [4600/8192] done
  [4800/8192] done
  [5000/8192] done
  [5200/8192] done
  [5400/8192] done
  [5600/8192] done
  [5800/8192] done
  [6000/8192] done
  [6200/8192] done
  [6400/8192] done
  [6600/8192] done
  [6800/8192] done
  [7000/8192] done
  [7200/8192] done
  [7400/8192] done
  [7600/8192] done
  [7800/8192] done
  [8000/8192] done
  [8192/8192] done
Wrote /sdf/home/m/miaed/tmo_exp/tmo101347625/scratch/miaed_mnis_data/mrco_h5_svd/2d_svd_r16_test/even-dist_Files.031_processed_svd2d_r16.h5
Processing 8192 groups: /sdf/home/m/miaed/tmo_exp/tmo101347625/scratch/miaed_mnis_data/mrco_h5/test/even-dist_Files.022_processed.h5 -> /sdf/home/m/miaed/tmo_exp/tmo101347625/scratch/miaed_mnis_data/mrco_h5_svd/2d_svd_r16_test/even-dist_Files.022_processed_svd2d_r16.h5
  [200/8192] done
  [400/8192] done
  [600/8192] done
  [800/8192] done
  [1000/8192] done
  [1200/8192] done
  [1400/8192] done
  [1600/8192] done
  [1800/8192] done
  [2000/8192] done
  [2200/8192] done
  [2400/8192] done
  [2600/8192] done
  [2800/8192] done
  [3000/8192] done
  [3200/8192] done
  [3400/8192] done
  [3600/8192] done
  [3800/8192] done
  [4000/8192] done
  [4200/8192] done
  [4400/8192] done
  [4600/8192] done
  [4800/8192] done
  [5000/8192] done
  [5200/8192] done
  [5400/8192] done
  [5600/8192] done
  [5800/8192] done
  [6000/8192] done
  [6200/8192] done
  [6400/8192] done
  [6600/8192] done
  [6800/8192] done
  [7000/8192] done
  [7200/8192] done
  [7400/8192] done
  [7600/8192] done
  [7800/8192] done
  [8000/8192] done
  [8192/8192] done
Wrote /sdf/home/m/miaed/tmo_exp/tmo101347625/scratch/miaed_mnis_data/mrco_h5_svd/2d_svd_r16_test/even-dist_Files.022_processed_svd2d_r16.h5
Processing 8192 groups: /sdf/home/m/miaed/tmo_exp/tmo101347625/scratch/miaed_mnis_data/mrco_h5/test/even-dist_Files.027_processed.h5 -> /sdf/home/m/miaed/tmo_exp/tmo101347625/scratch/miaed_mnis_data/mrco_h5_svd/2d_svd_r16_test/even-dist_Files.027_processed_svd2d_r16.h5
  [200/8192] done
  [400/8192] done
  [600/8192] done
  [800/8192] done
  [1000/8192] done
  [1200/8192] done
  [1400/8192] done
  [1600/8192] done
  [1800/8192] done
  [2000/8192] done
  [2200/8192] done
  [2400/8192] done
  [2600/8192] done
  [2800/8192] done
  [3000/8192] done
  [3200/8192] done
  [3400/8192] done
  [3600/8192] done
  [3800/8192] done
  [4000/8192] done
  [4200/8192] done
  [4400/8192] done
  [4600/8192] done
  [4800/8192] done
  [5000/8192] done
  [5200/8192] done
  [5400/8192] done
  [5600/8192] done
  [5800/8192] done
  [6000/8192] done
  [6200/8192] done
  [6400/8192] done
  [6600/8192] done
  [6800/8192] done
  [7000/8192] done
  [7200/8192] done
  [7400/8192] done
  [7600/8192] done
  [7800/8192] done
  [8000/8192] done
  [8192/8192] done
Wrote /sdf/home/m/miaed/tmo_exp/tmo101347625/scratch/miaed_mnis_data/mrco_h5_svd/2d_svd_r16_test/even-dist_Files.027_processed_svd2d_r16.h5
Processing 8192 groups: /sdf/home/m/miaed/tmo_exp/tmo101347625/scratch/miaed_mnis_data/mrco_h5/test/even-dist_Files.037_processed.h5 -> /sdf/home/m/miaed/tmo_exp/tmo101347625/scratch/miaed_mnis_data/mrco_h5_svd/2d_svd_r16_test/even-dist_Files.037_processed_svd2d_r16.h5
  [200/8192] done
  [400/8192] done
  [600/8192] done
  [800/8192] done
  [1000/8192] done
  [1200/8192] done
  [1400/8192] done
  [1600/8192] done
  [1800/8192] done
  [2000/8192] done
  [2200/8192] done
  [2400/8192] done
  [2600/8192] done
  [2800/8192] done
  [3000/8192] done
  [3200/8192] done
  [3400/8192] done
  [3600/8192] done
  [3800/8192] done
  [4000/8192] done
  [4200/8192] done
  [4400/8192] done
  [4600/8192] done
  [4800/8192] done
  [5000/8192] done
  [5200/8192] done
  [5400/8192] done
  [5600/8192] done
  [5800/8192] done
  [6000/8192] done
  [6200/8192] done
  [6400/8192] done
  [6600/8192] done
  [6800/8192] done
  [7000/8192] done
  [7200/8192] done
  [7400/8192] done
  [7600/8192] done
  [7800/8192] done
  [8000/8192] done
  [8192/8192] done
Wrote /sdf/home/m/miaed/tmo_exp/tmo101347625/scratch/miaed_mnis_data/mrco_h5_svd/2d_svd_r16_test/even-dist_Files.037_processed_svd2d_r16.h5
Processing 8192 groups: /sdf/home/m/miaed/tmo_exp/tmo101347625/scratch/miaed_mnis_data/mrco_h5/test/even-dist_Files.050_processed.h5 -> /sdf/home/m/miaed/tmo_exp/tmo101347625/scratch/miaed_mnis_data/mrco_h5_svd/2d_svd_r16_test/even-dist_Files.050_processed_svd2d_r16.h5
  [200/8192] done
  [400/8192] done
  [600/8192] done
  [800/8192] done
  [1000/8192] done
  [1200/8192] done
  [1400/8192] done
  [1600/8192] done
  [1800/8192] done
  [2000/8192] done
  [2200/8192] done
  [2400/8192] done
  [2600/8192] done
  [2800/8192] done
  [3000/8192] done
  [3200/8192] done
  [3400/8192] done
  [3600/8192] done
  [3800/8192] done
  [4000/8192] done
  [4200/8192] done
  [4400/8192] done
  [4600/8192] done
  [4800/8192] done
  [5000/8192] done
  [5200/8192] done
  [5400/8192] done
  [5600/8192] done
  [5800/8192] done
  [6000/8192] done
  [6200/8192] done
  [6400/8192] done
  [6600/8192] done
  [6800/8192] done
  [7000/8192] done
  [7200/8192] done
  [7400/8192] done
  [7600/8192] done
  [7800/8192] done
  [8000/8192] done
  [8192/8192] done
Wrote /sdf/home/m/miaed/tmo_exp/tmo101347625/scratch/miaed_mnis_data/mrco_h5_svd/2d_svd_r16_test/even-dist_Files.050_processed_svd2d_r16.h5
Processing 8192 groups: /sdf/home/m/miaed/tmo_exp/tmo101347625/scratch/miaed_mnis_data/mrco_h5/test/even-dist_Files.040_processed.h5 -> /sdf/home/m/miaed/tmo_exp/tmo101347625/scratch/miaed_mnis_data/mrco_h5_svd/2d_svd_r16_test/even-dist_Files.040_processed_svd2d_r16.h5
  [200/8192] done
  [400/8192] done
  [600/8192] done
  [800/8192] done
  [1000/8192] done
  [1200/8192] done
  [1400/8192] done
  [1600/8192] done
  [1800/8192] done
  [2000/8192] done
  [2200/8192] done
  [2400/8192] done
  [2600/8192] done
  [2800/8192] done
  [3000/8192] done
  [3200/8192] done
  [3400/8192] done
  [3600/8192] done
  [3800/8192] done
  [4000/8192] done
  [4200/8192] done
  [4400/8192] done
  [4600/8192] done
  [4800/8192] done
  [5000/8192] done
  [5200/8192] done
  [5400/8192] done
  [5600/8192] done
  [5800/8192] done
  [6000/8192] done
  [6200/8192] done
  [6400/8192] done
  [6600/8192] done
  [6800/8192] done
  [7000/8192] done
  [7200/8192] done
  [7400/8192] done
  [7600/8192] done
  [7800/8192] done
  [8000/8192] done
  [8192/8192] done
Wrote /sdf/home/m/miaed/tmo_exp/tmo101347625/scratch/miaed_mnis_data/mrco_h5_svd/2d_svd_r16_test/even-dist_Files.040_processed_svd2d_r16.h5
Processing 8192 groups: /sdf/home/m/miaed/tmo_exp/tmo101347625/scratch/miaed_mnis_data/mrco_h5/test/even-dist_Files.048_processed.h5 -> /sdf/home/m/miaed/tmo_exp/tmo101347625/scratch/miaed_mnis_data/mrco_h5_svd/2d_svd_r16_test/even-dist_Files.048_processed_svd2d_r16.h5
  [200/8192] done
  [400/8192] done
  [600/8192] done
  [800/8192] done
  [1000/8192] done
  [1200/8192] done
  [1400/8192] done
  [1600/8192] done
  [1800/8192] done
  [2000/8192] done
  [2200/8192] done
  [2400/8192] done
  [2600/8192] done
  [2800/8192] done
  [3000/8192] done
  [3200/8192] done
  [3400/8192] done
  [3600/8192] done
  [3800/8192] done
  [4000/8192] done
  [4200/8192] done
  [4400/8192] done
  [4600/8192] done
  [4800/8192] done
  [5000/8192] done
  [5200/8192] done
  [5400/8192] done
  [5600/8192] done
  [5800/8192] done
  [6000/8192] done
  [6200/8192] done
  [6400/8192] done
  [6600/8192] done
  [6800/8192] done
  [7000/8192] done
  [7200/8192] done
  [7400/8192] done
  [7600/8192] done
  [7800/8192] done
  [8000/8192] done
  [8192/8192] done
Wrote /sdf/home/m/miaed/tmo_exp/tmo101347625/scratch/miaed_mnis_data/mrco_h5_svd/2d_svd_r16_test/even-dist_Files.048_processed_svd2d_r16.h5
Processing 8192 groups: /sdf/home/m/miaed/tmo_exp/tmo101347625/scratch/miaed_mnis_data/mrco_h5/test/even-dist_Files.045_processed.h5 -> /sdf/home/m/miaed/tmo_exp/tmo101347625/scratch/miaed_mnis_data/mrco_h5_svd/2d_svd_r16_test/even-dist_Files.045_processed_svd2d_r16.h5
  [200/8192] done
  [400/8192] done
  [600/8192] done
  [800/8192] done
  [1000/8192] done
  [1200/8192] done
  [1400/8192] done
  [1600/8192] done
  [1800/8192] done
  [2000/8192] done
  [2200/8192] done
  [2400/8192] done
  [2600/8192] done
  [2800/8192] done
  [3000/8192] done
  [3200/8192] done
  [3400/8192] done
  [3600/8192] done
  [3800/8192] done
  [4000/8192] done
  [4200/8192] done
  [4400/8192] done
  [4600/8192] done
  [4800/8192] done
  [5000/8192] done
  [5200/8192] done
  [5400/8192] done
  [5600/8192] done
  [5800/8192] done
  [6000/8192] done
  [6200/8192] done
  [6400/8192] done
  [6600/8192] done
  [6800/8192] done
  [7000/8192] done
  [7200/8192] done
  [7400/8192] done
  [7600/8192] done
  [7800/8192] done
  [8000/8192] done
  [8192/8192] done
Wrote /sdf/home/m/miaed/tmo_exp/tmo101347625/scratch/miaed_mnis_data/mrco_h5_svd/2d_svd_r16_test/even-dist_Files.045_processed_svd2d_r16.h5
Processing 8192 groups: /sdf/home/m/miaed/tmo_exp/tmo101347625/scratch/miaed_mnis_data/mrco_h5/test/even-dist_Files.052_processed.h5 -> /sdf/home/m/miaed/tmo_exp/tmo101347625/scratch/miaed_mnis_data/mrco_h5_svd/2d_svd_r16_test/even-dist_Files.052_processed_svd2d_r16.h5
  [200/8192] done
  [400/8192] done
  [600/8192] done
  [800/8192] done
  [1000/8192] done
  [1200/8192] done
  [1400/8192] done
  [1600/8192] done
  [1800/8192] done
  [2000/8192] done
  [2200/8192] done
  [2400/8192] done
  [2600/8192] done
  [2800/8192] done
  [3000/8192] done
  [3200/8192] done
  [3400/8192] done
  [3600/8192] done
  [3800/8192] done
  [4000/8192] done
  [4200/8192] done
  [4400/8192] done
  [4600/8192] done
  [4800/8192] done
  [5000/8192] done
  [5200/8192] done
  [5400/8192] done
  [5600/8192] done
  [5800/8192] done
  [6000/8192] done
  [6200/8192] done
  [6400/8192] done
  [6600/8192] done
  [6800/8192] done
  [7000/8192] done
  [7200/8192] done
  [7400/8192] done
  [7600/8192] done
  [7800/8192] done
  [8000/8192] done
  [8192/8192] done
Wrote /sdf/home/m/miaed/tmo_exp/tmo101347625/scratch/miaed_mnis_data/mrco_h5_svd/2d_svd_r16_test/even-dist_Files.052_processed_svd2d_r16.h5
Processing 8192 groups: /sdf/home/m/miaed/tmo_exp/tmo101347625/scratch/miaed_mnis_data/mrco_h5/test/Even_Distribution_Pulses_Processed_test_even-dist_Files.003_processed.h5 -> /sdf/home/m/miaed/tmo_exp/tmo101347625/scratch/miaed_mnis_data/mrco_h5_svd/2d_svd_r16_test/Even_Distribution_Pulses_Processed_test_even-dist_Files.003_processed_svd2d_r16.h5
  [200/8192] done
  [400/8192] done
  [600/8192] done
  [800/8192] done
  [1000/8192] done
  [1200/8192] done
  [1400/8192] done
  [1600/8192] done
  [1800/8192] done
  [2000/8192] done
  [2200/8192] done
  [2400/8192] done
  [2600/8192] done
  [2800/8192] done
  [3000/8192] done
  [3200/8192] done
  [3400/8192] done
  [3600/8192] done
  [3800/8192] done
  [4000/8192] done
  [4200/8192] done
  [4400/8192] done
  [4600/8192] done
  [4800/8192] done
  [5000/8192] done
  [5200/8192] done
  [5400/8192] done
  [5600/8192] done
  [5800/8192] done
  [6000/8192] done
  [6200/8192] done
  [6400/8192] done
  [6600/8192] done
  [6800/8192] done
  [7000/8192] done
  [7200/8192] done
  [7400/8192] done
  [7600/8192] done
  [7800/8192] done
  [8000/8192] done
  [8192/8192] done
Wrote /sdf/home/m/miaed/tmo_exp/tmo101347625/scratch/miaed_mnis_data/mrco_h5_svd/2d_svd_r16_test/Even_Distribution_Pulses_Processed_test_even-dist_Files.003_processed_svd2d_r16.h5
=== mode=2d rank=16 split=train: /sdf/home/m/miaed/tmo_exp/tmo101347625/scratch/miaed_mnis_data/mrco_h5/train -> /sdf/home/m/miaed/tmo_exp/tmo101347625/scratch/miaed_mnis_data/mrco_h5_svd/2d_svd_r16_train ===
Processing 8192 groups: /sdf/home/m/miaed/tmo_exp/tmo101347625/scratch/miaed_mnis_data/mrco_h5/train/even-dist_Files.001_processed.h5 -> /sdf/home/m/miaed/tmo_exp/tmo101347625/scratch/miaed_mnis_data/mrco_h5_svd/2d_svd_r16_train/even-dist_Files.001_processed_svd2d_r16.h5
  [200/8192] done
  [400/8192] done
  [600/8192] done
  [800/8192] done
  [1000/8192] done
  [1200/8192] done
  [1400/8192] done
  [1600/8192] done
  [1800/8192] done
  [2000/8192] done
  [2200/8192] done
  [2400/8192] done
  [2600/8192] done
  [2800/8192] done
  [3000/8192] done
  [3200/8192] done
  [3400/8192] done
  [3600/8192] done
  [3800/8192] done
  [4000/8192] done
  [4200/8192] done
  [4400/8192] done
  [4600/8192] done
  [4800/8192] done
  [5000/8192] done
  [5200/8192] done
  [5400/8192] done
  [5600/8192] done
  [5800/8192] done
  [6000/8192] done
  [6200/8192] done
  [6400/8192] done
  [6600/8192] done
  [6800/8192] done
  [7000/8192] done
  [7200/8192] done
  [7400/8192] done
  [7600/8192] done
  [7800/8192] done
  [8000/8192] done
  [8192/8192] done
Wrote /sdf/home/m/miaed/tmo_exp/tmo101347625/scratch/miaed_mnis_data/mrco_h5_svd/2d_svd_r16_train/even-dist_Files.001_processed_svd2d_r16.h5
Processing 8192 groups: /sdf/home/m/miaed/tmo_exp/tmo101347625/scratch/miaed_mnis_data/mrco_h5/train/even-dist_Files.004_processed.h5 -> /sdf/home/m/miaed/tmo_exp/tmo101347625/scratch/miaed_mnis_data/mrco_h5_svd/2d_svd_r16_train/even-dist_Files.004_processed_svd2d_r16.h5
  [200/8192] done
  [400/8192] done
  [600/8192] done
  [800/8192] done
  [1000/8192] done
  [1200/8192] done
  [1400/8192] done
  [1600/8192] done
  [1800/8192] done
  [2000/8192] done
  [2200/8192] done
  [2400/8192] done
  [2600/8192] done
  [2800/8192] done
  [3000/8192] done
  [3200/8192] done
  [3400/8192] done
  [3600/8192] done
  [3800/8192] done
  [4000/8192] done
  [4200/8192] done
  [4400/8192] done
  [4600/8192] done
  [4800/8192] done
  [5000/8192] done
  [5200/8192] done
  [5400/8192] done
  [5600/8192] done
  [5800/8192] done
  [6000/8192] done
  [6200/8192] done
  [6400/8192] done
  [6600/8192] done
  [6800/8192] done
  [7000/8192] done
  [7200/8192] done
  [7400/8192] done
  [7600/8192] done
  [7800/8192] done
  [8000/8192] done
  [8192/8192] done
Wrote /sdf/home/m/miaed/tmo_exp/tmo101347625/scratch/miaed_mnis_data/mrco_h5_svd/2d_svd_r16_train/even-dist_Files.004_processed_svd2d_r16.h5
Processing 8192 groups: /sdf/home/m/miaed/tmo_exp/tmo101347625/scratch/miaed_mnis_data/mrco_h5/train/even-dist_Files.002_processed.h5 -> /sdf/home/m/miaed/tmo_exp/tmo101347625/scratch/miaed_mnis_data/mrco_h5_svd/2d_svd_r16_train/even-dist_Files.002_processed_svd2d_r16.h5
  [200/8192] done
  [400/8192] done
  [600/8192] done
  [800/8192] done
  [1000/8192] done
  [1200/8192] done
  [1400/8192] done
  [1600/8192] done
  [1800/8192] done
  [2000/8192] done
  [2200/8192] done
  [2400/8192] done
  [2600/8192] done
  [2800/8192] done
  [3000/8192] done
  [3200/8192] done
  [3400/8192] done
  [3600/8192] done
  [3800/8192] done
  [4000/8192] done
  [4200/8192] done
  [4400/8192] done
  [4600/8192] done
  [4800/8192] done
  [5000/8192] done
  [5200/8192] done
  [5400/8192] done
  [5600/8192] done
  [5800/8192] done
  [6000/8192] done
  [6200/8192] done
  [6400/8192] done
  [6600/8192] done
  [6800/8192] done
  [7000/8192] done
  [7200/8192] done
  [7400/8192] done
  [7600/8192] done
  [7800/8192] done
  [8000/8192] done
  [8192/8192] done
Wrote /sdf/home/m/miaed/tmo_exp/tmo101347625/scratch/miaed_mnis_data/mrco_h5_svd/2d_svd_r16_train/even-dist_Files.002_processed_svd2d_r16.h5
Processing 8192 groups: /sdf/home/m/miaed/tmo_exp/tmo101347625/scratch/miaed_mnis_data/mrco_h5/train/even-dist_Files.003_processed.h5 -> /sdf/home/m/miaed/tmo_exp/tmo101347625/scratch/miaed_mnis_data/mrco_h5_svd/2d_svd_r16_train/even-dist_Files.003_processed_svd2d_r16.h5
  [200/8192] done
  [400/8192] done
  [600/8192] done
  [800/8192] done
  [1000/8192] done
  [1200/8192] done
  [1400/8192] done
  [1600/8192] done
  [1800/8192] done
  [2000/8192] done
  [2200/8192] done
  [2400/8192] done
  [2600/8192] done
  [2800/8192] done
  [3000/8192] done
  [3200/8192] done
  [3400/8192] done
  [3600/8192] done
  [3800/8192] done
  [4000/8192] done
  [4200/8192] done
  [4400/8192] done
  [4600/8192] done
  [4800/8192] done
  [5000/8192] done
  [5200/8192] done
  [5400/8192] done
  [5600/8192] done
  [5800/8192] done
  [6000/8192] done
  [6200/8192] done
  [6400/8192] done
  [6600/8192] done
  [6800/8192] done
  [7000/8192] done
  [7200/8192] done
  [7400/8192] done
  [7600/8192] done
  [7800/8192] done
  [8000/8192] done
  [8192/8192] done
Wrote /sdf/home/m/miaed/tmo_exp/tmo101347625/scratch/miaed_mnis_data/mrco_h5_svd/2d_svd_r16_train/even-dist_Files.003_processed_svd2d_r16.h5
Processing 8192 groups: /sdf/home/m/miaed/tmo_exp/tmo101347625/scratch/miaed_mnis_data/mrco_h5/train/even-dist_Files.005_processed.h5 -> /sdf/home/m/miaed/tmo_exp/tmo101347625/scratch/miaed_mnis_data/mrco_h5_svd/2d_svd_r16_train/even-dist_Files.005_processed_svd2d_r16.h5
  [200/8192] done
  [400/8192] done
  [600/8192] done
  [800/8192] done
  [1000/8192] done
  [1200/8192] done
  [1400/8192] done
  [1600/8192] done
  [1800/8192] done
  [2000/8192] done
  [2200/8192] done
  [2400/8192] done
  [2600/8192] done
  [2800/8192] done
  [3000/8192] done
  [3200/8192] done
  [3400/8192] done
  [3600/8192] done
  [3800/8192] done
  [4000/8192] done
  [4200/8192] done
  [4400/8192] done
  [4600/8192] done
  [4800/8192] done
  [5000/8192] done
  [5200/8192] done
  [5400/8192] done
  [5600/8192] done
  [5800/8192] done
  [6000/8192] done
  [6200/8192] done
  [6400/8192] done
  [6600/8192] done
  [6800/8192] done
  [7000/8192] done
  [7200/8192] done
  [7400/8192] done
  [7600/8192] done
  [7800/8192] done
  [8000/8192] done
  [8192/8192] done
Wrote /sdf/home/m/miaed/tmo_exp/tmo101347625/scratch/miaed_mnis_data/mrco_h5_svd/2d_svd_r16_train/even-dist_Files.005_processed_svd2d_r16.h5
Processing 8192 groups: /sdf/home/m/miaed/tmo_exp/tmo101347625/scratch/miaed_mnis_data/mrco_h5/train/even-dist_Files.008_processed.h5 -> /sdf/home/m/miaed/tmo_exp/tmo101347625/scratch/miaed_mnis_data/mrco_h5_svd/2d_svd_r16_train/even-dist_Files.008_processed_svd2d_r16.h5
  [200/8192] done
  [400/8192] done
  [600/8192] done
  [800/8192] done
  [1000/8192] done
  [1200/8192] done
  [1400/8192] done
  [1600/8192] done
  [1800/8192] done
  [2000/8192] done
  [2200/8192] done
  [2400/8192] done
  [2600/8192] done
  [2800/8192] done
  [3000/8192] done
  [3200/8192] done
  [3400/8192] done
  [3600/8192] done
  [3800/8192] done
  [4000/8192] done
  [4200/8192] done
  [4400/8192] done
  [4600/8192] done
  [4800/8192] done
  [5000/8192] done
  [5200/8192] done
  [5400/8192] done
  [5600/8192] done
  [5800/8192] done
  [6000/8192] done
  [6200/8192] done
  [6400/8192] done
  [6600/8192] done
  [6800/8192] done
  [7000/8192] done
  [7200/8192] done
  [7400/8192] done
  [7600/8192] done
  [7800/8192] done
  [8000/8192] done
  [8192/8192] done
Wrote /sdf/home/m/miaed/tmo_exp/tmo101347625/scratch/miaed_mnis_data/mrco_h5_svd/2d_svd_r16_train/even-dist_Files.008_processed_svd2d_r16.h5
Processing 8192 groups: /sdf/home/m/miaed/tmo_exp/tmo101347625/scratch/miaed_mnis_data/mrco_h5/train/even-dist_Files.007_processed.h5 -> /sdf/home/m/miaed/tmo_exp/tmo101347625/scratch/miaed_mnis_data/mrco_h5_svd/2d_svd_r16_train/even-dist_Files.007_processed_svd2d_r16.h5
  [200/8192] done
  [400/8192] done
  [600/8192] done
  [800/8192] done
  [1000/8192] done
  [1200/8192] done
  [1400/8192] done
  [1600/8192] done
  [1800/8192] done
  [2000/8192] done
  [2200/8192] done
  [2400/8192] done
  [2600/8192] done
  [2800/8192] done
  [3000/8192] done
  [3200/8192] done
  [3400/8192] done
  [3600/8192] done
  [3800/8192] done
  [4000/8192] done
  [4200/8192] done
  [4400/8192] done
  [4600/8192] done
  [4800/8192] done
  [5000/8192] done
  [5200/8192] done
  [5400/8192] done
  [5600/8192] done
  [5800/8192] done
  [6000/8192] done
  [6200/8192] done
  [6400/8192] done
  [6600/8192] done
  [6800/8192] done
  [7000/8192] done
  [7200/8192] done
  [7400/8192] done
  [7600/8192] done
  [7800/8192] done
  [8000/8192] done
  [8192/8192] done
Wrote /sdf/home/m/miaed/tmo_exp/tmo101347625/scratch/miaed_mnis_data/mrco_h5_svd/2d_svd_r16_train/even-dist_Files.007_processed_svd2d_r16.h5
Processing 8192 groups: /sdf/home/m/miaed/tmo_exp/tmo101347625/scratch/miaed_mnis_data/mrco_h5/train/even-dist_Files.006_processed.h5 -> /sdf/home/m/miaed/tmo_exp/tmo101347625/scratch/miaed_mnis_data/mrco_h5_svd/2d_svd_r16_train/even-dist_Files.006_processed_svd2d_r16.h5
  [200/8192] done
  [400/8192] done
  [600/8192] done
  [800/8192] done
  [1000/8192] done
  [1200/8192] done
  [1400/8192] done
  [1600/8192] done
  [1800/8192] done
  [2000/8192] done
  [2200/8192] done
  [2400/8192] done
  [2600/8192] done
  [2800/8192] done
  [3000/8192] done
  [3200/8192] done
  [3400/8192] done
  [3600/8192] done
  [3800/8192] done
  [4000/8192] done
  [4200/8192] done
  [4400/8192] done
  [4600/8192] done
  [4800/8192] done
  [5000/8192] done
  [5200/8192] done
  [5400/8192] done
  [5600/8192] done
  [5800/8192] done
  [6000/8192] done
  [6200/8192] done
  [6400/8192] done
  [6600/8192] done
  [6800/8192] done
  [7000/8192] done
  [7200/8192] done
  [7400/8192] done
  [7600/8192] done
  [7800/8192] done
  [8000/8192] done
  [8192/8192] done
Wrote /sdf/home/m/miaed/tmo_exp/tmo101347625/scratch/miaed_mnis_data/mrco_h5_svd/2d_svd_r16_train/even-dist_Files.006_processed_svd2d_r16.h5
Processing 8192 groups: /sdf/home/m/miaed/tmo_exp/tmo101347625/scratch/miaed_mnis_data/mrco_h5/train/even-dist_Files.009_processed.h5 -> /sdf/home/m/miaed/tmo_exp/tmo101347625/scratch/miaed_mnis_data/mrco_h5_svd/2d_svd_r16_train/even-dist_Files.009_processed_svd2d_r16.h5
  [200/8192] done
  [400/8192] done
  [600/8192] done
  [800/8192] done
  [1000/8192] done
  [1200/8192] done
  [1400/8192] done
  [1600/8192] done
  [1800/8192] done
  [2000/8192] done
  [2200/8192] done
  [2400/8192] done
  [2600/8192] done
  [2800/8192] done
  [3000/8192] done
  [3200/8192] done
  [3400/8192] done
  [3600/8192] done
  [3800/8192] done
  [4000/8192] done
  [4200/8192] done
  [4400/8192] done
  [4600/8192] done
  [4800/8192] done
  [5000/8192] done
  [5200/8192] done
  [5400/8192] done
  [5600/8192] done
  [5800/8192] done
  [6000/8192] done
  [6200/8192] done
  [6400/8192] done
  [6600/8192] done
  [6800/8192] done
  [7000/8192] done
  [7200/8192] done
  [7400/8192] done
  [7600/8192] done
  [7800/8192] done
  [8000/8192] done
  [8192/8192] done
Wrote /sdf/home/m/miaed/tmo_exp/tmo101347625/scratch/miaed_mnis_data/mrco_h5_svd/2d_svd_r16_train/even-dist_Files.009_processed_svd2d_r16.h5
Processing 8192 groups: /sdf/home/m/miaed/tmo_exp/tmo101347625/scratch/miaed_mnis_data/mrco_h5/train/even-dist_Files.016_processed.h5 -> /sdf/home/m/miaed/tmo_exp/tmo101347625/scratch/miaed_mnis_data/mrco_h5_svd/2d_svd_r16_train/even-dist_Files.016_processed_svd2d_r16.h5
  [200/8192] done
  [400/8192] done
  [600/8192] done
  [800/8192] done
  [1000/8192] done
  [1200/8192] done
  [1400/8192] done
  [1600/8192] done
  [1800/8192] done
  [2000/8192] done
  [2200/8192] done
  [2400/8192] done
  [2600/8192] done
  [2800/8192] done
  [3000/8192] done
  [3200/8192] done
  [3400/8192] done
  [3600/8192] done
  [3800/8192] done
  [4000/8192] done
  [4200/8192] done
  [4400/8192] done
  [4600/8192] done
  [4800/8192] done
  [5000/8192] done
  [5200/8192] done
  [5400/8192] done
  [5600/8192] done
  [5800/8192] done
  [6000/8192] done
  [6200/8192] done
  [6400/8192] done
  [6600/8192] done
  [6800/8192] done
  [7000/8192] done
  [7200/8192] done
  [7400/8192] done
  [7600/8192] done
  [7800/8192] done
  [8000/8192] done
  [8192/8192] done
Wrote /sdf/home/m/miaed/tmo_exp/tmo101347625/scratch/miaed_mnis_data/mrco_h5_svd/2d_svd_r16_train/even-dist_Files.016_processed_svd2d_r16.h5
Processing 8192 groups: /sdf/home/m/miaed/tmo_exp/tmo101347625/scratch/miaed_mnis_data/mrco_h5/train/even-dist_Files.017_processed.h5 -> /sdf/home/m/miaed/tmo_exp/tmo101347625/scratch/miaed_mnis_data/mrco_h5_svd/2d_svd_r16_train/even-dist_Files.017_processed_svd2d_r16.h5
  [200/8192] done
  [400/8192] done
  [600/8192] done
  [800/8192] done
  [1000/8192] done
  [1200/8192] done
  [1400/8192] done
  [1600/8192] done
  [1800/8192] done
  [2000/8192] done
  [2200/8192] done
  [2400/8192] done
  [2600/8192] done
  [2800/8192] done
  [3000/8192] done
  [3200/8192] done
  [3400/8192] done
  [3600/8192] done
  [3800/8192] done
  [4000/8192] done
  [4200/8192] done
  [4400/8192] done
  [4600/8192] done
  [4800/8192] done
  [5000/8192] done
  [5200/8192] done
  [5400/8192] done
  [5600/8192] done
  [5800/8192] done
  [6000/8192] done
  [6200/8192] done
  [6400/8192] done
  [6600/8192] done
  [6800/8192] done
  [7000/8192] done
  [7200/8192] done
  [7400/8192] done
  [7600/8192] done
  [7800/8192] done
  [8000/8192] done
  [8192/8192] done
Wrote /sdf/home/m/miaed/tmo_exp/tmo101347625/scratch/miaed_mnis_data/mrco_h5_svd/2d_svd_r16_train/even-dist_Files.017_processed_svd2d_r16.h5
Processing 8192 groups: /sdf/home/m/miaed/tmo_exp/tmo101347625/scratch/miaed_mnis_data/mrco_h5/train/even-dist_Files.018_processed.h5 -> /sdf/home/m/miaed/tmo_exp/tmo101347625/scratch/miaed_mnis_data/mrco_h5_svd/2d_svd_r16_train/even-dist_Files.018_processed_svd2d_r16.h5
  [200/8192] done
  [400/8192] done
  [600/8192] done
  [800/8192] done
  [1000/8192] done
  [1200/8192] done
  [1400/8192] done
  [1600/8192] done
  [1800/8192] done
  [2000/8192] done
  [2200/8192] done
  [2400/8192] done
  [2600/8192] done
  [2800/8192] done
  [3000/8192] done
  [3200/8192] done
  [3400/8192] done
  [3600/8192] done
  [3800/8192] done
  [4000/8192] done
  [4200/8192] done
  [4400/8192] done
  [4600/8192] done
  [4800/8192] done
  [5000/8192] done
  [5200/8192] done
  [5400/8192] done
  [5600/8192] done
  [5800/8192] done
  [6000/8192] done
  [6200/8192] done
  [6400/8192] done
  [6600/8192] done
  [6800/8192] done
  [7000/8192] done
  [7200/8192] done
  [7400/8192] done
  [7600/8192] done
  [7800/8192] done
  [8000/8192] done
  [8192/8192] done
Wrote /sdf/home/m/miaed/tmo_exp/tmo101347625/scratch/miaed_mnis_data/mrco_h5_svd/2d_svd_r16_train/even-dist_Files.018_processed_svd2d_r16.h5
Processing 8192 groups: /sdf/home/m/miaed/tmo_exp/tmo101347625/scratch/miaed_mnis_data/mrco_h5/train/even-dist_Files.019_processed.h5 -> /sdf/home/m/miaed/tmo_exp/tmo101347625/scratch/miaed_mnis_data/mrco_h5_svd/2d_svd_r16_train/even-dist_Files.019_processed_svd2d_r16.h5
  [200/8192] done
  [400/8192] done
  [600/8192] done
  [800/8192] done
  [1000/8192] done
  [1200/8192] done
  [1400/8192] done
  [1600/8192] done
  [1800/8192] done
  [2000/8192] done
  [2200/8192] done
  [2400/8192] done
  [2600/8192] done
  [2800/8192] done
  [3000/8192] done
  [3200/8192] done
  [3400/8192] done
  [3600/8192] done
  [3800/8192] done
  [4000/8192] done
  [4200/8192] done
  [4400/8192] done
  [4600/8192] done
  [4800/8192] done
  [5000/8192] done
  [5200/8192] done
  [5400/8192] done
  [5600/8192] done
  [5800/8192] done
  [6000/8192] done
  [6200/8192] done
  [6400/8192] done
  [6600/8192] done
  [6800/8192] done
  [7000/8192] done
  [7200/8192] done
  [7400/8192] done
  [7600/8192] done
  [7800/8192] done
  [8000/8192] done
  [8192/8192] done
Wrote /sdf/home/m/miaed/tmo_exp/tmo101347625/scratch/miaed_mnis_data/mrco_h5_svd/2d_svd_r16_train/even-dist_Files.019_processed_svd2d_r16.h5
Processing 8192 groups: /sdf/home/m/miaed/tmo_exp/tmo101347625/scratch/miaed_mnis_data/mrco_h5/train/even-dist_Files.020_processed.h5 -> /sdf/home/m/miaed/tmo_exp/tmo101347625/scratch/miaed_mnis_data/mrco_h5_svd/2d_svd_r16_train/even-dist_Files.020_processed_svd2d_r16.h5
  [200/8192] done
  [400/8192] done
  [600/8192] done
  [800/8192] done
  [1000/8192] done
  [1200/8192] done
  [1400/8192] done
  [1600/8192] done
  [1800/8192] done
  [2000/8192] done
  [2200/8192] done
  [2400/8192] done
  [2600/8192] done
  [2800/8192] done
  [3000/8192] done
  [3200/8192] done
  [3400/8192] done
  [3600/8192] done
  [3800/8192] done
  [4000/8192] done
  [4200/8192] done
  [4400/8192] done
  [4600/8192] done
  [4800/8192] done
  [5000/8192] done
  [5200/8192] done
  [5400/8192] done
  [5600/8192] done
  [5800/8192] done
  [6000/8192] done
  [6200/8192] done
  [6400/8192] done
  [6600/8192] done
  [6800/8192] done
  [7000/8192] done
  [7200/8192] done
  [7400/8192] done
  [7600/8192] done
  [7800/8192] done
  [8000/8192] done
  [8192/8192] done
Wrote /sdf/home/m/miaed/tmo_exp/tmo101347625/scratch/miaed_mnis_data/mrco_h5_svd/2d_svd_r16_train/even-dist_Files.020_processed_svd2d_r16.h5
Processing 8192 groups: /sdf/home/m/miaed/tmo_exp/tmo101347625/scratch/miaed_mnis_data/mrco_h5/train/even-dist_Files.021_processed.h5 -> /sdf/home/m/miaed/tmo_exp/tmo101347625/scratch/miaed_mnis_data/mrco_h5_svd/2d_svd_r16_train/even-dist_Files.021_processed_svd2d_r16.h5
  [200/8192] done
  [400/8192] done
  [600/8192] done
  [800/8192] done
  [1000/8192] done
  [1200/8192] done
  [1400/8192] done
  [1600/8192] done
  [1800/8192] done
  [2000/8192] done
  [2200/8192] done
  [2400/8192] done
  [2600/8192] done
  [2800/8192] done
  [3000/8192] done
  [3200/8192] done
  [3400/8192] done
  [3600/8192] done
  [3800/8192] done
  [4000/8192] done
  [4200/8192] done
  [4400/8192] done
  [4600/8192] done
  [4800/8192] done
  [5000/8192] done
  [5200/8192] done
  [5400/8192] done
  [5600/8192] done
  [5800/8192] done
  [6000/8192] done
  [6200/8192] done
  [6400/8192] done
  [6600/8192] done
  [6800/8192] done
  [7000/8192] done
  [7200/8192] done
  [7400/8192] done
  [7600/8192] done
  [7800/8192] done
  [8000/8192] done
  [8192/8192] done
Wrote /sdf/home/m/miaed/tmo_exp/tmo101347625/scratch/miaed_mnis_data/mrco_h5_svd/2d_svd_r16_train/even-dist_Files.021_processed_svd2d_r16.h5
Processing 8192 groups: /sdf/home/m/miaed/tmo_exp/tmo101347625/scratch/miaed_mnis_data/mrco_h5/train/even-dist_Files.022_processed.h5 -> /sdf/home/m/miaed/tmo_exp/tmo101347625/scratch/miaed_mnis_data/mrco_h5_svd/2d_svd_r16_train/even-dist_Files.022_processed_svd2d_r16.h5
  [200/8192] done
  [400/8192] done
  [600/8192] done
  [800/8192] done
  [1000/8192] done
  [1200/8192] done
  [1400/8192] done
  [1600/8192] done
  [1800/8192] done
  [2000/8192] done
  [2200/8192] done
  [2400/8192] done
  [2600/8192] done
  [2800/8192] done
  [3000/8192] done
  [3200/8192] done
  [3400/8192] done
  [3600/8192] done
  [3800/8192] done
  [4000/8192] done
  [4200/8192] done
  [4400/8192] done
  [4600/8192] done
  [4800/8192] done
  [5000/8192] done
  [5200/8192] done
  [5400/8192] done
  [5600/8192] done
  [5800/8192] done
  [6000/8192] done
  [6200/8192] done
  [6400/8192] done
  [6600/8192] done
  [6800/8192] done
  [7000/8192] done
  [7200/8192] done
  [7400/8192] done
  [7600/8192] done
  [7800/8192] done
  [8000/8192] done
  [8192/8192] done
Wrote /sdf/home/m/miaed/tmo_exp/tmo101347625/scratch/miaed_mnis_data/mrco_h5_svd/2d_svd_r16_train/even-dist_Files.022_processed_svd2d_r16.h5
Processing 8192 groups: /sdf/home/m/miaed/tmo_exp/tmo101347625/scratch/miaed_mnis_data/mrco_h5/train/even-dist_Files.025_processed.h5 -> /sdf/home/m/miaed/tmo_exp/tmo101347625/scratch/miaed_mnis_data/mrco_h5_svd/2d_svd_r16_train/even-dist_Files.025_processed_svd2d_r16.h5
  [200/8192] done
  [400/8192] done
  [600/8192] done
  [800/8192] done
  [1000/8192] done
  [1200/8192] done
  [1400/8192] done
  [1600/8192] done
  [1800/8192] done
  [2000/8192] done
  [2200/8192] done
  [2400/8192] done
  [2600/8192] done
  [2800/8192] done
  [3000/8192] done
  [3200/8192] done
  [3400/8192] done
  [3600/8192] done
  [3800/8192] done
  [4000/8192] done
  [4200/8192] done
  [4400/8192] done
  [4600/8192] done
  [4800/8192] done
  [5000/8192] done
  [5200/8192] done
  [5400/8192] done
  [5600/8192] done
  [5800/8192] done
  [6000/8192] done
  [6200/8192] done
  [6400/8192] done
  [6600/8192] done
  [6800/8192] done
  [7000/8192] done
  [7200/8192] done
  [7400/8192] done
  [7600/8192] done
  [7800/8192] done
  [8000/8192] done
  [8192/8192] done
Wrote /sdf/home/m/miaed/tmo_exp/tmo101347625/scratch/miaed_mnis_data/mrco_h5_svd/2d_svd_r16_train/even-dist_Files.025_processed_svd2d_r16.h5
Processing 8192 groups: /sdf/home/m/miaed/tmo_exp/tmo101347625/scratch/miaed_mnis_data/mrco_h5/train/even-dist_Files.024_processed.h5 -> /sdf/home/m/miaed/tmo_exp/tmo101347625/scratch/miaed_mnis_data/mrco_h5_svd/2d_svd_r16_train/even-dist_Files.024_processed_svd2d_r16.h5
  [200/8192] done
  [400/8192] done
  [600/8192] done
  [800/8192] done
  [1000/8192] done
  [1200/8192] done
  [1400/8192] done
  [1600/8192] done
  [1800/8192] done
  [2000/8192] done
  [2200/8192] done
  [2400/8192] done
  [2600/8192] done
  [2800/8192] done
  [3000/8192] done
  [3200/8192] done
  [3400/8192] done
  [3600/8192] done
  [3800/8192] done
  [4000/8192] done
  [4200/8192] done
  [4400/8192] done
  [4600/8192] done
  [4800/8192] done
  [5000/8192] done
  [5200/8192] done
  [5400/8192] done
  [5600/8192] done
  [5800/8192] done
  [6000/8192] done
  [6200/8192] done
  [6400/8192] done
  [6600/8192] done
  [6800/8192] done
  [7000/8192] done
  [7200/8192] done
  [7400/8192] done
  [7600/8192] done
  [7800/8192] done
  [8000/8192] done
  [8192/8192] done
Wrote /sdf/home/m/miaed/tmo_exp/tmo101347625/scratch/miaed_mnis_data/mrco_h5_svd/2d_svd_r16_train/even-dist_Files.024_processed_svd2d_r16.h5
Processing 8192 groups: /sdf/home/m/miaed/tmo_exp/tmo101347625/scratch/miaed_mnis_data/mrco_h5/train/even-dist_Files.023_processed.h5 -> /sdf/home/m/miaed/tmo_exp/tmo101347625/scratch/miaed_mnis_data/mrco_h5_svd/2d_svd_r16_train/even-dist_Files.023_processed_svd2d_r16.h5
  [200/8192] done
  [400/8192] done
  [600/8192] done
  [800/8192] done
  [1000/8192] done
  [1200/8192] done
  [1400/8192] done
  [1600/8192] done
  [1800/8192] done
  [2000/8192] done
  [2200/8192] done
  [2400/8192] done
  [2600/8192] done
  [2800/8192] done
  [3000/8192] done
  [3200/8192] done
  [3400/8192] done
  [3600/8192] done
  [3800/8192] done
  [4000/8192] done
  [4200/8192] done
  [4400/8192] done
  [4600/8192] done
  [4800/8192] done
  [5000/8192] done
  [5200/8192] done
  [5400/8192] done
  [5600/8192] done
  [5800/8192] done
  [6000/8192] done
  [6200/8192] done
  [6400/8192] done
  [6600/8192] done
  [6800/8192] done
  [7000/8192] done
  [7200/8192] done
  [7400/8192] done
  [7600/8192] done
  [7800/8192] done
  [8000/8192] done
  [8192/8192] done
Wrote /sdf/home/m/miaed/tmo_exp/tmo101347625/scratch/miaed_mnis_data/mrco_h5_svd/2d_svd_r16_train/even-dist_Files.023_processed_svd2d_r16.h5
Processing 8192 groups: /sdf/home/m/miaed/tmo_exp/tmo101347625/scratch/miaed_mnis_data/mrco_h5/train/even-dist_Files.026_processed.h5 -> /sdf/home/m/miaed/tmo_exp/tmo101347625/scratch/miaed_mnis_data/mrco_h5_svd/2d_svd_r16_train/even-dist_Files.026_processed_svd2d_r16.h5
  [200/8192] done
  [400/8192] done
  [600/8192] done
  [800/8192] done
  [1000/8192] done
  [1200/8192] done
  [1400/8192] done
  [1600/8192] done
  [1800/8192] done
  [2000/8192] done
  [2200/8192] done
  [2400/8192] done
  [2600/8192] done
  [2800/8192] done
  [3000/8192] done
  [3200/8192] done
  [3400/8192] done
  [3600/8192] done
  [3800/8192] done
  [4000/8192] done
  [4200/8192] done
  [4400/8192] done
  [4600/8192] done
  [4800/8192] done
  [5000/8192] done
  [5200/8192] done
  [5400/8192] done
  [5600/8192] done
  [5800/8192] done
  [6000/8192] done
  [6200/8192] done
  [6400/8192] done
  [6600/8192] done
  [6800/8192] done
  [7000/8192] done
  [7200/8192] done
  [7400/8192] done
  [7600/8192] done
  [7800/8192] done
  [8000/8192] done
  [8192/8192] done
Wrote /sdf/home/m/miaed/tmo_exp/tmo101347625/scratch/miaed_mnis_data/mrco_h5_svd/2d_svd_r16_train/even-dist_Files.026_processed_svd2d_r16.h5
Processing 8192 groups: /sdf/home/m/miaed/tmo_exp/tmo101347625/scratch/miaed_mnis_data/mrco_h5/train/even-dist_Files.028_processed.h5 -> /sdf/home/m/miaed/tmo_exp/tmo101347625/scratch/miaed_mnis_data/mrco_h5_svd/2d_svd_r16_train/even-dist_Files.028_processed_svd2d_r16.h5
  [200/8192] done
  [400/8192] done
  [600/8192] done
  [800/8192] done
  [1000/8192] done
  [1200/8192] done
  [1400/8192] done
  [1600/8192] done
  [1800/8192] done
  [2000/8192] done
  [2200/8192] done
  [2400/8192] done
  [2600/8192] done
  [2800/8192] done
  [3000/8192] done
  [3200/8192] done
  [3400/8192] done
  [3600/8192] done
  [3800/8192] done
  [4000/8192] done
  [4200/8192] done
  [4400/8192] done
  [4600/8192] done
  [4800/8192] done
  [5000/8192] done
  [5200/8192] done
  [5400/8192] done
  [5600/8192] done
  [5800/8192] done
  [6000/8192] done
  [6200/8192] done
  [6400/8192] done
  [6600/8192] done
  [6800/8192] done
  [7000/8192] done
  [7200/8192] done
  [7400/8192] done
  [7600/8192] done
  [7800/8192] done
  [8000/8192] done
  [8192/8192] done
Wrote /sdf/home/m/miaed/tmo_exp/tmo101347625/scratch/miaed_mnis_data/mrco_h5_svd/2d_svd_r16_train/even-dist_Files.028_processed_svd2d_r16.h5
Processing 8192 groups: /sdf/home/m/miaed/tmo_exp/tmo101347625/scratch/miaed_mnis_data/mrco_h5/train/even-dist_Files.029_processed.h5 -> /sdf/home/m/miaed/tmo_exp/tmo101347625/scratch/miaed_mnis_data/mrco_h5_svd/2d_svd_r16_train/even-dist_Files.029_processed_svd2d_r16.h5
  [200/8192] done
  [400/8192] done
  [600/8192] done
  [800/8192] done
  [1000/8192] done
  [1200/8192] done
  [1400/8192] done
  [1600/8192] done
  [1800/8192] done
  [2000/8192] done
  [2200/8192] done
  [2400/8192] done
  [2600/8192] done
  [2800/8192] done
  [3000/8192] done
  [3200/8192] done
  [3400/8192] done
  [3600/8192] done
  [3800/8192] done
  [4000/8192] done
  [4200/8192] done
  [4400/8192] done
  [4600/8192] done
  [4800/8192] done
  [5000/8192] done
  [5200/8192] done
  [5400/8192] done
  [5600/8192] done
  [5800/8192] done
  [6000/8192] done
  [6200/8192] done
  [6400/8192] done
  [6600/8192] done
  [6800/8192] done
  [7000/8192] done
  [7200/8192] done
  [7400/8192] done
  [7600/8192] done
  [7800/8192] done
  [8000/8192] done
  [8192/8192] done
Wrote /sdf/home/m/miaed/tmo_exp/tmo101347625/scratch/miaed_mnis_data/mrco_h5_svd/2d_svd_r16_train/even-dist_Files.029_processed_svd2d_r16.h5
Processing 8192 groups: /sdf/home/m/miaed/tmo_exp/tmo101347625/scratch/miaed_mnis_data/mrco_h5/train/even-dist_Files.030_processed.h5 -> /sdf/home/m/miaed/tmo_exp/tmo101347625/scratch/miaed_mnis_data/mrco_h5_svd/2d_svd_r16_train/even-dist_Files.030_processed_svd2d_r16.h5
  [200/8192] done
  [400/8192] done
  [600/8192] done
  [800/8192] done
  [1000/8192] done
  [1200/8192] done
  [1400/8192] done
  [1600/8192] done
  [1800/8192] done
  [2000/8192] done
  [2200/8192] done
  [2400/8192] done
  [2600/8192] done
  [2800/8192] done
  [3000/8192] done
  [3200/8192] done
  [3400/8192] done
  [3600/8192] done
  [3800/8192] done
  [4000/8192] done
  [4200/8192] done
  [4400/8192] done
  [4600/8192] done
  [4800/8192] done
  [5000/8192] done
  [5200/8192] done
  [5400/8192] done
  [5600/8192] done
  [5800/8192] done
  [6000/8192] done
  [6200/8192] done
  [6400/8192] done
  [6600/8192] done
  [6800/8192] done
  [7000/8192] done
  [7200/8192] done
  [7400/8192] done
  [7600/8192] done
  [7800/8192] done
  [8000/8192] done
  [8192/8192] done
Wrote /sdf/home/m/miaed/tmo_exp/tmo101347625/scratch/miaed_mnis_data/mrco_h5_svd/2d_svd_r16_train/even-dist_Files.030_processed_svd2d_r16.h5
Processing 8192 groups: /sdf/home/m/miaed/tmo_exp/tmo101347625/scratch/miaed_mnis_data/mrco_h5/train/even-dist_Files.027_processed.h5 -> /sdf/home/m/miaed/tmo_exp/tmo101347625/scratch/miaed_mnis_data/mrco_h5_svd/2d_svd_r16_train/even-dist_Files.027_processed_svd2d_r16.h5
  [200/8192] done
  [400/8192] done
  [600/8192] done
  [800/8192] done
  [1000/8192] done
  [1200/8192] done
  [1400/8192] done
  [1600/8192] done
  [1800/8192] done
  [2000/8192] done
  [2200/8192] done
  [2400/8192] done
  [2600/8192] done
  [2800/8192] done
  [3000/8192] done
  [3200/8192] done
  [3400/8192] done
  [3600/8192] done
  [3800/8192] done
  [4000/8192] done
  [4200/8192] done
  [4400/8192] done
  [4600/8192] done
  [4800/8192] done
  [5000/8192] done
  [5200/8192] done
  [5400/8192] done
  [5600/8192] done
  [5800/8192] done
  [6000/8192] done
  [6200/8192] done
  [6400/8192] done
  [6600/8192] done
  [6800/8192] done
  [7000/8192] done
  [7200/8192] done
  [7400/8192] done
  [7600/8192] done
  [7800/8192] done
  [8000/8192] done
  [8192/8192] done
Wrote /sdf/home/m/miaed/tmo_exp/tmo101347625/scratch/miaed_mnis_data/mrco_h5_svd/2d_svd_r16_train/even-dist_Files.027_processed_svd2d_r16.h5
Processing 8192 groups: /sdf/home/m/miaed/tmo_exp/tmo101347625/scratch/miaed_mnis_data/mrco_h5/train/even-dist_Files.031_processed.h5 -> /sdf/home/m/miaed/tmo_exp/tmo101347625/scratch/miaed_mnis_data/mrco_h5_svd/2d_svd_r16_train/even-dist_Files.031_processed_svd2d_r16.h5
  [200/8192] done
  [400/8192] done
  [600/8192] done
  [800/8192] done
  [1000/8192] done
  [1200/8192] done
  [1400/8192] done
  [1600/8192] done
  [1800/8192] done
  [2000/8192] done
  [2200/8192] done
  [2400/8192] done
  [2600/8192] done
  [2800/8192] done
  [3000/8192] done
  [3200/8192] done
  [3400/8192] done
  [3600/8192] done
  [3800/8192] done
  [4000/8192] done
  [4200/8192] done
  [4400/8192] done
  [4600/8192] done
  [4800/8192] done
  [5000/8192] done
  [5200/8192] done
  [5400/8192] done
  [5600/8192] done
  [5800/8192] done
  [6000/8192] done
  [6200/8192] done
  [6400/8192] done
  [6600/8192] done
  [6800/8192] done
  [7000/8192] done
  [7200/8192] done
  [7400/8192] done
  [7600/8192] done
  [7800/8192] done
  [8000/8192] done
  [8192/8192] done
Wrote /sdf/home/m/miaed/tmo_exp/tmo101347625/scratch/miaed_mnis_data/mrco_h5_svd/2d_svd_r16_train/even-dist_Files.031_processed_svd2d_r16.h5
Processing 8192 groups: /sdf/home/m/miaed/tmo_exp/tmo101347625/scratch/miaed_mnis_data/mrco_h5/train/even-dist_Files.032_processed.h5 -> /sdf/home/m/miaed/tmo_exp/tmo101347625/scratch/miaed_mnis_data/mrco_h5_svd/2d_svd_r16_train/even-dist_Files.032_processed_svd2d_r16.h5
  [200/8192] done
  [400/8192] done
  [600/8192] done
  [800/8192] done
  [1000/8192] done
  [1200/8192] done
  [1400/8192] done
  [1600/8192] done
  [1800/8192] done
  [2000/8192] done
  [2200/8192] done
  [2400/8192] done
  [2600/8192] done
  [2800/8192] done
  [3000/8192] done
  [3200/8192] done
  [3400/8192] done
  [3600/8192] done
  [3800/8192] done
  [4000/8192] done
  [4200/8192] done
  [4400/8192] done
  [4600/8192] done
  [4800/8192] done
  [5000/8192] done
  [5200/8192] done
  [5400/8192] done
  [5600/8192] done
  [5800/8192] done
  [6000/8192] done
  [6200/8192] done
  [6400/8192] done
  [6600/8192] done
  [6800/8192] done
  [7000/8192] done
  [7200/8192] done
  [7400/8192] done
  [7600/8192] done
  [7800/8192] done
  [8000/8192] done
  [8192/8192] done
Wrote /sdf/home/m/miaed/tmo_exp/tmo101347625/scratch/miaed_mnis_data/mrco_h5_svd/2d_svd_r16_train/even-dist_Files.032_processed_svd2d_r16.h5
Processing 8192 groups: /sdf/home/m/miaed/tmo_exp/tmo101347625/scratch/miaed_mnis_data/mrco_h5/train/even-dist_Files.033_processed.h5 -> /sdf/home/m/miaed/tmo_exp/tmo101347625/scratch/miaed_mnis_data/mrco_h5_svd/2d_svd_r16_train/even-dist_Files.033_processed_svd2d_r16.h5
  [200/8192] done
  [400/8192] done
  [600/8192] done
  [800/8192] done
  [1000/8192] done
  [1200/8192] done
  [1400/8192] done
  [1600/8192] done
  [1800/8192] done
  [2000/8192] done
  [2200/8192] done
  [2400/8192] done
  [2600/8192] done
  [2800/8192] done
  [3000/8192] done
  [3200/8192] done
  [3400/8192] done
  [3600/8192] done
  [3800/8192] done
  [4000/8192] done
  [4200/8192] done
  [4400/8192] done
  [4600/8192] done
  [4800/8192] done
  [5000/8192] done
  [5200/8192] done
  [5400/8192] done
  [5600/8192] done
  [5800/8192] done
  [6000/8192] done
  [6200/8192] done
  [6400/8192] done
  [6600/8192] done
  [6800/8192] done
  [7000/8192] done
  [7200/8192] done
  [7400/8192] done
  [7600/8192] done
  [7800/8192] done
  [8000/8192] done
  [8192/8192] done
Wrote /sdf/home/m/miaed/tmo_exp/tmo101347625/scratch/miaed_mnis_data/mrco_h5_svd/2d_svd_r16_train/even-dist_Files.033_processed_svd2d_r16.h5
Processing 8192 groups: /sdf/home/m/miaed/tmo_exp/tmo101347625/scratch/miaed_mnis_data/mrco_h5/train/even-dist_Files.034_processed.h5 -> /sdf/home/m/miaed/tmo_exp/tmo101347625/scratch/miaed_mnis_data/mrco_h5_svd/2d_svd_r16_train/even-dist_Files.034_processed_svd2d_r16.h5
  [200/8192] done
  [400/8192] done
  [600/8192] done
  [800/8192] done
  [1000/8192] done
  [1200/8192] done
  [1400/8192] done
  [1600/8192] done
  [1800/8192] done
  [2000/8192] done
  [2200/8192] done
  [2400/8192] done
  [2600/8192] done
  [2800/8192] done
  [3000/8192] done
  [3200/8192] done
  [3400/8192] done
  [3600/8192] done
  [3800/8192] done
  [4000/8192] done
  [4200/8192] done
  [4400/8192] done
  [4600/8192] done
  [4800/8192] done
  [5000/8192] done
  [5200/8192] done
  [5400/8192] done
  [5600/8192] done
  [5800/8192] done
  [6000/8192] done
  [6200/8192] done
  [6400/8192] done
  [6600/8192] done
  [6800/8192] done
  [7000/8192] done
  [7200/8192] done
  [7400/8192] done
  [7600/8192] done
  [7800/8192] done
  [8000/8192] done
  [8192/8192] done
Wrote /sdf/home/m/miaed/tmo_exp/tmo101347625/scratch/miaed_mnis_data/mrco_h5_svd/2d_svd_r16_train/even-dist_Files.034_processed_svd2d_r16.h5
Processing 8192 groups: /sdf/home/m/miaed/tmo_exp/tmo101347625/scratch/miaed_mnis_data/mrco_h5/train/Even_Distribution_Pulses_Processed_train_even-dist_Files.000_processed.h5 -> /sdf/home/m/miaed/tmo_exp/tmo101347625/scratch/miaed_mnis_data/mrco_h5_svd/2d_svd_r16_train/Even_Distribution_Pulses_Processed_train_even-dist_Files.000_processed_svd2d_r16.h5
  [200/8192] done
  [400/8192] done
  [600/8192] done
  [800/8192] done
  [1000/8192] done
  [1200/8192] done
  [1400/8192] done
  [1600/8192] done
  [1800/8192] done
  [2000/8192] done
  [2200/8192] done
  [2400/8192] done
  [2600/8192] done
  [2800/8192] done
  [3000/8192] done
  [3200/8192] done
  [3400/8192] done
  [3600/8192] done
  [3800/8192] done
  [4000/8192] done
  [4200/8192] done
  [4400/8192] done
  [4600/8192] done
  [4800/8192] done
  [5000/8192] done
  [5200/8192] done
  [5400/8192] done
  [5600/8192] done
  [5800/8192] done
  [6000/8192] done
  [6200/8192] done
  [6400/8192] done
  [6600/8192] done
  [6800/8192] done
  [7000/8192] done
  [7200/8192] done
  [7400/8192] done
  [7600/8192] done
  [7800/8192] done
  [8000/8192] done
  [8192/8192] done
Wrote /sdf/home/m/miaed/tmo_exp/tmo101347625/scratch/miaed_mnis_data/mrco_h5_svd/2d_svd_r16_train/Even_Distribution_Pulses_Processed_train_even-dist_Files.000_processed_svd2d_r16.h5
Processing 8192 groups: /sdf/home/m/miaed/tmo_exp/tmo101347625/scratch/miaed_mnis_data/mrco_h5/train/even-dist_Files.035_processed.h5 -> /sdf/home/m/miaed/tmo_exp/tmo101347625/scratch/miaed_mnis_data/mrco_h5_svd/2d_svd_r16_train/even-dist_Files.035_processed_svd2d_r16.h5
  [200/8192] done
  [400/8192] done
  [600/8192] done
  [800/8192] done
  [1000/8192] done
  [1200/8192] done
  [1400/8192] done
  [1600/8192] done
  [1800/8192] done
  [2000/8192] done
  [2200/8192] done
  [2400/8192] done
  [2600/8192] done
  [2800/8192] done
  [3000/8192] done
  [3200/8192] done
  [3400/8192] done
  [3600/8192] done
  [3800/8192] done
  [4000/8192] done
  [4200/8192] done
  [4400/8192] done
  [4600/8192] done
  [4800/8192] done
  [5000/8192] done
  [5200/8192] done
  [5400/8192] done
  [5600/8192] done
  [5800/8192] done
  [6000/8192] done
  [6200/8192] done
  [6400/8192] done
  [6600/8192] done
  [6800/8192] done
  [7000/8192] done
  [7200/8192] done
  [7400/8192] done
  [7600/8192] done
  [7800/8192] done
  [8000/8192] done
  [8192/8192] done
Wrote /sdf/home/m/miaed/tmo_exp/tmo101347625/scratch/miaed_mnis_data/mrco_h5_svd/2d_svd_r16_train/even-dist_Files.035_processed_svd2d_r16.h5
=== mode=2d rank=28 split=test: /sdf/home/m/miaed/tmo_exp/tmo101347625/scratch/miaed_mnis_data/mrco_h5/test -> /sdf/home/m/miaed/tmo_exp/tmo101347625/scratch/miaed_mnis_data/mrco_h5_svd/2d_svd_r28_test ===
Processing 8192 groups: /sdf/home/m/miaed/tmo_exp/tmo101347625/scratch/miaed_mnis_data/mrco_h5/test/even-dist_Files.037_processed.h5 -> /sdf/home/m/miaed/tmo_exp/tmo101347625/scratch/miaed_mnis_data/mrco_h5_svd/2d_svd_r28_test/even-dist_Files.037_processed_svd2d_r28.h5
  [200/8192] done
  [400/8192] done
  [600/8192] done
  [800/8192] done
  [1000/8192] done
  [1200/8192] done
  [1400/8192] done
  [1600/8192] done
  [1800/8192] done
  [2000/8192] done
  [2200/8192] done
  [2400/8192] done
  [2600/8192] done
  [2800/8192] done
  [3000/8192] done
  [3200/8192] done
  [3400/8192] done
  [3600/8192] done
  [3800/8192] done
  [4000/8192] done
  [4200/8192] done
  [4400/8192] done
  [4600/8192] done
  [4800/8192] done
  [5000/8192] done
  [5200/8192] done
  [5400/8192] done
  [5600/8192] done
  [5800/8192] done
  [6000/8192] done
  [6200/8192] done
  [6400/8192] done
  [6600/8192] done
  [6800/8192] done
  [7000/8192] done
  [7200/8192] done
  [7400/8192] done
  [7600/8192] done
  [7800/8192] done
  [8000/8192] done
  [8192/8192] done
Wrote /sdf/home/m/miaed/tmo_exp/tmo101347625/scratch/miaed_mnis_data/mrco_h5_svd/2d_svd_r28_test/even-dist_Files.037_processed_svd2d_r28.h5
Processing 8192 groups: /sdf/home/m/miaed/tmo_exp/tmo101347625/scratch/miaed_mnis_data/mrco_h5/test/even-dist_Files.022_processed.h5 -> /sdf/home/m/miaed/tmo_exp/tmo101347625/scratch/miaed_mnis_data/mrco_h5_svd/2d_svd_r28_test/even-dist_Files.022_processed_svd2d_r28.h5
  [200/8192] done
  [400/8192] done
  [600/8192] done
  [800/8192] done
  [1000/8192] done
  [1200/8192] done
  [1400/8192] done
  [1600/8192] done
  [1800/8192] done
  [2000/8192] done
  [2200/8192] done
  [2400/8192] done
  [2600/8192] done
  [2800/8192] done
  [3000/8192] done
  [3200/8192] done
  [3400/8192] done
  [3600/8192] done
  [3800/8192] done
  [4000/8192] done
  [4200/8192] done
  [4400/8192] done
  [4600/8192] done
  [4800/8192] done
  [5000/8192] done
  [5200/8192] done
  [5400/8192] done
  [5600/8192] done
  [5800/8192] done
  [6000/8192] done
  [6200/8192] done
  [6400/8192] done
  [6600/8192] done
  [6800/8192] done
  [7000/8192] done
  [7200/8192] done
  [7400/8192] done
  [7600/8192] done
  [7800/8192] done
  [8000/8192] done
  [8192/8192] done
Wrote /sdf/home/m/miaed/tmo_exp/tmo101347625/scratch/miaed_mnis_data/mrco_h5_svd/2d_svd_r28_test/even-dist_Files.022_processed_svd2d_r28.h5
Processing 8192 groups: /sdf/home/m/miaed/tmo_exp/tmo101347625/scratch/miaed_mnis_data/mrco_h5/test/even-dist_Files.027_processed.h5 -> /sdf/home/m/miaed/tmo_exp/tmo101347625/scratch/miaed_mnis_data/mrco_h5_svd/2d_svd_r28_test/even-dist_Files.027_processed_svd2d_r28.h5
  [200/8192] done
  [400/8192] done
  [600/8192] done
  [800/8192] done
  [1000/8192] done
  [1200/8192] done
  [1400/8192] done
  [1600/8192] done
  [1800/8192] done
  [2000/8192] done
  [2200/8192] done
  [2400/8192] done
  [2600/8192] done
  [2800/8192] done
  [3000/8192] done
  [3200/8192] done
  [3400/8192] done
  [3600/8192] done
  [3800/8192] done
  [4000/8192] done
  [4200/8192] done
  [4400/8192] done
  [4600/8192] done
  [4800/8192] done
  [5000/8192] done
  [5200/8192] done
  [5400/8192] done
  [5600/8192] done
  [5800/8192] done
  [6000/8192] done
  [6200/8192] done
  [6400/8192] done
  [6600/8192] done
  [6800/8192] done
  [7000/8192] done
  [7200/8192] done
  [7400/8192] done
  [7600/8192] done
  [7800/8192] done
  [8000/8192] done
  [8192/8192] done
Wrote /sdf/home/m/miaed/tmo_exp/tmo101347625/scratch/miaed_mnis_data/mrco_h5_svd/2d_svd_r28_test/even-dist_Files.027_processed_svd2d_r28.h5
Processing 8192 groups: /sdf/home/m/miaed/tmo_exp/tmo101347625/scratch/miaed_mnis_data/mrco_h5/test/even-dist_Files.031_processed.h5 -> /sdf/home/m/miaed/tmo_exp/tmo101347625/scratch/miaed_mnis_data/mrco_h5_svd/2d_svd_r28_test/even-dist_Files.031_processed_svd2d_r28.h5
  [200/8192] done
  [400/8192] done
  [600/8192] done
  [800/8192] done
  [1000/8192] done
  [1200/8192] done
  [1400/8192] done
  [1600/8192] done
  [1800/8192] done
  [2000/8192] done
  [2200/8192] done
  [2400/8192] done
  [2600/8192] done
  [2800/8192] done
  [3000/8192] done
  [3200/8192] done
  [3400/8192] done
  [3600/8192] done
  [3800/8192] done
  [4000/8192] done
  [4200/8192] done
  [4400/8192] done
  [4600/8192] done
  [4800/8192] done
  [5000/8192] done
  [5200/8192] done
  [5400/8192] done
  [5600/8192] done
  [5800/8192] done
  [6000/8192] done
  [6200/8192] done
  [6400/8192] done
  [6600/8192] done
  [6800/8192] done
  [7000/8192] done
  [7200/8192] done
  [7400/8192] done
  [7600/8192] done
  [7800/8192] done
  [8000/8192] done
  [8192/8192] done
Wrote /sdf/home/m/miaed/tmo_exp/tmo101347625/scratch/miaed_mnis_data/mrco_h5_svd/2d_svd_r28_test/even-dist_Files.031_processed_svd2d_r28.h5
Processing 8192 groups: /sdf/home/m/miaed/tmo_exp/tmo101347625/scratch/miaed_mnis_data/mrco_h5/test/even-dist_Files.040_processed.h5 -> /sdf/home/m/miaed/tmo_exp/tmo101347625/scratch/miaed_mnis_data/mrco_h5_svd/2d_svd_r28_test/even-dist_Files.040_processed_svd2d_r28.h5
  [200/8192] done
  [400/8192] done
  [600/8192] done
  [800/8192] done
  [1000/8192] done
  [1200/8192] done
  [1400/8192] done
  [1600/8192] done
  [1800/8192] done
  [2000/8192] done
  [2200/8192] done
  [2400/8192] done
  [2600/8192] done
  [2800/8192] done
  [3000/8192] done
  [3200/8192] done
  [3400/8192] done
  [3600/8192] done
  [3800/8192] done
  [4000/8192] done
  [4200/8192] done
  [4400/8192] done
  [4600/8192] done
  [4800/8192] done
  [5000/8192] done
  [5200/8192] done
  [5400/8192] done
  [5600/8192] done
  [5800/8192] done
  [6000/8192] done
  [6200/8192] done
  [6400/8192] done
  [6600/8192] done
  [6800/8192] done
  [7000/8192] done
  [7200/8192] done
  [7400/8192] done
  [7600/8192] done
  [7800/8192] done
  [8000/8192] done
  [8192/8192] done
Wrote /sdf/home/m/miaed/tmo_exp/tmo101347625/scratch/miaed_mnis_data/mrco_h5_svd/2d_svd_r28_test/even-dist_Files.040_processed_svd2d_r28.h5
Processing 8192 groups: /sdf/home/m/miaed/tmo_exp/tmo101347625/scratch/miaed_mnis_data/mrco_h5/test/even-dist_Files.045_processed.h5 -> /sdf/home/m/miaed/tmo_exp/tmo101347625/scratch/miaed_mnis_data/mrco_h5_svd/2d_svd_r28_test/even-dist_Files.045_processed_svd2d_r28.h5
  [200/8192] done
  [400/8192] done
  [600/8192] done
  [800/8192] done
  [1000/8192] done
  [1200/8192] done
  [1400/8192] done
  [1600/8192] done
  [1800/8192] done
  [2000/8192] done
  [2200/8192] done
  [2400/8192] done
  [2600/8192] done
  [2800/8192] done
  [3000/8192] done
  [3200/8192] done
  [3400/8192] done
  [3600/8192] done
  [3800/8192] done
  [4000/8192] done
  [4200/8192] done
  [4400/8192] done
  [4600/8192] done
  [4800/8192] done
  [5000/8192] done
  [5200/8192] done
  [5400/8192] done
  [5600/8192] done
  [5800/8192] done
  [6000/8192] done
  [6200/8192] done
  [6400/8192] done
  [6600/8192] done
  [6800/8192] done
  [7000/8192] done
  [7200/8192] done
  [7400/8192] done
  [7600/8192] done
  [7800/8192] done
  [8000/8192] done
  [8192/8192] done
Wrote /sdf/home/m/miaed/tmo_exp/tmo101347625/scratch/miaed_mnis_data/mrco_h5_svd/2d_svd_r28_test/even-dist_Files.045_processed_svd2d_r28.h5
Processing 8192 groups: /sdf/home/m/miaed/tmo_exp/tmo101347625/scratch/miaed_mnis_data/mrco_h5/test/even-dist_Files.050_processed.h5 -> /sdf/home/m/miaed/tmo_exp/tmo101347625/scratch/miaed_mnis_data/mrco_h5_svd/2d_svd_r28_test/even-dist_Files.050_processed_svd2d_r28.h5
  [200/8192] done
  [400/8192] done
  [600/8192] done
  [800/8192] done
  [1000/8192] done
  [1200/8192] done
  [1400/8192] done
  [1600/8192] done
  [1800/8192] done
  [2000/8192] done
  [2200/8192] done
  [2400/8192] done
  [2600/8192] done
  [2800/8192] done
  [3000/8192] done
  [3200/8192] done
  [3400/8192] done
  [3600/8192] done
  [3800/8192] done
  [4000/8192] done
  [4200/8192] done
  [4400/8192] done
  [4600/8192] done
  [4800/8192] done
  [5000/8192] done
  [5200/8192] done
  [5400/8192] done
  [5600/8192] done
  [5800/8192] done
  [6000/8192] done
  [6200/8192] done
  [6400/8192] done
  [6600/8192] done
  [6800/8192] done
  [7000/8192] done
  [7200/8192] done
  [7400/8192] done
  [7600/8192] done
  [7800/8192] done
  [8000/8192] done
  [8192/8192] done
Wrote /sdf/home/m/miaed/tmo_exp/tmo101347625/scratch/miaed_mnis_data/mrco_h5_svd/2d_svd_r28_test/even-dist_Files.050_processed_svd2d_r28.h5
Processing 8192 groups: /sdf/home/m/miaed/tmo_exp/tmo101347625/scratch/miaed_mnis_data/mrco_h5/test/even-dist_Files.048_processed.h5 -> /sdf/home/m/miaed/tmo_exp/tmo101347625/scratch/miaed_mnis_data/mrco_h5_svd/2d_svd_r28_test/even-dist_Files.048_processed_svd2d_r28.h5
  [200/8192] done
  [400/8192] done
  [600/8192] done
  [800/8192] done
  [1000/8192] done
  [1200/8192] done
  [1400/8192] done
  [1600/8192] done
  [1800/8192] done
  [2000/8192] done
  [2200/8192] done
  [2400/8192] done
  [2600/8192] done
  [2800/8192] done
  [3000/8192] done
  [3200/8192] done
  [3400/8192] done
  [3600/8192] done
  [3800/8192] done
  [4000/8192] done
  [4200/8192] done
  [4400/8192] done
  [4600/8192] done
  [4800/8192] done
  [5000/8192] done
  [5200/8192] done
  [5400/8192] done
  [5600/8192] done
  [5800/8192] done
  [6000/8192] done
  [6200/8192] done
  [6400/8192] done
  [6600/8192] done
  [6800/8192] done
  [7000/8192] done
  [7200/8192] done
  [7400/8192] done
  [7600/8192] done
  [7800/8192] done
  [8000/8192] done
  [8192/8192] done
Wrote /sdf/home/m/miaed/tmo_exp/tmo101347625/scratch/miaed_mnis_data/mrco_h5_svd/2d_svd_r28_test/even-dist_Files.048_processed_svd2d_r28.h5
Processing 8192 groups: /sdf/home/m/miaed/tmo_exp/tmo101347625/scratch/miaed_mnis_data/mrco_h5/test/even-dist_Files.052_processed.h5 -> /sdf/home/m/miaed/tmo_exp/tmo101347625/scratch/miaed_mnis_data/mrco_h5_svd/2d_svd_r28_test/even-dist_Files.052_processed_svd2d_r28.h5
  [200/8192] done
  [400/8192] done
  [600/8192] done
  [800/8192] done
  [1000/8192] done
  [1200/8192] done
  [1400/8192] done
  [1600/8192] done
  [1800/8192] done
  [2000/8192] done
  [2200/8192] done
  [2400/8192] done
  [2600/8192] done
  [2800/8192] done
  [3000/8192] done
  [3200/8192] done
  [3400/8192] done
  [3600/8192] done
  [3800/8192] done
  [4000/8192] done
  [4200/8192] done
  [4400/8192] done
  [4600/8192] done
  [4800/8192] done
  [5000/8192] done
  [5200/8192] done
  [5400/8192] done
  [5600/8192] done
  [5800/8192] done
  [6000/8192] done
  [6200/8192] done
  [6400/8192] done
  [6600/8192] done
  [6800/8192] done
  [7000/8192] done
  [7200/8192] done
  [7400/8192] done
  [7600/8192] done
  [7800/8192] done
  [8000/8192] done
  [8192/8192] done
Wrote /sdf/home/m/miaed/tmo_exp/tmo101347625/scratch/miaed_mnis_data/mrco_h5_svd/2d_svd_r28_test/even-dist_Files.052_processed_svd2d_r28.h5
Processing 8192 groups: /sdf/home/m/miaed/tmo_exp/tmo101347625/scratch/miaed_mnis_data/mrco_h5/test/Even_Distribution_Pulses_Processed_test_even-dist_Files.003_processed.h5 -> /sdf/home/m/miaed/tmo_exp/tmo101347625/scratch/miaed_mnis_data/mrco_h5_svd/2d_svd_r28_test/Even_Distribution_Pulses_Processed_test_even-dist_Files.003_processed_svd2d_r28.h5
  [200/8192] done
  [400/8192] done
  [600/8192] done
  [800/8192] done
  [1000/8192] done
  [1200/8192] done
  [1400/8192] done
  [1600/8192] done
  [1800/8192] done
  [2000/8192] done
  [2200/8192] done
  [2400/8192] done
  [2600/8192] done
  [2800/8192] done
  [3000/8192] done
  [3200/8192] done
  [3400/8192] done
  [3600/8192] done
  [3800/8192] done
  [4000/8192] done
  [4200/8192] done
  [4400/8192] done
  [4600/8192] done
  [4800/8192] done
  [5000/8192] done
  [5200/8192] done
  [5400/8192] done
  [5600/8192] done
  [5800/8192] done
  [6000/8192] done
  [6200/8192] done
  [6400/8192] done
  [6600/8192] done
  [6800/8192] done
  [7000/8192] done
  [7200/8192] done
  [7400/8192] done
  [7600/8192] done
  [7800/8192] done
  [8000/8192] done
  [8192/8192] done
Wrote /sdf/home/m/miaed/tmo_exp/tmo101347625/scratch/miaed_mnis_data/mrco_h5_svd/2d_svd_r28_test/Even_Distribution_Pulses_Processed_test_even-dist_Files.003_processed_svd2d_r28.h5
=== mode=2d rank=28 split=train: /sdf/home/m/miaed/tmo_exp/tmo101347625/scratch/miaed_mnis_data/mrco_h5/train -> /sdf/home/m/miaed/tmo_exp/tmo101347625/scratch/miaed_mnis_data/mrco_h5_svd/2d_svd_r28_train ===
Processing 8192 groups: /sdf/home/m/miaed/tmo_exp/tmo101347625/scratch/miaed_mnis_data/mrco_h5/train/even-dist_Files.004_processed.h5 -> /sdf/home/m/miaed/tmo_exp/tmo101347625/scratch/miaed_mnis_data/mrco_h5_svd/2d_svd_r28_train/even-dist_Files.004_processed_svd2d_r28.h5
  [200/8192] done
  [400/8192] done
  [600/8192] done
  [800/8192] done
  [1000/8192] done
  [1200/8192] done
  [1400/8192] done
  [1600/8192] done
  [1800/8192] done
  [2000/8192] done
  [2200/8192] done
  [2400/8192] done
  [2600/8192] done
  [2800/8192] done
  [3000/8192] done
  [3200/8192] done
  [3400/8192] done
  [3600/8192] done
  [3800/8192] done
  [4000/8192] done
  [4200/8192] done
  [4400/8192] done
  [4600/8192] done
  [4800/8192] done
  [5000/8192] done
  [5200/8192] done
  [5400/8192] done
  [5600/8192] done
  [5800/8192] done
  [6000/8192] done
  [6200/8192] done
  [6400/8192] done
  [6600/8192] done
  [6800/8192] done
  [7000/8192] done
  [7200/8192] done
  [7400/8192] done
  [7600/8192] done
  [7800/8192] done
  [8000/8192] done
  [8192/8192] done
Wrote /sdf/home/m/miaed/tmo_exp/tmo101347625/scratch/miaed_mnis_data/mrco_h5_svd/2d_svd_r28_train/even-dist_Files.004_processed_svd2d_r28.h5
Processing 8192 groups: /sdf/home/m/miaed/tmo_exp/tmo101347625/scratch/miaed_mnis_data/mrco_h5/train/even-dist_Files.003_processed.h5 -> /sdf/home/m/miaed/tmo_exp/tmo101347625/scratch/miaed_mnis_data/mrco_h5_svd/2d_svd_r28_train/even-dist_Files.003_processed_svd2d_r28.h5
  [200/8192] done
  [400/8192] done
  [600/8192] done
  [800/8192] done
  [1000/8192] done
  [1200/8192] done
  [1400/8192] done
  [1600/8192] done
  [1800/8192] done
  [2000/8192] done
  [2200/8192] done
  [2400/8192] done
  [2600/8192] done
  [2800/8192] done
  [3000/8192] done
  [3200/8192] done
  [3400/8192] done
  [3600/8192] done
  [3800/8192] done
  [4000/8192] done
  [4200/8192] done
  [4400/8192] done
  [4600/8192] done
  [4800/8192] done
  [5000/8192] done
  [5200/8192] done
  [5400/8192] done
  [5600/8192] done
  [5800/8192] done
  [6000/8192] done
  [6200/8192] done
  [6400/8192] done
  [6600/8192] done
  [6800/8192] done
  [7000/8192] done
  [7200/8192] done
  [7400/8192] done
  [7600/8192] done
  [7800/8192] done
  [8000/8192] done
  [8192/8192] done
Wrote /sdf/home/m/miaed/tmo_exp/tmo101347625/scratch/miaed_mnis_data/mrco_h5_svd/2d_svd_r28_train/even-dist_Files.003_processed_svd2d_r28.h5
Processing 8192 groups: /sdf/home/m/miaed/tmo_exp/tmo101347625/scratch/miaed_mnis_data/mrco_h5/train/even-dist_Files.002_processed.h5 -> /sdf/home/m/miaed/tmo_exp/tmo101347625/scratch/miaed_mnis_data/mrco_h5_svd/2d_svd_r28_train/even-dist_Files.002_processed_svd2d_r28.h5
  [200/8192] done
  [400/8192] done
  [600/8192] done
  [800/8192] done
  [1000/8192] done
  [1200/8192] done
  [1400/8192] done
  [1600/8192] done
  [1800/8192] done
  [2000/8192] done
  [2200/8192] done
  [2400/8192] done
  [2600/8192] done
  [2800/8192] done
  [3000/8192] done
  [3200/8192] done
  [3400/8192] done
  [3600/8192] done
  [3800/8192] done
  [4000/8192] done
  [4200/8192] done
  [4400/8192] done
  [4600/8192] done
  [4800/8192] done
  [5000/8192] done
  [5200/8192] done
  [5400/8192] done
  [5600/8192] done
  [5800/8192] done
  [6000/8192] done
  [6200/8192] done
  [6400/8192] done
  [6600/8192] done
  [6800/8192] done
  [7000/8192] done
  [7200/8192] done
  [7400/8192] done
  [7600/8192] done
  [7800/8192] done
  [8000/8192] done
  [8192/8192] done
Wrote /sdf/home/m/miaed/tmo_exp/tmo101347625/scratch/miaed_mnis_data/mrco_h5_svd/2d_svd_r28_train/even-dist_Files.002_processed_svd2d_r28.h5
Processing 8192 groups: /sdf/home/m/miaed/tmo_exp/tmo101347625/scratch/miaed_mnis_data/mrco_h5/train/even-dist_Files.001_processed.h5 -> /sdf/home/m/miaed/tmo_exp/tmo101347625/scratch/miaed_mnis_data/mrco_h5_svd/2d_svd_r28_train/even-dist_Files.001_processed_svd2d_r28.h5
  [200/8192] done
  [400/8192] done
  [600/8192] done
  [800/8192] done
  [1000/8192] done
  [1200/8192] done
  [1400/8192] done
  [1600/8192] done
  [1800/8192] done
  [2000/8192] done
  [2200/8192] done
  [2400/8192] done
  [2600/8192] done
  [2800/8192] done
  [3000/8192] done
  [3200/8192] done
  [3400/8192] done
  [3600/8192] done
  [3800/8192] done
  [4000/8192] done
  [4200/8192] done
  [4400/8192] done
  [4600/8192] done
  [4800/8192] done
  [5000/8192] done
  [5200/8192] done
  [5400/8192] done
  [5600/8192] done
  [5800/8192] done
  [6000/8192] done
  [6200/8192] done
  [6400/8192] done
  [6600/8192] done
  [6800/8192] done
  [7000/8192] done
  [7200/8192] done
  [7400/8192] done
  [7600/8192] done
  [7800/8192] done
  [8000/8192] done
  [8192/8192] done
Wrote /sdf/home/m/miaed/tmo_exp/tmo101347625/scratch/miaed_mnis_data/mrco_h5_svd/2d_svd_r28_train/even-dist_Files.001_processed_svd2d_r28.h5
Processing 8192 groups: /sdf/home/m/miaed/tmo_exp/tmo101347625/scratch/miaed_mnis_data/mrco_h5/train/even-dist_Files.005_processed.h5 -> /sdf/home/m/miaed/tmo_exp/tmo101347625/scratch/miaed_mnis_data/mrco_h5_svd/2d_svd_r28_train/even-dist_Files.005_processed_svd2d_r28.h5
  [200/8192] done
  [400/8192] done
  [600/8192] done
  [800/8192] done
  [1000/8192] done
  [1200/8192] done
  [1400/8192] done
  [1600/8192] done
  [1800/8192] done
  [2000/8192] done
  [2200/8192] done
  [2400/8192] done
  [2600/8192] done
  [2800/8192] done
  [3000/8192] done
  [3200/8192] done
  [3400/8192] done
  [3600/8192] done
  [3800/8192] done
  [4000/8192] done
  [4200/8192] done
  [4400/8192] done
  [4600/8192] done
  [4800/8192] done
  [5000/8192] done
  [5200/8192] done
  [5400/8192] done
  [5600/8192] done
  [5800/8192] done
  [6000/8192] done
  [6200/8192] done
  [6400/8192] done
  [6600/8192] done
  [6800/8192] done
  [7000/8192] done
  [7200/8192] done
  [7400/8192] done
  [7600/8192] done
  [7800/8192] done
  [8000/8192] done
  [8192/8192] done
Wrote /sdf/home/m/miaed/tmo_exp/tmo101347625/scratch/miaed_mnis_data/mrco_h5_svd/2d_svd_r28_train/even-dist_Files.005_processed_svd2d_r28.h5
Processing 8192 groups: /sdf/home/m/miaed/tmo_exp/tmo101347625/scratch/miaed_mnis_data/mrco_h5/train/even-dist_Files.007_processed.h5 -> /sdf/home/m/miaed/tmo_exp/tmo101347625/scratch/miaed_mnis_data/mrco_h5_svd/2d_svd_r28_train/even-dist_Files.007_processed_svd2d_r28.h5
  [200/8192] done
  [400/8192] done
  [600/8192] done
  [800/8192] done
  [1000/8192] done
  [1200/8192] done
  [1400/8192] done
  [1600/8192] done
  [1800/8192] done
  [2000/8192] done
  [2200/8192] done
  [2400/8192] done
  [2600/8192] done
  [2800/8192] done
  [3000/8192] done
  [3200/8192] done
  [3400/8192] done
  [3600/8192] done
  [3800/8192] done
  [4000/8192] done
  [4200/8192] done
  [4400/8192] done
  [4600/8192] done
  [4800/8192] done
  [5000/8192] done
  [5200/8192] done
  [5400/8192] done
  [5600/8192] done
  [5800/8192] done
  [6000/8192] done
  [6200/8192] done
  [6400/8192] done
  [6600/8192] done
  [6800/8192] done
  [7000/8192] done
  [7200/8192] done
  [7400/8192] done
  [7600/8192] done
  [7800/8192] done
  [8000/8192] done
  [8192/8192] done
Wrote /sdf/home/m/miaed/tmo_exp/tmo101347625/scratch/miaed_mnis_data/mrco_h5_svd/2d_svd_r28_train/even-dist_Files.007_processed_svd2d_r28.h5
Processing 8192 groups: /sdf/home/m/miaed/tmo_exp/tmo101347625/scratch/miaed_mnis_data/mrco_h5/train/even-dist_Files.006_processed.h5 -> /sdf/home/m/miaed/tmo_exp/tmo101347625/scratch/miaed_mnis_data/mrco_h5_svd/2d_svd_r28_train/even-dist_Files.006_processed_svd2d_r28.h5
  [200/8192] done
  [400/8192] done
  [600/8192] done
  [800/8192] done
  [1000/8192] done
  [1200/8192] done
  [1400/8192] done
  [1600/8192] done
  [1800/8192] done
  [2000/8192] done
  [2200/8192] done
  [2400/8192] done
  [2600/8192] done
  [2800/8192] done
  [3000/8192] done
  [3200/8192] done
  [3400/8192] done
  [3600/8192] done
  [3800/8192] done
  [4000/8192] done
  [4200/8192] done
  [4400/8192] done
  [4600/8192] done
  [4800/8192] done
  [5000/8192] done
  [5200/8192] done
  [5400/8192] done
  [5600/8192] done
  [5800/8192] done
  [6000/8192] done
  [6200/8192] done
  [6400/8192] done
  [6600/8192] done
  [6800/8192] done
  [7000/8192] done
  [7200/8192] done
  [7400/8192] done
  [7600/8192] done
  [7800/8192] done
  [8000/8192] done
  [8192/8192] done
Wrote /sdf/home/m/miaed/tmo_exp/tmo101347625/scratch/miaed_mnis_data/mrco_h5_svd/2d_svd_r28_train/even-dist_Files.006_processed_svd2d_r28.h5
Processing 8192 groups: /sdf/home/m/miaed/tmo_exp/tmo101347625/scratch/miaed_mnis_data/mrco_h5/train/even-dist_Files.008_processed.h5 -> /sdf/home/m/miaed/tmo_exp/tmo101347625/scratch/miaed_mnis_data/mrco_h5_svd/2d_svd_r28_train/even-dist_Files.008_processed_svd2d_r28.h5
  [200/8192] done
  [400/8192] done
  [600/8192] done
  [800/8192] done
  [1000/8192] done
  [1200/8192] done
  [1400/8192] done
  [1600/8192] done
  [1800/8192] done
  [2000/8192] done
  [2200/8192] done
  [2400/8192] done
  [2600/8192] done
  [2800/8192] done
  [3000/8192] done
  [3200/8192] done
  [3400/8192] done
  [3600/8192] done
  [3800/8192] done
  [4000/8192] done
  [4200/8192] done
  [4400/8192] done
  [4600/8192] done
  [4800/8192] done
  [5000/8192] done
  [5200/8192] done
  [5400/8192] done
  [5600/8192] done
  [5800/8192] done
  [6000/8192] done
  [6200/8192] done
  [6400/8192] done
  [6600/8192] done
  [6800/8192] done
  [7000/8192] done
  [7200/8192] done
  [7400/8192] done
  [7600/8192] done
  [7800/8192] done
  [8000/8192] done
  [8192/8192] done
Wrote /sdf/home/m/miaed/tmo_exp/tmo101347625/scratch/miaed_mnis_data/mrco_h5_svd/2d_svd_r28_train/even-dist_Files.008_processed_svd2d_r28.h5
Processing 8192 groups: /sdf/home/m/miaed/tmo_exp/tmo101347625/scratch/miaed_mnis_data/mrco_h5/train/even-dist_Files.017_processed.h5 -> /sdf/home/m/miaed/tmo_exp/tmo101347625/scratch/miaed_mnis_data/mrco_h5_svd/2d_svd_r28_train/even-dist_Files.017_processed_svd2d_r28.h5
  [200/8192] done
  [400/8192] done
  [600/8192] done
  [800/8192] done
  [1000/8192] done
  [1200/8192] done
  [1400/8192] done
  [1600/8192] done
  [1800/8192] done
  [2000/8192] done
  [2200/8192] done
  [2400/8192] done
  [2600/8192] done
  [2800/8192] done
  [3000/8192] done
  [3200/8192] done
  [3400/8192] done
  [3600/8192] done
  [3800/8192] done
  [4000/8192] done
  [4200/8192] done
  [4400/8192] done
  [4600/8192] done
  [4800/8192] done
  [5000/8192] done
  [5200/8192] done
  [5400/8192] done
  [5600/8192] done
  [5800/8192] done
  [6000/8192] done
  [6200/8192] done
  [6400/8192] done
  [6600/8192] done
  [6800/8192] done
  [7000/8192] done
  [7200/8192] done
  [7400/8192] done
  [7600/8192] done
  [7800/8192] done
  [8000/8192] done
  [8192/8192] done
Wrote /sdf/home/m/miaed/tmo_exp/tmo101347625/scratch/miaed_mnis_data/mrco_h5_svd/2d_svd_r28_train/even-dist_Files.017_processed_svd2d_r28.h5
Processing 8192 groups: /sdf/home/m/miaed/tmo_exp/tmo101347625/scratch/miaed_mnis_data/mrco_h5/train/even-dist_Files.016_processed.h5 -> /sdf/home/m/miaed/tmo_exp/tmo101347625/scratch/miaed_mnis_data/mrco_h5_svd/2d_svd_r28_train/even-dist_Files.016_processed_svd2d_r28.h5
  [200/8192] done
  [400/8192] done
  [600/8192] done
  [800/8192] done
  [1000/8192] done
  [1200/8192] done
  [1400/8192] done
  [1600/8192] done
  [1800/8192] done
  [2000/8192] done
  [2200/8192] done
  [2400/8192] done
  [2600/8192] done
  [2800/8192] done
  [3000/8192] done
  [3200/8192] done
  [3400/8192] done
  [3600/8192] done
  [3800/8192] done
  [4000/8192] done
  [4200/8192] done
  [4400/8192] done
  [4600/8192] done
  [4800/8192] done
  [5000/8192] done
  [5200/8192] done
  [5400/8192] done
  [5600/8192] done
  [5800/8192] done
  [6000/8192] done
  [6200/8192] done
  [6400/8192] done
  [6600/8192] done
  [6800/8192] done
  [7000/8192] done
  [7200/8192] done
  [7400/8192] done
  [7600/8192] done
  [7800/8192] done
  [8000/8192] done
  [8192/8192] done
Wrote /sdf/home/m/miaed/tmo_exp/tmo101347625/scratch/miaed_mnis_data/mrco_h5_svd/2d_svd_r28_train/even-dist_Files.016_processed_svd2d_r28.h5
Processing 8192 groups: /sdf/home/m/miaed/tmo_exp/tmo101347625/scratch/miaed_mnis_data/mrco_h5/train/even-dist_Files.009_processed.h5 -> /sdf/home/m/miaed/tmo_exp/tmo101347625/scratch/miaed_mnis_data/mrco_h5_svd/2d_svd_r28_train/even-dist_Files.009_processed_svd2d_r28.h5
  [200/8192] done
  [400/8192] done
  [600/8192] done
  [800/8192] done
  [1000/8192] done
  [1200/8192] done
  [1400/8192] done
  [1600/8192] done
  [1800/8192] done
  [2000/8192] done
  [2200/8192] done
  [2400/8192] done
  [2600/8192] done
  [2800/8192] done
  [3000/8192] done
  [3200/8192] done
  [3400/8192] done
  [3600/8192] done
  [3800/8192] done
  [4000/8192] done
  [4200/8192] done
  [4400/8192] done
  [4600/8192] done
  [4800/8192] done
  [5000/8192] done
  [5200/8192] done
  [5400/8192] done
  [5600/8192] done
  [5800/8192] done
  [6000/8192] done
  [6200/8192] done
  [6400/8192] done
  [6600/8192] done
  [6800/8192] done
  [7000/8192] done
  [7200/8192] done
  [7400/8192] done
  [7600/8192] done
  [7800/8192] done
  [8000/8192] done
  [8192/8192] done
Wrote /sdf/home/m/miaed/tmo_exp/tmo101347625/scratch/miaed_mnis_data/mrco_h5_svd/2d_svd_r28_train/even-dist_Files.009_processed_svd2d_r28.h5
Processing 8192 groups: /sdf/home/m/miaed/tmo_exp/tmo101347625/scratch/miaed_mnis_data/mrco_h5/train/even-dist_Files.018_processed.h5 -> /sdf/home/m/miaed/tmo_exp/tmo101347625/scratch/miaed_mnis_data/mrco_h5_svd/2d_svd_r28_train/even-dist_Files.018_processed_svd2d_r28.h5
  [200/8192] done
  [400/8192] done
  [600/8192] done
  [800/8192] done
  [1000/8192] done
  [1200/8192] done
  [1400/8192] done
  [1600/8192] done
  [1800/8192] done
  [2000/8192] done
  [2200/8192] done
  [2400/8192] done
  [2600/8192] done
  [2800/8192] done
  [3000/8192] done
  [3200/8192] done
  [3400/8192] done
  [3600/8192] done
  [3800/8192] done
  [4000/8192] done
  [4200/8192] done
  [4400/8192] done
  [4600/8192] done
  [4800/8192] done
  [5000/8192] done
  [5200/8192] done
  [5400/8192] done
  [5600/8192] done
  [5800/8192] done
  [6000/8192] done
  [6200/8192] done
  [6400/8192] done
  [6600/8192] done
  [6800/8192] done
  [7000/8192] done
  [7200/8192] done
  [7400/8192] done
  [7600/8192] done
  [7800/8192] done
  [8000/8192] done
  [8192/8192] done
Wrote /sdf/home/m/miaed/tmo_exp/tmo101347625/scratch/miaed_mnis_data/mrco_h5_svd/2d_svd_r28_train/even-dist_Files.018_processed_svd2d_r28.h5
Processing 8192 groups: /sdf/home/m/miaed/tmo_exp/tmo101347625/scratch/miaed_mnis_data/mrco_h5/train/even-dist_Files.020_processed.h5 -> /sdf/home/m/miaed/tmo_exp/tmo101347625/scratch/miaed_mnis_data/mrco_h5_svd/2d_svd_r28_train/even-dist_Files.020_processed_svd2d_r28.h5
  [200/8192] done
  [400/8192] done
  [600/8192] done
  [800/8192] done
  [1000/8192] done
  [1200/8192] done
  [1400/8192] done
  [1600/8192] done
  [1800/8192] done
  [2000/8192] done
  [2200/8192] done
  [2400/8192] done
  [2600/8192] done
  [2800/8192] done
  [3000/8192] done
  [3200/8192] done
  [3400/8192] done
  [3600/8192] done
  [3800/8192] done
  [4000/8192] done
  [4200/8192] done
  [4400/8192] done
  [4600/8192] done
  [4800/8192] done
  [5000/8192] done
  [5200/8192] done
  [5400/8192] done
  [5600/8192] done
  [5800/8192] done
  [6000/8192] done
  [6200/8192] done
  [6400/8192] done
  [6600/8192] done
  [6800/8192] done
  [7000/8192] done
  [7200/8192] done
  [7400/8192] done
  [7600/8192] done
  [7800/8192] done
  [8000/8192] done
  [8192/8192] done
Wrote /sdf/home/m/miaed/tmo_exp/tmo101347625/scratch/miaed_mnis_data/mrco_h5_svd/2d_svd_r28_train/even-dist_Files.020_processed_svd2d_r28.h5
Processing 8192 groups: /sdf/home/m/miaed/tmo_exp/tmo101347625/scratch/miaed_mnis_data/mrco_h5/train/even-dist_Files.019_processed.h5 -> /sdf/home/m/miaed/tmo_exp/tmo101347625/scratch/miaed_mnis_data/mrco_h5_svd/2d_svd_r28_train/even-dist_Files.019_processed_svd2d_r28.h5
  [200/8192] done
  [400/8192] done
  [600/8192] done
  [800/8192] done
  [1000/8192] done
  [1200/8192] done
  [1400/8192] done
  [1600/8192] done
  [1800/8192] done
  [2000/8192] done
  [2200/8192] done
  [2400/8192] done
  [2600/8192] done
  [2800/8192] done
  [3000/8192] done
  [3200/8192] done
  [3400/8192] done
  [3600/8192] done
  [3800/8192] done
  [4000/8192] done
  [4200/8192] done
  [4400/8192] done
  [4600/8192] done
  [4800/8192] done
  [5000/8192] done
  [5200/8192] done
  [5400/8192] done
  [5600/8192] done
  [5800/8192] done
  [6000/8192] done
  [6200/8192] done
  [6400/8192] done
  [6600/8192] done
  [6800/8192] done
  [7000/8192] done
  [7200/8192] done
  [7400/8192] done
  [7600/8192] done
  [7800/8192] done
  [8000/8192] done
  [8192/8192] done
Wrote /sdf/home/m/miaed/tmo_exp/tmo101347625/scratch/miaed_mnis_data/mrco_h5_svd/2d_svd_r28_train/even-dist_Files.019_processed_svd2d_r28.h5
Processing 8192 groups: /sdf/home/m/miaed/tmo_exp/tmo101347625/scratch/miaed_mnis_data/mrco_h5/train/even-dist_Files.021_processed.h5 -> /sdf/home/m/miaed/tmo_exp/tmo101347625/scratch/miaed_mnis_data/mrco_h5_svd/2d_svd_r28_train/even-dist_Files.021_processed_svd2d_r28.h5
  [200/8192] done
  [400/8192] done
  [600/8192] done
  [800/8192] done
  [1000/8192] done
  [1200/8192] done
  [1400/8192] done
  [1600/8192] done
  [1800/8192] done
  [2000/8192] done
  [2200/8192] done
  [2400/8192] done
  [2600/8192] done
  [2800/8192] done
  [3000/8192] done
  [3200/8192] done
  [3400/8192] done
  [3600/8192] done
  [3800/8192] done
  [4000/8192] done
  [4200/8192] done
  [4400/8192] done
  [4600/8192] done
  [4800/8192] done
  [5000/8192] done
  [5200/8192] done
  [5400/8192] done
  [5600/8192] done
  [5800/8192] done
  [6000/8192] done
  [6200/8192] done
  [6400/8192] done
  [6600/8192] done
  [6800/8192] done
  [7000/8192] done
  [7200/8192] done
  [7400/8192] done
  [7600/8192] done
  [7800/8192] done
  [8000/8192] done
  [8192/8192] done
Wrote /sdf/home/m/miaed/tmo_exp/tmo101347625/scratch/miaed_mnis_data/mrco_h5_svd/2d_svd_r28_train/even-dist_Files.021_processed_svd2d_r28.h5
Processing 8192 groups: /sdf/home/m/miaed/tmo_exp/tmo101347625/scratch/miaed_mnis_data/mrco_h5/train/even-dist_Files.022_processed.h5 -> /sdf/home/m/miaed/tmo_exp/tmo101347625/scratch/miaed_mnis_data/mrco_h5_svd/2d_svd_r28_train/even-dist_Files.022_processed_svd2d_r28.h5
  [200/8192] done
  [400/8192] done
  [600/8192] done
  [800/8192] done
  [1000/8192] done
  [1200/8192] done
  [1400/8192] done
  [1600/8192] done
  [1800/8192] done
  [2000/8192] done
  [2200/8192] done
  [2400/8192] done
  [2600/8192] done
  [2800/8192] done
  [3000/8192] done
  [3200/8192] done
  [3400/8192] done
  [3600/8192] done
  [3800/8192] done
  [4000/8192] done
  [4200/8192] done
  [4400/8192] done
  [4600/8192] done
  [4800/8192] done
  [5000/8192] done
  [5200/8192] done
  [5400/8192] done
  [5600/8192] done
  [5800/8192] done
  [6000/8192] done
  [6200/8192] done
  [6400/8192] done
  [6600/8192] done
  [6800/8192] done
  [7000/8192] done
  [7200/8192] done
  [7400/8192] done
  [7600/8192] done
  [7800/8192] done
  [8000/8192] done
  [8192/8192] done
Wrote /sdf/home/m/miaed/tmo_exp/tmo101347625/scratch/miaed_mnis_data/mrco_h5_svd/2d_svd_r28_train/even-dist_Files.022_processed_svd2d_r28.h5
Processing 8192 groups: /sdf/home/m/miaed/tmo_exp/tmo101347625/scratch/miaed_mnis_data/mrco_h5/train/even-dist_Files.024_processed.h5 -> /sdf/home/m/miaed/tmo_exp/tmo101347625/scratch/miaed_mnis_data/mrco_h5_svd/2d_svd_r28_train/even-dist_Files.024_processed_svd2d_r28.h5
  [200/8192] done
  [400/8192] done
  [600/8192] done
  [800/8192] done
  [1000/8192] done
  [1200/8192] done
  [1400/8192] done
  [1600/8192] done
  [1800/8192] done
  [2000/8192] done
  [2200/8192] done
  [2400/8192] done
  [2600/8192] done
  [2800/8192] done
  [3000/8192] done
  [3200/8192] done
  [3400/8192] done
  [3600/8192] done
  [3800/8192] done
  [4000/8192] done
  [4200/8192] done
  [4400/8192] done
  [4600/8192] done
  [4800/8192] done
  [5000/8192] done
  [5200/8192] done
  [5400/8192] done
  [5600/8192] done
  [5800/8192] done
  [6000/8192] done
  [6200/8192] done
  [6400/8192] done
  [6600/8192] done
  [6800/8192] done
  [7000/8192] done
  [7200/8192] done
  [7400/8192] done
  [7600/8192] done
  [7800/8192] done
  [8000/8192] done
  [8192/8192] done
Wrote /sdf/home/m/miaed/tmo_exp/tmo101347625/scratch/miaed_mnis_data/mrco_h5_svd/2d_svd_r28_train/even-dist_Files.024_processed_svd2d_r28.h5
Processing 8192 groups: /sdf/home/m/miaed/tmo_exp/tmo101347625/scratch/miaed_mnis_data/mrco_h5/train/even-dist_Files.023_processed.h5 -> /sdf/home/m/miaed/tmo_exp/tmo101347625/scratch/miaed_mnis_data/mrco_h5_svd/2d_svd_r28_train/even-dist_Files.023_processed_svd2d_r28.h5
  [200/8192] done
  [400/8192] done
  [600/8192] done
  [800/8192] done
  [1000/8192] done
  [1200/8192] done
  [1400/8192] done
  [1600/8192] done
  [1800/8192] done
  [2000/8192] done
  [2200/8192] done
  [2400/8192] done
  [2600/8192] done
  [2800/8192] done
  [3000/8192] done
  [3200/8192] done
  [3400/8192] done
  [3600/8192] done
  [3800/8192] done
  [4000/8192] done
  [4200/8192] done
  [4400/8192] done
  [4600/8192] done
  [4800/8192] done
  [5000/8192] done
  [5200/8192] done
  [5400/8192] done
  [5600/8192] done
  [5800/8192] done
  [6000/8192] done
  [6200/8192] done
  [6400/8192] done
  [6600/8192] done
  [6800/8192] done
  [7000/8192] done
  [7200/8192] done
  [7400/8192] done
  [7600/8192] done
  [7800/8192] done
  [8000/8192] done
  [8192/8192] done
Wrote /sdf/home/m/miaed/tmo_exp/tmo101347625/scratch/miaed_mnis_data/mrco_h5_svd/2d_svd_r28_train/even-dist_Files.023_processed_svd2d_r28.h5
Processing 8192 groups: /sdf/home/m/miaed/tmo_exp/tmo101347625/scratch/miaed_mnis_data/mrco_h5/train/even-dist_Files.025_processed.h5 -> /sdf/home/m/miaed/tmo_exp/tmo101347625/scratch/miaed_mnis_data/mrco_h5_svd/2d_svd_r28_train/even-dist_Files.025_processed_svd2d_r28.h5
  [200/8192] done
  [400/8192] done
  [600/8192] done
  [800/8192] done
  [1000/8192] done
  [1200/8192] done
  [1400/8192] done
  [1600/8192] done
  [1800/8192] done
  [2000/8192] done
  [2200/8192] done
  [2400/8192] done
  [2600/8192] done
  [2800/8192] done
  [3000/8192] done
  [3200/8192] done
  [3400/8192] done
  [3600/8192] done
  [3800/8192] done
  [4000/8192] done
  [4200/8192] done
  [4400/8192] done
  [4600/8192] done
  [4800/8192] done
  [5000/8192] done
  [5200/8192] done
  [5400/8192] done
  [5600/8192] done
  [5800/8192] done
  [6000/8192] done
  [6200/8192] done
  [6400/8192] done
  [6600/8192] done
  [6800/8192] done
  [7000/8192] done
  [7200/8192] done
  [7400/8192] done
  [7600/8192] done
  [7800/8192] done
  [8000/8192] done
  [8192/8192] done
Wrote /sdf/home/m/miaed/tmo_exp/tmo101347625/scratch/miaed_mnis_data/mrco_h5_svd/2d_svd_r28_train/even-dist_Files.025_processed_svd2d_r28.h5
Processing 8192 groups: /sdf/home/m/miaed/tmo_exp/tmo101347625/scratch/miaed_mnis_data/mrco_h5/train/even-dist_Files.026_processed.h5 -> /sdf/home/m/miaed/tmo_exp/tmo101347625/scratch/miaed_mnis_data/mrco_h5_svd/2d_svd_r28_train/even-dist_Files.026_processed_svd2d_r28.h5
  [200/8192] done
  [400/8192] done
  [600/8192] done
  [800/8192] done
  [1000/8192] done
  [1200/8192] done
  [1400/8192] done
  [1600/8192] done
  [1800/8192] done
  [2000/8192] done
  [2200/8192] done
  [2400/8192] done
  [2600/8192] done
  [2800/8192] done
  [3000/8192] done
  [3200/8192] done
  [3400/8192] done
  [3600/8192] done
  [3800/8192] done
  [4000/8192] done
  [4200/8192] done
  [4400/8192] done
  [4600/8192] done
  [4800/8192] done
  [5000/8192] done
  [5200/8192] done
  [5400/8192] done
  [5600/8192] done
  [5800/8192] done
  [6000/8192] done
  [6200/8192] done
  [6400/8192] done
  [6600/8192] done
  [6800/8192] done
  [7000/8192] done
  [7200/8192] done
  [7400/8192] done
  [7600/8192] done
  [7800/8192] done
  [8000/8192] done
  [8192/8192] done
Wrote /sdf/home/m/miaed/tmo_exp/tmo101347625/scratch/miaed_mnis_data/mrco_h5_svd/2d_svd_r28_train/even-dist_Files.026_processed_svd2d_r28.h5
Processing 8192 groups: /sdf/home/m/miaed/tmo_exp/tmo101347625/scratch/miaed_mnis_data/mrco_h5/train/even-dist_Files.029_processed.h5 -> /sdf/home/m/miaed/tmo_exp/tmo101347625/scratch/miaed_mnis_data/mrco_h5_svd/2d_svd_r28_train/even-dist_Files.029_processed_svd2d_r28.h5
  [200/8192] done
  [400/8192] done
  [600/8192] done
  [800/8192] done
  [1000/8192] done
  [1200/8192] done
  [1400/8192] done
  [1600/8192] done
  [1800/8192] done
  [2000/8192] done
  [2200/8192] done
  [2400/8192] done
  [2600/8192] done
  [2800/8192] done
  [3000/8192] done
  [3200/8192] done
  [3400/8192] done
  [3600/8192] done
  [3800/8192] done
  [4000/8192] done
  [4200/8192] done
  [4400/8192] done
  [4600/8192] done
  [4800/8192] done
  [5000/8192] done
  [5200/8192] done
  [5400/8192] done
  [5600/8192] done
  [5800/8192] done
  [6000/8192] done
  [6200/8192] done
  [6400/8192] done
  [6600/8192] done
  [6800/8192] done
  [7000/8192] done
  [7200/8192] done
  [7400/8192] done
  [7600/8192] done
  [7800/8192] done
  [8000/8192] done
  [8192/8192] done
Wrote /sdf/home/m/miaed/tmo_exp/tmo101347625/scratch/miaed_mnis_data/mrco_h5_svd/2d_svd_r28_train/even-dist_Files.029_processed_svd2d_r28.h5
Processing 8192 groups: /sdf/home/m/miaed/tmo_exp/tmo101347625/scratch/miaed_mnis_data/mrco_h5/train/even-dist_Files.027_processed.h5 -> /sdf/home/m/miaed/tmo_exp/tmo101347625/scratch/miaed_mnis_data/mrco_h5_svd/2d_svd_r28_train/even-dist_Files.027_processed_svd2d_r28.h5
  [200/8192] done
  [400/8192] done
  [600/8192] done
  [800/8192] done
  [1000/8192] done
  [1200/8192] done
  [1400/8192] done
  [1600/8192] done
  [1800/8192] done
  [2000/8192] done
  [2200/8192] done
  [2400/8192] done
  [2600/8192] done
  [2800/8192] done
  [3000/8192] done
  [3200/8192] done
  [3400/8192] done
  [3600/8192] done
  [3800/8192] done
  [4000/8192] done
  [4200/8192] done
  [4400/8192] done
  [4600/8192] done
  [4800/8192] done
  [5000/8192] done
  [5200/8192] done
  [5400/8192] done
  [5600/8192] done
  [5800/8192] done
  [6000/8192] done
  [6200/8192] done
  [6400/8192] done
  [6600/8192] done
  [6800/8192] done
  [7000/8192] done
  [7200/8192] done
  [7400/8192] done
  [7600/8192] done
  [7800/8192] done
  [8000/8192] done
  [8192/8192] done
Wrote /sdf/home/m/miaed/tmo_exp/tmo101347625/scratch/miaed_mnis_data/mrco_h5_svd/2d_svd_r28_train/even-dist_Files.027_processed_svd2d_r28.h5
Processing 8192 groups: /sdf/home/m/miaed/tmo_exp/tmo101347625/scratch/miaed_mnis_data/mrco_h5/train/even-dist_Files.028_processed.h5 -> /sdf/home/m/miaed/tmo_exp/tmo101347625/scratch/miaed_mnis_data/mrco_h5_svd/2d_svd_r28_train/even-dist_Files.028_processed_svd2d_r28.h5
  [200/8192] done
  [400/8192] done
  [600/8192] done
  [800/8192] done
  [1000/8192] done
  [1200/8192] done
  [1400/8192] done
  [1600/8192] done
  [1800/8192] done
  [2000/8192] done
  [2200/8192] done
  [2400/8192] done
  [2600/8192] done
  [2800/8192] done
  [3000/8192] done
  [3200/8192] done
  [3400/8192] done
  [3600/8192] done
  [3800/8192] done
  [4000/8192] done
  [4200/8192] done
  [4400/8192] done
  [4600/8192] done
  [4800/8192] done
  [5000/8192] done
  [5200/8192] done
  [5400/8192] done
  [5600/8192] done
  [5800/8192] done
  [6000/8192] done
  [6200/8192] done
  [6400/8192] done
  [6600/8192] done
  [6800/8192] done
  [7000/8192] done
  [7200/8192] done
  [7400/8192] done
  [7600/8192] done
  [7800/8192] done
  [8000/8192] done
  [8192/8192] done
Wrote /sdf/home/m/miaed/tmo_exp/tmo101347625/scratch/miaed_mnis_data/mrco_h5_svd/2d_svd_r28_train/even-dist_Files.028_processed_svd2d_r28.h5
Processing 8192 groups: /sdf/home/m/miaed/tmo_exp/tmo101347625/scratch/miaed_mnis_data/mrco_h5/train/even-dist_Files.030_processed.h5 -> /sdf/home/m/miaed/tmo_exp/tmo101347625/scratch/miaed_mnis_data/mrco_h5_svd/2d_svd_r28_train/even-dist_Files.030_processed_svd2d_r28.h5
  [200/8192] done
  [400/8192] done
  [600/8192] done
  [800/8192] done
  [1000/8192] done
  [1200/8192] done
  [1400/8192] done
  [1600/8192] done
  [1800/8192] done
  [2000/8192] done
  [2200/8192] done
  [2400/8192] done
  [2600/8192] done
  [2800/8192] done
  [3000/8192] done
  [3200/8192] done
  [3400/8192] done
  [3600/8192] done
  [3800/8192] done
  [4000/8192] done
  [4200/8192] done
  [4400/8192] done
  [4600/8192] done
  [4800/8192] done
  [5000/8192] done
  [5200/8192] done
  [5400/8192] done
  [5600/8192] done
  [5800/8192] done
  [6000/8192] done
  [6200/8192] done
  [6400/8192] done
  [6600/8192] done
  [6800/8192] done
  [7000/8192] done
  [7200/8192] done
  [7400/8192] done
  [7600/8192] done
  [7800/8192] done
  [8000/8192] done
  [8192/8192] done
Wrote /sdf/home/m/miaed/tmo_exp/tmo101347625/scratch/miaed_mnis_data/mrco_h5_svd/2d_svd_r28_train/even-dist_Files.030_processed_svd2d_r28.h5
Processing 8192 groups: /sdf/home/m/miaed/tmo_exp/tmo101347625/scratch/miaed_mnis_data/mrco_h5/train/even-dist_Files.031_processed.h5 -> /sdf/home/m/miaed/tmo_exp/tmo101347625/scratch/miaed_mnis_data/mrco_h5_svd/2d_svd_r28_train/even-dist_Files.031_processed_svd2d_r28.h5
  [200/8192] done
  [400/8192] done
  [600/8192] done
  [800/8192] done
  [1000/8192] done
  [1200/8192] done
  [1400/8192] done
  [1600/8192] done
  [1800/8192] done
  [2000/8192] done
  [2200/8192] done
  [2400/8192] done
  [2600/8192] done
  [2800/8192] done
  [3000/8192] done
  [3200/8192] done
  [3400/8192] done
  [3600/8192] done
  [3800/8192] done
  [4000/8192] done
  [4200/8192] done
  [4400/8192] done
  [4600/8192] done
  [4800/8192] done
  [5000/8192] done
  [5200/8192] done
  [5400/8192] done
  [5600/8192] done
  [5800/8192] done
  [6000/8192] done
  [6200/8192] done
  [6400/8192] done
  [6600/8192] done
  [6800/8192] done
  [7000/8192] done
  [7200/8192] done
  [7400/8192] done
  [7600/8192] done
  [7800/8192] done
  [8000/8192] done
  [8192/8192] done
Wrote /sdf/home/m/miaed/tmo_exp/tmo101347625/scratch/miaed_mnis_data/mrco_h5_svd/2d_svd_r28_train/even-dist_Files.031_processed_svd2d_r28.h5
Processing 8192 groups: /sdf/home/m/miaed/tmo_exp/tmo101347625/scratch/miaed_mnis_data/mrco_h5/train/even-dist_Files.033_processed.h5 -> /sdf/home/m/miaed/tmo_exp/tmo101347625/scratch/miaed_mnis_data/mrco_h5_svd/2d_svd_r28_train/even-dist_Files.033_processed_svd2d_r28.h5
  [200/8192] done
  [400/8192] done
  [600/8192] done
  [800/8192] done
  [1000/8192] done
  [1200/8192] done
  [1400/8192] done
  [1600/8192] done
  [1800/8192] done
  [2000/8192] done
  [2200/8192] done
  [2400/8192] done
  [2600/8192] done
  [2800/8192] done
  [3000/8192] done
  [3200/8192] done
  [3400/8192] done
  [3600/8192] done
  [3800/8192] done
  [4000/8192] done
  [4200/8192] done
  [4400/8192] done
  [4600/8192] done
  [4800/8192] done
  [5000/8192] done
  [5200/8192] done
  [5400/8192] done
  [5600/8192] done
  [5800/8192] done
  [6000/8192] done
  [6200/8192] done
  [6400/8192] done
  [6600/8192] done
  [6800/8192] done
  [7000/8192] done
  [7200/8192] done
  [7400/8192] done
  [7600/8192] done
  [7800/8192] done
  [8000/8192] done
  [8192/8192] done
Wrote /sdf/home/m/miaed/tmo_exp/tmo101347625/scratch/miaed_mnis_data/mrco_h5_svd/2d_svd_r28_train/even-dist_Files.033_processed_svd2d_r28.h5
Processing 8192 groups: /sdf/home/m/miaed/tmo_exp/tmo101347625/scratch/miaed_mnis_data/mrco_h5/train/even-dist_Files.032_processed.h5 -> /sdf/home/m/miaed/tmo_exp/tmo101347625/scratch/miaed_mnis_data/mrco_h5_svd/2d_svd_r28_train/even-dist_Files.032_processed_svd2d_r28.h5
  [200/8192] done
  [400/8192] done
  [600/8192] done
  [800/8192] done
  [1000/8192] done
  [1200/8192] done
  [1400/8192] done
  [1600/8192] done
  [1800/8192] done
  [2000/8192] done
  [2200/8192] done
  [2400/8192] done
  [2600/8192] done
  [2800/8192] done
  [3000/8192] done
  [3200/8192] done
  [3400/8192] done
  [3600/8192] done
  [3800/8192] done
  [4000/8192] done
  [4200/8192] done
  [4400/8192] done
  [4600/8192] done
  [4800/8192] done
  [5000/8192] done
  [5200/8192] done
  [5400/8192] done
  [5600/8192] done
  [5800/8192] done
  [6000/8192] done
  [6200/8192] done
  [6400/8192] done
  [6600/8192] done
  [6800/8192] done
  [7000/8192] done
  [7200/8192] done
  [7400/8192] done
  [7600/8192] done
  [7800/8192] done
  [8000/8192] done
  [8192/8192] done
Wrote /sdf/home/m/miaed/tmo_exp/tmo101347625/scratch/miaed_mnis_data/mrco_h5_svd/2d_svd_r28_train/even-dist_Files.032_processed_svd2d_r28.h5
Processing 8192 groups: /sdf/home/m/miaed/tmo_exp/tmo101347625/scratch/miaed_mnis_data/mrco_h5/train/even-dist_Files.034_processed.h5 -> /sdf/home/m/miaed/tmo_exp/tmo101347625/scratch/miaed_mnis_data/mrco_h5_svd/2d_svd_r28_train/even-dist_Files.034_processed_svd2d_r28.h5
  [200/8192] done
  [400/8192] done
  [600/8192] done
  [800/8192] done
  [1000/8192] done
  [1200/8192] done
  [1400/8192] done
  [1600/8192] done
  [1800/8192] done
  [2000/8192] done
  [2200/8192] done
  [2400/8192] done
  [2600/8192] done
  [2800/8192] done
  [3000/8192] done
  [3200/8192] done
  [3400/8192] done
  [3600/8192] done
  [3800/8192] done
  [4000/8192] done
  [4200/8192] done
  [4400/8192] done
  [4600/8192] done
  [4800/8192] done
  [5000/8192] done
  [5200/8192] done
  [5400/8192] done
  [5600/8192] done
  [5800/8192] done
  [6000/8192] done
  [6200/8192] done
  [6400/8192] done
  [6600/8192] done
  [6800/8192] done
  [7000/8192] done
  [7200/8192] done
  [7400/8192] done
  [7600/8192] done
  [7800/8192] done
  [8000/8192] done
  [8192/8192] done
Wrote /sdf/home/m/miaed/tmo_exp/tmo101347625/scratch/miaed_mnis_data/mrco_h5_svd/2d_svd_r28_train/even-dist_Files.034_processed_svd2d_r28.h5
Processing 8192 groups: /sdf/home/m/miaed/tmo_exp/tmo101347625/scratch/miaed_mnis_data/mrco_h5/train/even-dist_Files.035_processed.h5 -> /sdf/home/m/miaed/tmo_exp/tmo101347625/scratch/miaed_mnis_data/mrco_h5_svd/2d_svd_r28_train/even-dist_Files.035_processed_svd2d_r28.h5
  [200/8192] done
  [400/8192] done
  [600/8192] done
  [800/8192] done
  [1000/8192] done
  [1200/8192] done
  [1400/8192] done
  [1600/8192] done
  [1800/8192] done
  [2000/8192] done
  [2200/8192] done
  [2400/8192] done
  [2600/8192] done
  [2800/8192] done
  [3000/8192] done
  [3200/8192] done
  [3400/8192] done
  [3600/8192] done
  [3800/8192] done
  [4000/8192] done
  [4200/8192] done
  [4400/8192] done
  [4600/8192] done
  [4800/8192] done
  [5000/8192] done
  [5200/8192] done
  [5400/8192] done
  [5600/8192] done
  [5800/8192] done
  [6000/8192] done
  [6200/8192] done
  [6400/8192] done
  [6600/8192] done
  [6800/8192] done
  [7000/8192] done
  [7200/8192] done
  [7400/8192] done
  [7600/8192] done
  [7800/8192] done
  [8000/8192] done
  [8192/8192] done
Wrote /sdf/home/m/miaed/tmo_exp/tmo101347625/scratch/miaed_mnis_data/mrco_h5_svd/2d_svd_r28_train/even-dist_Files.035_processed_svd2d_r28.h5
Processing 8192 groups: /sdf/home/m/miaed/tmo_exp/tmo101347625/scratch/miaed_mnis_data/mrco_h5/train/Even_Distribution_Pulses_Processed_train_even-dist_Files.000_processed.h5 -> /sdf/home/m/miaed/tmo_exp/tmo101347625/scratch/miaed_mnis_data/mrco_h5_svd/2d_svd_r28_train/Even_Distribution_Pulses_Processed_train_even-dist_Files.000_processed_svd2d_r28.h5
  [200/8192] done
  [400/8192] done
  [600/8192] done
  [800/8192] done
  [1000/8192] done
  [1200/8192] done
  [1400/8192] done
  [1600/8192] done
  [1800/8192] done
  [2000/8192] done
  [2200/8192] done
  [2400/8192] done
  [2600/8192] done
  [2800/8192] done
  [3000/8192] done
  [3200/8192] done
  [3400/8192] done
  [3600/8192] done
  [3800/8192] done
  [4000/8192] done
  [4200/8192] done
  [4400/8192] done
  [4600/8192] done
  [4800/8192] done
  [5000/8192] done
  [5200/8192] done
  [5400/8192] done
  [5600/8192] done
  [5800/8192] done
  [6000/8192] done
  [6200/8192] done
  [6400/8192] done
  [6600/8192] done
  [6800/8192] done
  [7000/8192] done
  [7200/8192] done
  [7400/8192] done
  [7600/8192] done
  [7800/8192] done
  [8000/8192] done
  [8192/8192] done
Wrote /sdf/home/m/miaed/tmo_exp/tmo101347625/scratch/miaed_mnis_data/mrco_h5_svd/2d_svd_r28_train/Even_Distribution_Pulses_Processed_train_even-dist_Files.000_processed_svd2d_r28.h5
Done.
